Time,infections_by_new_infectives
0,0
0.25,20.753
0.5,34.2349
0.75,104.345
1,52.2072
1.25,114.058
1.5,29.8168
1.75,7.12911
2,35.6075
2.25,44.9435
2.5,1.44825
2.75,13.1638
3,23.9314
3.25,7.77248
3.5,41.9468
3.75,10.6198
4,25.134
4.25,9.46087
4.5,0.428371
4.75,21.8873
5,12.7235
5.25,14.7859
5.5,13.2977
5.75,15.6435
6,35.4618
6.25,12.6679
6.5,7.15222
6.75,7.78692
7,22.0094
7.25,36.8162
7.5,12.7084
7.75,28.1218
8,1.65032
8.25,1.14708
8.5,38.4808
8.75,0.363304
9,18.699
9.25,9.50509
9.5,56.3946
9.75,25.9804
10,0.4273
10.25,9.62548
10.5,13.4877
10.75,39.1487
11,20.5032
11.25,17.3548
11.5,3.89839
11.75,16.7903
12,16.9686
12.25,25.7658
12.5,13.116
12.75,44.1109
13,5.99563
13.25,22.1462
13.5,8.38691
13.75,46.4827
14,34.9866
14.25,17.3296
14.5,26.5124
14.75,44.2252
15,31.2657
15.25,37.7521
15.5,18.4245
15.75,0
16,46.0053
16.25,57.467
16.5,17.7599
16.75,115.061
17,21.8145
17.25,57.3253
17.5,19.6584
17.75,6.71474
18,25.8122
18.25,30.1416
18.5,21.386
18.75,44.6578
19,60.9025
19.25,20.3776
19.5,46.0189
19.75,44.8803
20,55.8302
20.25,11.5922
20.5,53.1461
20.75,25.6741
21,74.0427
21.25,4.07446
21.5,13.2966
21.75,38.1205
22,54.386
22.25,14.9167
22.5,99.3909
22.75,43.3349
23,43.6981
23.25,32.8758
23.5,10.1334
23.75,43.5755
24,55.5624
24.25,7.1191
24.5,78.9129
24.75,52.3219
25,48.4588
25.25,35.4921
25.5,18.1342
25.75,92.6195
26,96.9512
26.25,60.564
26.5,60.9251
26.75,164.566
27,8.08085
27.25,65.6954
27.5,53.0991
27.75,14.446
28,75.3914
28.25,83.2011
28.5,37.055
28.75,97.1536
29,48.6276
29.25,31.7338
29.5,22.0813
29.75,68.8329
30,48.891
30.25,42.2042
30.5,55.2033
30.75,13.84
31,74.2293
31.25,126.751
31.5,98.8853
31.75,119.493
32,93.1796
32.25,165.547
32.5,60.6155
32.75,60.6596
33,70.9631
33.25,44.3125
33.5,86.3829
33.75,43.485
34,40.8097
34.25,42.5811
34.5,110.575
34.75,58.6701
35,103.688
35.25,51.3802
35.5,114.399
35.75,53.985
36,88.2507
36.25,63.6122
36.5,123.235
36.75,161.121
37,26.2493
37.25,178.79
37.5,103.19
37.75,74.3448
38,103.427
38.25,121.395
38.5,72.4895
38.75,171.36
39,58.1143
39.25,91.0288
39.5,103.346
39.75,111.272
40,120.446
40.25,61.7813
40.5,52.1482
40.75,171.048
41,72.6159
41.25,154.642
41.5,79.579
41.75,101.287
42,65.1173
42.25,239.696
42.5,148.093
42.75,147.841
43,119.697
43.25,138.648
43.5,124.793
43.75,95.184
44,93.5267
44.25,119.359
44.5,74.9786
44.75,232.57
45,82.0474
45.25,38.162
45.5,129.786
45.75,156.753
46,54.6275
46.25,91.1207
46.5,113.291
46.75,106.203
47,56.0857
47.25,85.8374
47.5,130.91
47.75,121.501
48,172.339
48.25,96.709
48.5,172.713
48.75,131.966
49,172.404
49.25,154.034
49.5,133.041
49.75,126.475
50,151.34
50.25,201.104
50.5,145.651
50.75,116.176
51,73.6788
51.25,153.172
51.5,230.238
51.75,268.425
52,219.409
52.25,131.171
52.5,170.164
52.75,124.887
53,166.515
53.25,138.008
53.5,88.4847
53.75,203.038
54,186.128
54.25,191.021
54.5,176.311
54.75,230.168
55,178.994
55.25,287.536
55.5,191.133
55.75,293.144
56,316.966
56.25,205.182
56.5,204.682
56.75,253.646
57,256.018
57.25,275.628
57.5,296.571
57.75,297.8
58,402.787
58.25,220.913
58.5,190.837
58.75,432.939
59,241.809
59.25,252.98
59.5,354.341
59.75,228.367
60,303.771
60.25,301.748
60.5,262.837
60.75,402.158
61,157.703
61.25,358.181
61.5,343.301
61.75,251.42
62,296.205
62.25,397.531
62.5,358.668
62.75,369.989
63,390.011
63.25,375.278
63.5,332.659
63.75,311.065
64,431.581
64.25,426.586
64.5,431.116
64.75,332.942
65,368.486
65.25,337.196
65.5,330.271
65.75,301.422
66,313.209
66.25,221.613
66.5,310.047
66.75,340.315
67,326.182
67.25,284.226
67.5,369.905
67.75,282.726
68,295.945
68.25,354.118
68.5,355.452
68.75,379.581
69,314.547
69.25,269.769
69.5,246.809
69.75,231.926
70,234.517
70.25,272.004
70.5,241.123
70.75,248.468
71,247.413
71.25,263.981
71.5,262.684
71.75,290.437
72,190.821
72.25,332.916
72.5,220.385
72.75,219.076
73,227.478
73.25,243.073
73.5,189.119
73.75,239.747
74,185.226
74.25,142.673
74.5,271.889
74.75,161.915
75,162.582
75.25,154.214
75.5,129.523
75.75,114.673
76,170.824
76.25,172.358
76.5,177.334
76.75,141.781
77,195.05
77.25,147.82
77.5,155.085
77.75,146.46
78,136.499
78.25,161.503
78.5,106.71
78.75,135.916
79,151.665
79.25,89.8878
79.5,135.686
79.75,105.391
80,121.711
80.25,92.7664
80.5,133.234
80.75,87.8215
81,85.5367
81.25,77.0056
81.5,76.3742
81.75,112.18
82,84.5666
82.25,92.3283
82.5,68.3391
82.75,106.661
83,106.428
83.25,66.6425
83.5,106.995
83.75,59.9415
84,133.49
84.25,78.0744
84.5,116.185
84.75,101.598
85,94.6555
85.25,85.7877
85.5,76.5876
85.75,62.8286
86,53.2702
86.25,56.2732
86.5,38.4392
86.75,50.8698
87,51.8888
87.25,52.4211
87.5,70.5324
87.75,59.04
88,68.8575
88.25,90.2732
88.5,75.3729
88.75,91.9208
89,34.9484
89.25,49.2776
89.5,53.3406
89.75,65.4166
90,48.3989
90.25,52.2277
90.5,84.2229
90.75,69.2297
91,39.7491
91.25,33.0901
91.5,41.8884
91.75,66.4282
92,78.615
92.25,83.5195
92.5,34.0845
92.75,21.0333
93,39.0757
93.25,43.1843
93.5,29.2736
93.75,38.3139
94,81.6319
94.25,64.5342
94.5,29.715
94.75,32.7907
95,38.6914
95.25,71.3213
95.5,42.6588
95.75,42.0776
96,60.6964
96.25,41.6083
96.5,32.5167
96.75,30.7222
97,56.2591
97.25,73.3315
97.5,58.6917
97.75,57.9028
98,57.2128
98.25,41.5494
98.5,41.2343
98.75,23.1166
99,26.1498
99.25,54.9877
99.5,29.7806
99.75,17.1433
100,41.7911
100.25,51.7287
100.5,35.8007
100.75,40.3548
101,46.1156
101.25,27.4835
101.5,25.1175
101.75,33.7286
102,37.4034
102.25,57.1615
102.5,63.8122
102.75,61.1333
103,38.7977
103.25,23.5595
103.5,25.2997
103.75,25.6397
104,36.3299
104.25,28.8479
104.5,40.9631
104.75,33.5863
105,27.9203
105.25,36.2084
105.5,75.9225
105.75,48.5626
106,31.0174
106.25,58.7881
106.5,45.6873
106.75,105.552
107,28.3411
107.25,48.1503
107.5,34.2572
107.75,74.9447
108,44.4156
108.25,46.8115
108.5,45.8562
108.75,26.4218
109,21.1425
109.25,33.5923
109.5,13.3425
109.75,11.4663
110,27.2949
110.25,23.4361
110.5,17.9641
110.75,30.4165
111,56.2817
111.25,49.6515
111.5,15.4848
111.75,18.0587
112,53.3665
112.25,19.624
112.5,28.3358
112.75,18.1383
113,12.6666
113.25,23.1485
113.5,42.383
113.75,32.5931
114,62.5693
114.25,38.9037
114.5,35.4479
114.75,31.6194
115,42.5955
115.25,25.4154
115.5,32.6436
115.75,78.8323
116,42.1252
116.25,19.4897
116.5,45.4756
116.75,43.8211
117,23.6109
117.25,33.4133
117.5,38.1033
117.75,30.4808
118,27.5963
118.25,46.8584
118.5,19.4835
118.75,10.944
119,9.06593
119.25,14.7238
119.5,54.2618
119.75,11.328
120,26.6081
120.25,47.2014
120.5,43.0318
120.75,33.0377
121,32.7311
121.25,13.2398
121.5,19.2393
121.75,30.4743
122,30.3459
122.25,23.1266
122.5,45.0677
122.75,25.6286
123,31.2013
123.25,19.5343
123.5,7.44828
123.75,33.9409
124,43.3864
124.25,15.9293
124.5,24.803
124.75,17.4967
125,35.7069
125.25,17.1428
125.5,25.5923
125.75,3.23421
126,18.8551
126.25,10.4637
126.5,17.1889
126.75,21.1719
127,14.0013
127.25,28.8693
127.5,27.1566
127.75,4.84059
128,7.5401
128.25,12.8034
128.5,31.5483
128.75,18.2435
129,16.7429
129.25,22.2898
129.5,8.86704
129.75,33.096
130,5.2905
130.25,23.2887
130.5,18.6019
130.75,14.9395
131,13.2136
131.25,2.01689
131.5,27.5245
131.75,11.6597
132,5.35317
132.25,2.58992
132.5,15.1551
132.75,15.1792
133,21.6259
133.25,6.97546
133.5,8.83044
133.75,9.76352
134,12.5212
134.25,21.5543
134.5,7.21367
134.75,13.711
135,2.33633
135.25,10.3065
135.5,3.62859
135.75,3.9515
136,10.7172
136.25,3.25101
136.5,7.70443
136.75,1.38013
137,10.8404
137.25,1.49873
137.5,15.3804
137.75,5.70427
138,16.8841
138.25,6.92122
138.5,6.75996
138.75,11.5437
139,0.145802
139.25,5.83601
139.5,6.64163
139.75,17.1585
140,15.2676
140.25,5.03102
140.5,0.770735
140.75,6.09176
141,11.6628
141.25,5.3059
141.5,0.656887
141.75,4.10971
142,1.22321
142.25,5.88113
142.5,0
142.75,7.40789
143,5.07595
143.25,4.85736
143.5,3.38236
143.75,8.38594
144,10.0683
144.25,7.05742
144.5,1.33212
144.75,1.0075
145,7.32638
145.25,3.15571
145.5,8.42434
145.75,8.82013
146,0
146.25,0.495511
146.5,1.92151
146.75,0
147,6.30231
147.25,2.10737
147.5,4.15801
147.75,1.34408
148,0.175348
148.25,6.38282
148.5,10.0373
148.75,1.17492
149,5.30621
149.25,0
149.5,9.95197
149.75,3.13009
150,0.481671
150.25,2.23051
150.5,1.76899
150.75,1.0776
151,1.09214
151.25,0
151.5,0.180898
151.75,0
152,0.100134
152.25,0
152.5,1.21846
152.75,15.3807
153,11.9577
153.25,0.130008
153.5,2.08379
153.75,3.93261
154,0.536876
154.25,8.35073
154.5,0
154.75,0
155,0
155.25,0.521416
155.5,0.219301
155.75,0.321196
156,4.43581
156.25,0
156.5,0.0829293
156.75,0.743473
157,0.0609505
157.25,0
157.5,10.5847
157.75,2.34519
158,13.6774
158.25,3.02671
158.5,0
158.75,0
159,0.23479
159.25,0
159.5,6.80579
159.75,16.9231
160,3.23196
160.25,0
160.5,0
160.75,1.28968
161,0
161.25,0
161.5,0
161.75,0
162,0
162.25,0.255897
162.5,0.0619174
162.75,11.4958
163,5.02702
163.25,3.55536
163.5,0
163.75,0.738036
164,3.85205
164.25,0
164.5,1.29747
164.75,0
165,0
165.25,0
165.5,4.61426
165.75,0
166,0
166.25,4.26681
166.5,0
166.75,0.263145
167,0.129301
167.25,0
167.5,5.80355
167.75,8.63088
168,14.62
168.25,0
168.5,0
168.75,15.0079
169,0
169.25,0
169.5,0
169.75,6.17677
170,0
170.25,0
170.5,0
170.75,0
171,0
171.25,0
171.5,0
171.75,0
172,4.3855
172.25,2.9803
172.5,0
172.75,3.70356
173,0
173.25,3.25777
173.5,0
173.75,0
174,0
174.25,0
174.5,0
174.75,1.69682
175,1.47969
175.25,0
175.5,1.8811
175.75,1.81741
176,0
176.25,0
176.5,0.53461
176.75,0.349167
177,0
177.25,0
177.5,0
177.75,0
178,0
178.25,0.532773
178.5,0
178.75,0
179,0
179.25,0
179.5,0.159705
179.75,0
180,0
180.25,0
180.5,0
180.75,0
181,0
181.25,0.0144772
181.5,0
181.75,0
182,0
182.25,0
182.5,0
182.75,0
183,0
183.25,0
183.5,0
183.75,0
184,0
184.25,0
184.5,0
184.75,0
185,0
185.25,0
185.5,0
185.75,0
186,0
186.25,0
186.5,0
186.75,0
187,0
187.25,0
187.5,0
187.75,0
188,0
188.25,0
188.5,0
188.75,0
189,0
189.25,0
189.5,0
189.75,0
190,0
190.25,0
190.5,0
190.75,0
191,0
191.25,0
191.5,0.00579097
191.75,0
192,0
192.25,0
192.5,0
192.75,0
193,0
193.25,0
193.5,0
193.75,0
194,0
194.25,0
194.5,0
194.75,0
195,0
195.25,0
195.5,0
195.75,0
196,0
196.25,0
196.5,0
196.75,0
197,0
197.25,0
197.5,0
197.75,0
198,0
198.25,0
198.5,0
198.75,0
199,0
199.25,0
199.5,0
199.75,0
200,0
200.25,0
200.5,0
200.75,0
201,0
201.25,0
201.5,0
201.75,0
202,0
202.25,0
202.5,0
202.75,0
203,0
203.25,0
203.5,0
203.75,0
204,0
204.25,0
204.5,0
204.75,0
205,0
205.25,0
205.5,0
205.75,0
206,0
206.25,0
206.5,0
206.75,0
207,0
207.25,0
207.5,0
207.75,0
208,0
208.25,0
208.5,0
208.75,0
209,0
209.25,0
209.5,0
209.75,0
210,0
210.25,0
210.5,0
210.75,0
211,0
211.25,0
211.5,0
211.75,0
212,0
212.25,0
212.5,0
212.75,0
213,0
213.25,0
213.5,0
213.75,0
214,0
214.25,0
214.5,0
214.75,0
215,0
215.25,0
215.5,0
215.75,0
216,0
216.25,0
216.5,0
216.75,0
217,0
217.25,0
217.5,0
217.75,0
218,0
218.25,0
218.5,0
218.75,0
219,0
219.25,0
219.5,0
219.75,0
220,0
220.25,0
220.5,0
220.75,0
221,0
221.25,0
221.5,0
221.75,0
222,0
222.25,0
222.5,0
222.75,0
223,0
223.25,0
223.5,0
223.75,0
224,0
224.25,0
224.5,0
224.75,0
225,0
225.25,0
225.5,0
225.75,0
226,0
226.25,0
226.5,0
226.75,0
227,0
227.25,0
227.5,0
227.75,0
228,0
228.25,0
228.5,0
228.75,0
229,0
229.25,0
229.5,0
229.75,0
230,0
230.25,0
230.5,0
230.75,0
231,0
231.25,0
231.5,0
231.75,0
232,0
232.25,0
232.5,0
232.75,0
233,0
233.25,0
233.5,0
233.75,0
234,0
234.25,0
234.5,0
234.75,0
235,0
235.25,0
235.5,0
235.75,0
236,0
236.25,0
236.5,0
236.75,0
237,0
237.25,0
237.5,0
237.75,0
238,0
238.25,0
238.5,0
238.75,0
239,0
239.25,0
239.5,0
239.75,0
240,0
240.25,0
240.5,0
240.75,0
241,0
241.25,0
241.5,0
241.75,0
242,0
242.25,0
242.5,0
242.75,0
243,0
243.25,0
243.5,0
243.75,0
244,0
244.25,0
244.5,0
244.75,0
245,0
245.25,0
245.5,0
245.75,0
246,0
246.25,0
246.5,0
246.75,0
247,0
247.25,0
247.5,0
247.75,0
248,0
248.25,0
248.5,0
248.75,0
249,0
249.25,0
249.5,0
249.75,0
250,0
250.25,0
250.5,0
250.75,0
251,0
251.25,0
251.5,0
251.75,0
252,0
252.25,0
252.5,0
252.75,0
253,0
253.25,0
253.5,0
253.75,0
254,0
254.25,0
254.5,0
254.75,0
255,0
255.25,0
255.5,0
255.75,0
256,0
256.25,0
256.5,0
256.75,0
257,0
257.25,0
257.5,0
257.75,0
258,0
258.25,0
258.5,0
258.75,0
259,0
259.25,0
259.5,0
259.75,0
260,0
260.25,0
260.5,0
260.75,0
261,0
261.25,0
261.5,0
261.75,0
262,0
262.25,0
262.5,0
262.75,0
263,0
263.25,0
263.5,0
263.75,0
264,0
264.25,0
264.5,0
264.75,0
265,0
265.25,0
265.5,0
265.75,0
266,0
266.25,0
266.5,0
266.75,0
267,0
267.25,0
267.5,0
267.75,0
268,0
268.25,0
268.5,0
268.75,0
269,0
269.25,0
269.5,0
269.75,0
270,0
270.25,0
270.5,0
270.75,0
271,0
271.25,0
271.5,0
271.75,0
272,0
272.25,0
272.5,0
272.75,0
273,0
273.25,0
273.5,0
273.75,0
274,0
274.25,0
274.5,0
274.75,0
275,0
275.25,0
275.5,0
275.75,0
276,0
276.25,0
276.5,0
276.75,0
277,0
277.25,0
277.5,0
277.75,0
278,0
278.25,0
278.5,0
278.75,0
279,0
279.25,0
279.5,0
279.75,0
280,0
280.25,0
280.5,0
280.75,0
281,0
281.25,0
281.5,0
281.75,0
282,0
282.25,0
282.5,0
282.75,0
283,0
283.25,0
283.5,0
283.75,0
284,0
284.25,0
284.5,0
284.75,0
285,0
285.25,0
285.5,0
285.75,0
286,0
286.25,0
286.5,0
286.75,0
287,0
287.25,0
287.5,0
287.75,0
288,0
288.25,0
288.5,0
288.75,0
289,0
289.25,0
289.5,0
289.75,0
290,0
290.25,0
290.5,0
290.75,0
291,0
291.25,0
291.5,0
291.75,0
292,0
292.25,0
292.5,0
292.75,0
293,0
293.25,0
293.5,0
293.75,0
294,0
294.25,0
294.5,0
294.75,0
295,0
295.25,0
295.5,0
295.75,0
296,0
296.25,0
296.5,0
296.75,0
297,0
297.25,0
297.5,0
297.75,0
298,0
298.25,0
298.5,0
298.75,0
299,0
299.25,0
299.5,0
299.75,0
300,0
300.25,0
300.5,0
300.75,0
301,0
301.25,0
301.5,0
301.75,0
302,0
302.25,0
302.5,0
302.75,0
303,0
303.25,0
303.5,0
303.75,0
304,0
304.25,0
304.5,0
304.75,0
305,0
305.25,0
305.5,0
305.75,0
306,0
306.25,0
306.5,0
306.75,0
307,0
307.25,0
307.5,0
307.75,0
308,0
308.25,0
308.5,0
308.75,0
309,0
309.25,0
309.5,0
309.75,0
310,0
310.25,0
310.5,0
310.75,0
311,0
311.25,0
311.5,0
311.75,0
312,0
312.25,0
312.5,0
312.75,0
313,0
313.25,0
313.5,0
313.75,0
314,0
314.25,0
314.5,0
314.75,0
315,0
315.25,0
315.5,0
315.75,0
316,0
316.25,0
316.5,0
316.75,0
317,0
317.25,0
317.5,0
317.75,0
318,0
318.25,0
318.5,0
318.75,0
319,0
319.25,0
319.5,0
319.75,0
320,0
320.25,0
320.5,0
320.75,0
321,0
321.25,0
321.5,0
321.75,0
322,0
322.25,0
322.5,0
322.75,0
323,0
323.25,0
323.5,0
323.75,0
324,0
324.25,0
324.5,0
324.75,0
325,0
325.25,0
325.5,0
325.75,0
326,0
326.25,0
326.5,0
326.75,0
327,0
327.25,0
327.5,0
327.75,0
328,0
328.25,0
328.5,0
328.75,0
329,0
329.25,0
329.5,0
329.75,0
330,0
330.25,0
330.5,0
330.75,0
331,0
331.25,0
331.5,0
331.75,0
332,0
332.25,0
332.5,0
332.75,0
333,0
333.25,0
333.5,0
333.75,0
334,0
334.25,0
334.5,0
334.75,0
335,0
335.25,0
335.5,0
335.75,0
336,0
336.25,0
336.5,0
336.75,0
337,0
337.25,0
337.5,0
337.75,0
338,0
338.25,0
338.5,0
338.75,0
339,0
339.25,0
339.5,0
339.75,0
340,0
340.25,0
340.5,0
340.75,0
341,0
341.25,0
341.5,0
341.75,0
342,0
342.25,0
342.5,0
342.75,0
343,0
343.25,0
343.5,0
343.75,0
344,0
344.25,0
344.5,0
344.75,0
345,0
345.25,0
345.5,0
345.75,0
346,0
346.25,0
346.5,0
346.75,0
347,0
347.25,0
347.5,0
347.75,0
348,0
348.25,0
348.5,0
348.75,0
349,0
349.25,0
349.5,0
349.75,0
350,0
350.25,0
350.5,0
350.75,0
351,0
351.25,0
351.5,0
351.75,0
352,0
352.25,0
352.5,0
352.75,0
353,0
353.25,0
353.5,0
353.75,0
354,0
354.25,0
354.5,0
354.75,0
355,0
355.25,0
355.5,0
355.75,0
356,0
356.25,0
356.5,0
356.75,0
357,0
357.25,0
357.5,0
357.75,0
358,0
358.25,0
358.5,0
358.75,0
359,0
359.25,0
359.5,0
359.75,0
360,0
360.25,0
360.5,0
360.75,0
361,0
361.25,0
361.5,0
361.75,0
362,0
362.25,0
362.5,0
362.75,0
363,0
363.25,0
363.5,0
363.75,0
364,0
364.25,0
364.5,0
364.75,0
365,0
365.25,0
365.5,0
365.75,0
366,0
366.25,0
366.5,0
366.75,0
367,0
367.25,0
367.5,0
367.75,0
368,0
368.25,0
368.5,0
368.75,0
369,0
369.25,0
369.5,0
369.75,0
370,0
370.25,0
370.5,0
370.75,0
371,0
371.25,0
371.5,0
371.75,0
372,0
372.25,0
372.5,0
372.75,0
373,0
373.25,0
373.5,0
373.75,0
374,0
374.25,0
374.5,0
374.75,0
375,0
375.25,0
375.5,0
375.75,0
376,0
376.25,0
376.5,0
376.75,0
377,0
377.25,0
377.5,0
377.75,0
378,0
378.25,0
378.5,0
378.75,0
379,0
379.25,0
379.5,0
379.75,0
380,0
380.25,0
380.5,0
380.75,0
381,0
381.25,0
381.5,0
381.75,0
382,0
382.25,0
382.5,0
382.75,0
383,0
383.25,0
383.5,0
383.75,0
384,0
384.25,0
384.5,0
384.75,0
385,0
385.25,0
385.5,0
385.75,0
386,0
386.25,0
386.5,0
386.75,0
387,0
387.25,0
387.5,0
387.75,0
388,0
388.25,0
388.5,0
388.75,0
389,0
389.25,0
389.5,0
389.75,0
390,0
390.25,0
390.5,0
390.75,0
391,0
391.25,0
391.5,0
391.75,0
392,0
392.25,0
392.5,0
392.75,0
393,0
393.25,0
393.5,0
393.75,0
394,0
394.25,0
394.5,0
394.75,0
395,0
395.25,0
395.5,0
395.75,0
396,0
396.25,0
396.5,0
396.75,0
397,0
397.25,0
397.5,0
397.75,0
398,0
398.25,0
398.5,0
398.75,0
399,0
399.25,0
399.5,0
399.75,0
400,0
400.25,0
400.5,0
400.75,0
401,0
401.25,0
401.5,0
401.75,0
402,0
402.25,0
402.5,0
402.75,0
403,0
403.25,0
403.5,0
403.75,0
404,0
404.25,0
404.5,0
404.75,0
405,0
405.25,0
405.5,0
405.75,0
406,0
406.25,0
406.5,0
406.75,0
407,0
407.25,0
407.5,0
407.75,0
408,0
408.25,0
408.5,0
408.75,0
409,0
409.25,0
409.5,0
409.75,0
410,0
410.25,0
410.5,0
410.75,0
411,0
411.25,0
411.5,0
411.75,0
412,0
412.25,0
412.5,0
412.75,0
413,0
413.25,0
413.5,0
413.75,0
414,0
414.25,0
414.5,0
414.75,0
415,0
415.25,0
415.5,0
415.75,0
416,0
416.25,0
416.5,0
416.75,0
417,0
417.25,0
417.5,0
417.75,0
418,0
418.25,0
418.5,0
418.75,0
419,0
419.25,0
419.5,0
419.75,0
420,0
420.25,0
420.5,0
420.75,0
421,0
421.25,0
421.5,0
421.75,0
422,0
422.25,0
422.5,0
422.75,0
423,0
423.25,0
423.5,0
423.75,0
424,0
424.25,0
424.5,0
424.75,0
425,0
425.25,0
425.5,0
425.75,0
426,0
426.25,0
426.5,0
426.75,0
427,0
427.25,0
427.5,0
427.75,0
428,0
428.25,0
428.5,0
428.75,0
429,0
429.25,0
429.5,0
429.75,0
430,0
430.25,0
430.5,0
430.75,0
431,0
431.25,0
431.5,0
431.75,0
432,0
432.25,0
432.5,0
432.75,0
433,0
433.25,0
433.5,0
433.75,0
434,0
434.25,0
434.5,0
434.75,0
435,0
435.25,0
435.5,0
435.75,0
436,0
436.25,0
436.5,0
436.75,0
437,0
437.25,0
437.5,0
437.75,0
438,0
438.25,0
438.5,0
438.75,0
439,0
439.25,0
439.5,0
439.75,0
440,0
440.25,0
440.5,0
440.75,0
441,0
441.25,0
441.5,0
441.75,0
442,0
442.25,0
442.5,0
442.75,0
443,0
443.25,0
443.5,0
443.75,0
444,0
444.25,0
444.5,0
444.75,0
445,0
445.25,0
445.5,0
445.75,0
446,0
446.25,0
446.5,0
446.75,0
447,0
447.25,0
447.5,0
447.75,0
448,0
448.25,0
448.5,0
448.75,0
449,0
449.25,0
449.5,0
449.75,0
450,0
450.25,0
450.5,0
450.75,0
451,0
451.25,0
451.5,0
451.75,0
452,0
452.25,0
452.5,0
452.75,0
453,0
453.25,0
453.5,0
453.75,0
454,0
454.25,0
454.5,0
454.75,0
455,0
455.25,0
455.5,0
455.75,0
456,0
456.25,0
456.5,0
456.75,0
457,0
457.25,0
457.5,0
457.75,0
458,0
458.25,0
458.5,0
458.75,0
459,0
459.25,0
459.5,0
459.75,0
460,0
460.25,0
460.5,0
460.75,0
461,0
461.25,0
461.5,0
461.75,0
462,0
462.25,0
462.5,0
462.75,0
463,0
463.25,0
463.5,0
463.75,0
464,0
464.25,0
464.5,0
464.75,0
465,0
465.25,0
465.5,0
465.75,0
466,0
466.25,0
466.5,0
466.75,0
467,0
467.25,0
467.5,0
467.75,0
468,0
468.25,0
468.5,0
468.75,0
469,0
469.25,0
469.5,0
469.75,0
470,0
470.25,0
470.5,0
470.75,0
471,0
471.25,0
471.5,0
471.75,0
472,0
472.25,0
472.5,0
472.75,0
473,0
473.25,0
473.5,0
473.75,0
474,0
474.25,0
474.5,0
474.75,0
475,0
475.25,0
475.5,0
475.75,0
476,0
476.25,0
476.5,0
476.75,0
477,0
477.25,0
477.5,0
477.75,0
478,0
478.25,0
478.5,0
478.75,0
479,0
479.25,0
479.5,0
479.75,0
480,0
480.25,0
480.5,0
480.75,0
481,0
481.25,0
481.5,0
481.75,0
482,0
482.25,0
482.5,0
482.75,0
483,0
483.25,0
483.5,0
483.75,0
484,0
484.25,0
484.5,0
484.75,0
485,0
485.25,0
485.5,0
485.75,0
486,0
486.25,0
486.5,0
486.75,0
487,0
487.25,0
487.5,0
487.75,0
488,0
488.25,0
488.5,0
488.75,0
489,0
489.25,0
489.5,0
489.75,0
490,0
490.25,0
490.5,0
490.75,0
491,0
491.25,0
491.5,0
491.75,0
492,0
492.25,0
492.5,0
492.75,0
493,0
493.25,0
493.5,0
493.75,0
494,0
494.25,0
494.5,0
494.75,0
495,0
495.25,0
495.5,0
495.75,0
496,0
496.25,0
496.5,0
496.75,0
497,0
497.25,0
497.5,0
497.75,0
498,0
498.25,0
498.5,0
498.75,0
499,0
499.25,0
499.5,0
499.75,0
500,0
500.25,0
500.5,0
500.75,0
501,0
501.25,0
501.5,0
501.75,0
502,0
502.25,0
502.5,0
502.75,0
503,0
503.25,0
503.5,0
503.75,0
504,0
504.25,0
504.5,0
504.75,0
505,0
505.25,0
505.5,0
505.75,0
506,0
506.25,0
506.5,0
506.75,0
507,0
507.25,0
507.5,0
507.75,0
508,0
508.25,0
508.5,0
508.75,0
509,0
509.25,0
509.5,0
509.75,0
510,0
510.25,0
510.5,0
510.75,0
511,0
511.25,0
511.5,0
511.75,0
512,0
512.25,0
512.5,0
512.75,0
513,0
513.25,0
513.5,0
513.75,0
514,0
514.25,0
514.5,0
514.75,0
515,0
515.25,0
515.5,0
515.75,0
516,0
516.25,0
516.5,0
516.75,0
517,0
517.25,0
517.5,0
517.75,0
518,0
518.25,0
518.5,0
518.75,0
519,0
519.25,0
519.5,0
519.75,0
520,0
520.25,0
520.5,0
520.75,0
521,0
521.25,0
521.5,0
521.75,0
522,0
522.25,0
522.5,0
522.75,0
523,0
523.25,0
523.5,0
523.75,0
524,0
524.25,0
524.5,0
524.75,0
525,0
525.25,0
525.5,0
525.75,0
526,0
526.25,0
526.5,0
526.75,0
527,0
527.25,0
527.5,0
527.75,0
528,0
528.25,0
528.5,0
528.75,0
529,0
529.25,0
529.5,0
529.75,0
530,0
530.25,0
530.5,0
530.75,0
531,0
531.25,0
531.5,0
531.75,0
532,0
532.25,0
532.5,0
532.75,0
533,0
533.25,0
533.5,0
533.75,0
534,0
534.25,0
534.5,0
534.75,0
535,0
535.25,0
535.5,0
535.75,0
536,0
536.25,0
536.5,0
536.75,0
537,0
537.25,0
537.5,0
537.75,0
538,0
538.25,0
538.5,0
538.75,0
539,0
539.25,0
539.5,0
539.75,0
540,0
540.25,0
540.5,0
540.75,0
541,0
541.25,0
541.5,0
541.75,0
542,0
542.25,0
542.5,0
542.75,0
543,0
543.25,0
543.5,0
543.75,0
544,0
544.25,0
544.5,0
544.75,0
545,0
545.25,0
545.5,0
545.75,0
546,0
546.25,0
546.5,0
546.75,0
547,0
547.25,0
547.5,0
547.75,0
548,0
548.25,0
548.5,0
548.75,0
549,0
549.25,0
549.5,0
549.75,0
550,0
550.25,0
550.5,0
550.75,0
551,0
551.25,0
551.5,0
551.75,0
552,0
552.25,0
552.5,0
552.75,0
553,0
553.25,0
553.5,0
553.75,0
554,0
554.25,0
554.5,0
554.75,0
555,0
555.25,0
555.5,0
555.75,0
556,0
556.25,0
556.5,0
556.75,0
557,0
557.25,0
557.5,0
557.75,0
558,0
558.25,0
558.5,0
558.75,0
559,0
559.25,0
559.5,0
559.75,0
560,0
560.25,0
560.5,0
560.75,0
561,0
561.25,0
561.5,0
561.75,0
562,0
562.25,0
562.5,0
562.75,0
563,0
563.25,0
563.5,0
563.75,0
564,0
564.25,0
564.5,0
564.75,0
565,0
565.25,0
565.5,0
565.75,0
566,0
566.25,0
566.5,0
566.75,0
567,0
567.25,0
567.5,0
567.75,0
568,0
568.25,0
568.5,0
568.75,0
569,0
569.25,0
569.5,0
569.75,0
570,0
570.25,0
570.5,0
570.75,0
571,0
571.25,0
571.5,0
571.75,0
572,0
572.25,0
572.5,0
572.75,0
573,0
573.25,0
573.5,0
573.75,0
574,0
574.25,0
574.5,0
574.75,0
575,0
575.25,0
575.5,0
575.75,0
576,0
576.25,0
576.5,0
576.75,0
577,0
577.25,0
577.5,0
577.75,0
578,0
578.25,0
578.5,0
578.75,0
579,0
579.25,0
579.5,0
579.75,0
580,0
580.25,0
580.5,0
580.75,0
581,0
581.25,0
581.5,0
581.75,0
582,0
582.25,0
582.5,0
582.75,0
583,0
583.25,0
583.5,0
583.75,0
584,0
584.25,0
584.5,0
584.75,0
585,0
585.25,0
585.5,0
585.75,0
586,0
586.25,0
586.5,0
586.75,0
587,0
587.25,0
587.5,0
587.75,0
588,0
588.25,0
588.5,0
588.75,0
589,0
589.25,0
589.5,0
589.75,0
590,0
590.25,0
590.5,0
590.75,0
591,0
591.25,0
591.5,0
591.75,0
592,0
592.25,0
592.5,0
592.75,0
593,0
593.25,0
593.5,0
593.75,0
594,0
594.25,0
594.5,0
594.75,0
595,0
595.25,0
595.5,0
595.75,0
596,0
596.25,0
596.5,0
596.75,0
597,0
597.25,0
597.5,0
597.75,0
598,0
598.25,0
598.5,0
598.75,0
599,0
599.25,0
599.5,0
599.75,0
