Time,susceptible_lambda_C
0,0
0.25,0
0.5,0.182779
0.75,0.272245
1,0.738225
1.25,0.846211
1.5,1.18075
1.75,1.45152
2,1.46187
2.25,1.5349
2.5,1.76738
2.75,1.84718
3,1.85029
3.25,1.86812
3.5,2.16622
3.75,2.14938
4,1.92019
4.25,2.14313
4.5,2.2307
4.75,2.23117
5,2.43472
5.25,2.09776
5.5,2.13148
5.75,2.24141
6,2.34294
6.25,2.68544
6.5,2.70089
6.75,2.08797
7,2.09823
7.25,2.2795
7.5,1.85242
7.75,1.79718
8,2.19348
8.25,2.16186
8.5,1.93912
8.75,1.9893
9,1.74893
9.25,1.8196
9.5,1.61034
9.75,1.64084
10,1.8503
10.25,1.86845
10.5,1.80935
10.75,2.04808
11,2.3625
11.25,2.26073
11.5,2.45747
11.75,2.89591
12,3.23288
12.25,3.22809
12.5,3.2164
12.75,3.19128
13,3.1198
13.25,3.36011
13.5,2.65407
13.75,2.76533
14,2.62737
14.25,2.23157
14.5,2.32497
14.75,1.95624
15,2.04667
15.25,2.73193
15.5,2.45443
15.75,2.61615
16,2.6094
16.25,2.69746
16.5,3.3222
16.75,3.16476
17,3.65329
17.25,3.95302
17.5,3.40161
17.75,3.609
18,2.41498
18.25,2.73761
18.5,2.77473
18.75,2.89624
19,2.94845
19.25,3.30221
19.5,3.36886
19.75,3.53858
20,4.23628
20.25,4.29353
20.5,4.50751
20.75,5.13685
21,5.4027
21.25,5.09562
21.5,5.59487
21.75,4.20072
22,3.95316
22.25,4.78589
22.5,4.54048
22.75,5.32801
23,5.77989
23.25,6.66016
23.5,5.82624
23.75,5.60354
24,5.69851
24.25,5.21727
24.5,5.13449
24.75,5.345
25,5.20325
25.25,7.09604
25.5,7.31268
25.75,7.12475
26,7.30812
26.25,7.43182
26.5,7.31887
26.75,5.97849
27,6.88359
27.25,6.92073
27.5,8.21511
27.75,8.57695
28,8.74516
28.25,7.98418
28.5,9.55417
28.75,9.45759
29,10.9733
29.25,10.217
29.5,10.6369
29.75,10.038
30,10.2008
30.25,10.647
30.5,9.9231
30.75,9.11226
31,9.15211
31.25,9.03151
31.5,8.56956
31.75,9.03273
32,8.94345
32.25,9.32397
32.5,9.15328
32.75,9.76464
33,10.3756
33.25,9.68596
33.5,7.9888
33.75,7.93614
34,8.04699
34.25,8.46081
34.5,8.29844
34.75,8.66432
35,9.63665
35.25,9.60853
35.5,19.7285
35.75,19.8979
36,19.583
36.25,19.4488
36.5,18.4962
36.75,18.7408
37,18.0113
37.25,18.5628
37.5,19.6967
37.75,19.7004
38,20.4122
38.25,20.2879
38.5,20.4739
38.75,20.8093
39,21.5302
39.25,21.1182
39.5,20.4764
39.75,19.6842
40,20.7571
40.25,20.6666
40.5,20.6483
40.75,20.6792
41,21.3555
41.25,21.8726
41.5,23.8861
41.75,24.4607
42,13.0204
42.25,13.3209
42.5,13.3167
42.75,13.6493
43,13.9032
43.25,14.3964
43.5,15.2783
43.75,14.8977
44,15.0894
44.25,13.9433
44.5,13.1375
44.75,14.6405
45,14.9697
45.25,14.7768
45.5,14.6078
45.75,13.4867
46,13.518
46.25,12.6511
46.5,13.3934
46.75,13.0036
47,13.3438
47.25,12.8638
47.5,13.4159
47.75,14.2459
48,14.8651
48.25,14.4473
48.5,15.0105
48.75,13.489
49,13.5005
49.25,13.8938
49.5,14.565
49.75,14.935
50,15.2931
50.25,14.8383
50.5,15.6543
50.75,16.3289
51,16.259
51.25,15.6365
51.5,16.4913
51.75,16.6675
52,17.0495
52.25,17.7718
52.5,18.9814
52.75,19.1044
53,19.4415
53.25,20.5206
53.5,18.4825
53.75,17.9725
54,19.4569
54.25,19.9403
54.5,22.2035
54.75,21.242
55,21.9396
55.25,22.9788
55.5,23.4632
55.75,24.5598
56,24.1376
56.25,24.3458
56.5,26.5827
56.75,26.1316
57,28.3115
57.25,30.0531
57.5,28.7589
57.75,29.7656
58,30.3996
58.25,30.3172
58.5,32.3512
58.75,32.7072
59,34.9514
59.25,37.2496
59.5,37.1616
59.75,38.9042
60,33.7235
60.25,34.9
60.5,33.9316
60.75,32.161
61,30.9207
61.25,29.6151
61.5,30.7349
61.75,32.0918
62,31.5749
62.25,31.8034
62.5,33.2284
62.75,34.0131
63,34.2636
63.25,33.9388
63.5,35.7433
63.75,37.2549
64,39.3614
64.25,38.5519
64.5,40.9226
64.75,42.1583
65,44.0383
65.25,44.85
65.5,44.7863
65.75,47.6456
66,48.2332
66.25,46.4399
66.5,44.9926
66.75,46.2549
67,48.8678
67.25,50.3462
67.5,50.2721
67.75,52.389
68,53.4362
68.25,55.1882
68.5,55.838
68.75,56.8813
69,59.8223
69.25,59.4881
69.5,60.711
69.75,56.6117
70,56.8761
70.25,23.3166
70.5,22.2055
70.75,22.956
71,22.4565
71.25,22.9824
71.5,24.9382
71.75,26.9081
72,27.8172
72.25,26.779
72.5,26.4799
72.75,25.1495
73,26.0662
73.25,26.2359
73.5,27.2507
73.75,29.0354
74,24.5871
74.25,23.136
74.5,23.0867
74.75,26.3379
75,24.0861
75.25,23.805
75.5,25.1405
75.75,24.6834
76,21.7316
76.25,22.426
76.5,20.1504
76.75,18.7702
77,20.5093
77.25,21.4817
77.5,20.1242
77.75,20.9418
78,21.5964
78.25,20.6752
78.5,20.6725
78.75,19.8507
79,18.0551
79.25,17.883
79.5,17.479
79.75,17.194
80,17.3979
80.25,16.9208
80.5,15.8527
80.75,16.0959
81,16.4572
81.25,16.5049
81.5,16.0733
81.75,16.6484
82,16.0941
82.25,17.2526
82.5,15.8537
82.75,15.4041
83,15.8808
83.25,15.6516
83.5,13.9912
83.75,14.2864
84,13.5896
84.25,14.2939
84.5,13.0689
84.75,13.7954
85,13.8781
85.25,13.4473
85.5,14.4338
85.75,14.2346
86,15.4053
86.25,15.9515
86.5,16.0069
86.75,15.3702
87,14.272
87.25,14.0774
87.5,14.7785
87.75,14.735
88,13.0538
88.25,13.4758
88.5,12.8447
88.75,12.949
89,11.1631
89.25,11.2536
89.5,10.2095
89.75,9.87207
90,9.20124
90.25,9.41293
90.5,9.46531
90.75,8.85219
91,9.38805
91.25,9.59591
91.5,9.26962
91.75,9.27276
92,8.95112
92.25,9.67652
92.5,9.20768
92.75,8.10662
93,7.67344
93.25,7.22387
93.5,7.83214
93.75,7.53698
94,7.66598
94.25,7.12105
94.5,6.84132
94.75,6.86312
95,6.91977
95.25,7.75728
95.5,7.80126
95.75,10.4077
96,10.2464
96.25,8.18307
96.5,8.18575
96.75,7.98216
97,8.22524
97.25,7.75728
97.5,7.78916
97.75,7.76032
98,7.33659
98.25,8.18398
98.5,9.00193
98.75,7.03372
99,6.97875
99.25,7.57233
99.5,7.42149
99.75,8.15033
100,8.05404
100.25,7.9762
100.5,6.99622
100.75,8.87233
101,8.12606
101.25,8.08935
101.5,7.50813
101.75,8.02874
102,7.77819
102.25,7.48851
102.5,7.85119
102.75,9.22769
103,7.99052
103.25,8.32698
103.5,8.43708
103.75,6.85605
104,6.82425
104.25,5.16617
104.5,4.9956
104.75,4.83385
105,5.30317
105.25,4.92173
105.5,7.81361
105.75,9.10913
106,6.9501
106.25,6.76931
106.5,7.63441
106.75,6.27454
107,6.12122
107.25,6.80454
107.5,6.99566
107.75,5.57672
108,5.88791
108.25,6.38683
108.5,6.59556
108.75,6.4898
109,6.27811
109.25,5.16942
109.5,4.92936
109.75,5.0906
110,5.54057
110.25,5.87481
110.5,6.06547
110.75,4.65624
111,4.50434
111.25,4.68547
111.5,4.97505
111.75,5.09199
112,5.05255
112.25,4.8984
112.5,4.58695
112.75,4.41484
113,4.42946
113.25,4.25133
113.5,4.3969
113.75,4.165
114,4.09592
114.25,4.21015
114.5,3.88559
114.75,3.78074
115,3.99619
115.25,4.33124
115.5,4.38393
115.75,4.63475
116,4.82145
116.25,4.32179
116.5,4.21918
116.75,4.00492
117,4.04849
117.25,3.82382
117.5,3.793
117.75,4.31627
118,4.16745
118.25,4.39669
118.5,4.48547
118.75,4.8432
119,4.66101
119.25,4.27096
119.5,4.26238
119.75,3.98908
120,3.58124
120.25,3.53264
120.5,3.04451
120.75,3.41218
121,3.26477
121.25,3.05187
121.5,3.18199
121.75,3.29713
122,5.74592
122.25,5.98752
122.5,5.51347
122.75,5.48826
123,3.03651
123.25,3.48458
123.5,3.58494
123.75,3.68621
124,3.77569
124.25,3.6086
124.5,3.07339
124.75,3.15551
125,3.02825
125.25,3.36544
125.5,2.79902
125.75,2.73432
126,2.68005
126.25,2.74682
126.5,2.46674
126.75,2.44145
127,3.07383
127.25,2.91943
127.5,2.83226
127.75,3.29879
128,3.25044
128.25,3.37378
128.5,3.76
128.75,2.92463
129,2.6319
129.25,2.51788
129.5,2.56533
129.75,2.67046
130,2.04361
130.25,1.57201
130.5,1.35974
130.75,1.13584
131,1.11277
131.25,1.77012
131.5,1.73534
131.75,2.56952
132,2.88797
132.25,2.19941
132.5,1.88053
132.75,1.8317
133,1.68011
133.25,1.3116
133.5,1.38933
133.75,2.28991
134,2.33274
134.25,1.43615
134.5,1.61549
134.75,1.22682
135,1.39452
135.25,1.54017
135.5,1.43923
135.75,1.42951
136,1.22438
136.25,1.14026
136.5,1.03473
136.75,1.10104
137,1.11609
137.25,1.11012
137.5,0.97065
137.75,0.89258
138,0.870261
138.25,1.16105
138.5,1.20291
138.75,1.27297
139,1.33
139.25,1.15555
139.5,1.24271
139.75,1.48003
140,1.50672
140.25,1.56031
140.5,1.53366
140.75,1.32571
141,1.13542
141.25,0.577854
141.5,0.576704
141.75,0.649333
142,0.821793
142.25,0.795688
142.5,0.831336
142.75,0.833745
143,0.604829
143.25,0.641243
143.5,0.725837
143.75,0.789284
144,2.15579
144.25,2.29773
144.5,2.92454
144.75,2.54603
145,1.1396
145.25,1.13474
145.5,1.18736
145.75,0.896835
146,0.95638
146.25,0.815458
146.5,0.834015
146.75,0.777794
147,0.734232
147.25,0.719516
147.5,0.750031
147.75,0.844078
148,0.850317
148.25,0.84841
148.5,0.620451
148.75,0.789944
149,0.767792
149.25,0.924441
149.5,0.957063
149.75,0.796667
150,0.734216
150.25,0.501641
150.5,0.489199
150.75,0.481786
151,0.477426
151.25,0.457648
151.5,0.364188
151.75,0.369431
152,0.36027
152.25,0.356583
152.5,0.356125
152.75,0.33462
153,0.361869
153.25,0.297349
153.5,0.363826
153.75,0.372385
154,0.646183
154.25,0.808637
154.5,0.687554
154.75,0.731604
155,0.731351
155.25,0.372487
155.5,0.371625
155.75,0.181996
156,0.179388
156.25,0.112108
156.5,0.114739
156.75,0.100591
157,0.141228
157.25,0.128407
157.5,0.0907094
157.75,0.132945
158,0.132953
158.25,0.107124
158.5,0.118988
158.75,0.114161
159,0.0951885
159.25,0.0595563
159.5,0.0595457
159.75,0.182361
160,0.277466
160.25,0.385017
160.5,0.385015
160.75,0.387275
161,0.394425
161.25,0.215803
161.5,0.219178
161.75,0.197416
162,0.197416
162.25,0.197416
162.5,0.196696
162.75,0.196698
163,0.195123
163.25,0.310401
163.5,0.312309
163.75,0.374562
164,0.375961
164.25,0.375928
164.5,0.375927
164.75,0.233972
165,0.20153
165.25,0.199782
165.5,0.181163
165.75,0.222764
166,0.243565
166.25,0.243565
166.5,0.259135
166.75,0.259135
167,0.213175
167.25,0.104368
167.5,0.0772578
167.75,0.0673506
168,0.0501643
168.25,0.0506206
168.5,0.0500106
168.75,0.0500061
169,0.0583683
169.25,0.0583682
169.5,0.058379
169.75,0.058379
170,0.313102
170.25,0.450655
170.5,0.450626
170.75,0.438576
171,0.438573
171.25,0.0691685
171.5,0.0691685
171.75,0.066833
172,0.0605928
172.25,0.107568
172.5,0.109316
172.75,0.109316
173,0.109349
173.25,0.132836
173.5,0.141375
173.75,0.141375
174,0.146533
174.25,0.0831179
174.5,0.0831149
174.75,0.0818834
175,0.128834
175.25,0.126773
175.5,0.126649
175.75,0.133516
176,0.091211
176.25,0.0874235
176.5,0.0874235
176.75,0.0880209
177,0.0883397
177.25,0.0915341
177.5,0.090638
177.75,0.090638
178,0.0906326
178.25,0.0813633
178.5,0.0822247
178.75,0.110298
179,0.103252
179.25,0.103252
179.5,0.103252
179.75,0.104121
180,0.10314
180.25,0.10314
180.5,0.10314
180.75,0.102396
181,0.102396
181.25,0.10134
181.5,0.0171212
181.75,0.0171212
182,0.0113718
182.25,0.0113718
182.5,0.0113718
182.75,0.0113718
183,0.0113718
183.25,0.0113718
183.5,0.00103523
183.75,0.00103523
184,0.000228941
184.25,0.000228942
184.5,0.000228942
184.75,0.000228942
185,0.000228943
185.25,0.000228943
185.5,0.000228943
185.75,0.000228943
186,0.000228943
186.25,0.000228943
186.5,0.000228943
186.75,0.000228943
187,0.000228943
187.25,0.000228943
187.5,0.000228943
187.75,0.000228943
188,0.000228943
188.25,0.000228943
188.5,0.000228943
188.75,0.000228943
189,0.000228943
189.25,0.000228943
189.5,0.00014622
189.75,0.00014622
190,0.00014622
190.25,0
190.5,0
190.75,0
191,0
191.25,0
191.5,0
191.75,0.000839004
192,0.000839034
192.25,0
192.5,0
192.75,0
193,0
193.25,0
193.5,0
193.75,0
194,0
194.25,0
194.5,0
194.75,0
195,0
195.25,0
195.5,0
195.75,0
196,0
196.25,0
196.5,0
196.75,0
197,0
197.25,0
197.5,0
197.75,0
198,0
198.25,0
198.5,0
198.75,0
199,0
199.25,0
199.5,0
199.75,0
200,0
200.25,0
200.5,0
200.75,0
201,0
201.25,0
201.5,0
201.75,0
202,0
202.25,0
202.5,0
202.75,0
203,0
203.25,0
203.5,0
203.75,0
204,0
204.25,0
204.5,0
204.75,0
205,0
205.25,0
205.5,0
205.75,0
206,0
206.25,0
206.5,0
206.75,0
207,0
207.25,0
207.5,0
207.75,0
208,0
208.25,0
208.5,0
208.75,0
209,0
209.25,0
209.5,0
209.75,0
210,0
210.25,0
210.5,0
210.75,0
211,0
211.25,0
211.5,0
211.75,0
212,0
212.25,0
212.5,0
212.75,0
213,0
213.25,0
213.5,0
213.75,0
214,0
214.25,0
214.5,0
214.75,0
215,0
215.25,0
215.5,0
215.75,0
216,0
216.25,0
216.5,0
216.75,0
217,0
217.25,0
217.5,0
217.75,0
218,0
218.25,0
218.5,0
218.75,0
219,0
219.25,0
219.5,0
219.75,0
220,0
220.25,0
220.5,0
220.75,0
221,0
221.25,0
221.5,0
221.75,0
222,0
222.25,0
222.5,0
222.75,0
223,0
223.25,0
223.5,0
223.75,0
224,0
224.25,0
224.5,0
224.75,0
225,0
225.25,0
225.5,0
225.75,0
226,0
226.25,0
226.5,0
226.75,0
227,0
227.25,0
227.5,0
227.75,0
228,0
228.25,0
228.5,0
228.75,0
229,0
229.25,0
229.5,0
229.75,0
230,0
230.25,0
230.5,0
230.75,0
231,0
231.25,0
231.5,0
231.75,0
232,0
232.25,0
232.5,0
232.75,0
233,0
233.25,0
233.5,0
233.75,0
234,0
234.25,0
234.5,0
234.75,0
235,0
235.25,0
235.5,0
235.75,0
236,0
236.25,0
236.5,0
236.75,0
237,0
237.25,0
237.5,0
237.75,0
238,0
238.25,0
238.5,0
238.75,0
239,0
239.25,0
239.5,0
239.75,0
240,0
240.25,0
240.5,0
240.75,0
241,0
241.25,0
241.5,0
241.75,0
242,0
242.25,0
242.5,0
242.75,0
243,0
243.25,0
243.5,0
243.75,0
244,0
244.25,0
244.5,0
244.75,0
245,0
245.25,0
245.5,0
245.75,0
246,0
246.25,0
246.5,0
246.75,0
247,0
247.25,0
247.5,0
247.75,0
248,0
248.25,0
248.5,0
248.75,0
249,0
249.25,0
249.5,0
249.75,0
250,0
250.25,0
250.5,0
250.75,0
251,0
251.25,0
251.5,0
251.75,0
252,0
252.25,0
252.5,0
252.75,0
253,0
253.25,0
253.5,0
253.75,0
254,0
254.25,0
254.5,0
254.75,0
255,0
255.25,0
255.5,0
255.75,0
256,0
256.25,0
256.5,0
256.75,0
257,0
257.25,0
257.5,0
257.75,0
258,0
258.25,0
258.5,0
258.75,0
259,0
259.25,0
259.5,0
259.75,0
260,0
260.25,0
260.5,0
260.75,0
261,0
261.25,0
261.5,0
261.75,0
262,0
262.25,0
262.5,0
262.75,0
263,0
263.25,0
263.5,0
263.75,0
264,0
264.25,0
264.5,0
264.75,0
265,0
265.25,0
265.5,0
265.75,0
266,0
266.25,0
266.5,0
266.75,0
267,0
267.25,0
267.5,0
267.75,0
268,0
268.25,0
268.5,0
268.75,0
269,0
269.25,0
269.5,0
269.75,0
270,0
270.25,0
270.5,0
270.75,0
271,0
271.25,0
271.5,0
271.75,0
272,0
272.25,0
272.5,0
272.75,0
273,0
273.25,0
273.5,0
273.75,0
274,0
274.25,0
274.5,0
274.75,0
275,0
275.25,0
275.5,0
275.75,0
276,0
276.25,0
276.5,0
276.75,0
277,0
277.25,0
277.5,0
277.75,0
278,0
278.25,0
278.5,0
278.75,0
279,0
279.25,0
279.5,0
279.75,0
280,0
280.25,0
280.5,0
280.75,0
281,0
281.25,0
281.5,0
281.75,0
282,0
282.25,0
282.5,0
282.75,0
283,0
283.25,0
283.5,0
283.75,0
284,0
284.25,0
284.5,0
284.75,0
285,0
285.25,0
285.5,0
285.75,0
286,0
286.25,0
286.5,0
286.75,0
287,0
287.25,0
287.5,0
287.75,0
288,0
288.25,0
288.5,0
288.75,0
289,0
289.25,0
289.5,0
289.75,0
290,0
290.25,0
290.5,0
290.75,0
291,0
291.25,0
291.5,0
291.75,0
292,0
292.25,0
292.5,0
292.75,0
293,0
293.25,0
293.5,0
293.75,0
294,0
294.25,0
294.5,0
294.75,0
295,0
295.25,0
295.5,0
295.75,0
296,0
296.25,0
296.5,0
296.75,0
297,0
297.25,0
297.5,0
297.75,0
298,0
298.25,0
298.5,0
298.75,0
299,0
299.25,0
299.5,0
299.75,0
300,0
300.25,0
300.5,0
300.75,0
301,0
301.25,0
301.5,0
301.75,0
302,0
302.25,0
302.5,0
302.75,0
303,0
303.25,0
303.5,0
303.75,0
304,0
304.25,0
304.5,0
304.75,0
305,0
305.25,0
305.5,0
305.75,0
306,0
306.25,0
306.5,0
306.75,0
307,0
307.25,0
307.5,0
307.75,0
308,0
308.25,0
308.5,0
308.75,0
309,0
309.25,0
309.5,0
309.75,0
310,0
310.25,0
310.5,0
310.75,0
311,0
311.25,0
311.5,0
311.75,0
312,0
312.25,0
312.5,0
312.75,0
313,0
313.25,0
313.5,0
313.75,0
314,0
314.25,0
314.5,0
314.75,0
315,0
315.25,0
315.5,0
315.75,0
316,0
316.25,0
316.5,0
316.75,0
317,0
317.25,0
317.5,0
317.75,0
318,0
318.25,0
318.5,0
318.75,0
319,0
319.25,0
319.5,0
319.75,0
320,0
320.25,0
320.5,0
320.75,0
321,0
321.25,0
321.5,0
321.75,0
322,0
322.25,0
322.5,0
322.75,0
323,0
323.25,0
323.5,0
323.75,0
324,0
324.25,0
324.5,0
324.75,0
325,0
325.25,0
325.5,0
325.75,0
326,0
326.25,0
326.5,0
326.75,0
327,0
327.25,0
327.5,0
327.75,0
328,0
328.25,0
328.5,0
328.75,0
329,0
329.25,0
329.5,0
329.75,0
330,0
330.25,0
330.5,0
330.75,0
331,0
331.25,0
331.5,0
331.75,0
332,0
332.25,0
332.5,0
332.75,0
333,0
333.25,0
333.5,0
333.75,0
334,0
334.25,0
334.5,0
334.75,0
335,0
335.25,0
335.5,0
335.75,0
336,0
336.25,0
336.5,0
336.75,0
337,0
337.25,0
337.5,0
337.75,0
338,0
338.25,0
338.5,0
338.75,0
339,0
339.25,0
339.5,0
339.75,0
340,0
340.25,0
340.5,0
340.75,0
341,0
341.25,0
341.5,0
341.75,0
342,0
342.25,0
342.5,0
342.75,0
343,0
343.25,0
343.5,0
343.75,0
344,0
344.25,0
344.5,0
344.75,0
345,0
345.25,0
345.5,0
345.75,0
346,0
346.25,0
346.5,0
346.75,0
347,0
347.25,0
347.5,0
347.75,0
348,0
348.25,0
348.5,0
348.75,0
349,0
349.25,0
349.5,0
349.75,0
350,0
350.25,0
350.5,0
350.75,0
351,0
351.25,0
351.5,0
351.75,0
352,0
352.25,0
352.5,0
352.75,0
353,0
353.25,0
353.5,0
353.75,0
354,0
354.25,0
354.5,0
354.75,0
355,0
355.25,0
355.5,0
355.75,0
356,0
356.25,0
356.5,0
356.75,0
357,0
357.25,0
357.5,0
357.75,0
358,0
358.25,0
358.5,0
358.75,0
359,0
359.25,0
359.5,0
359.75,0
360,0
360.25,0
360.5,0
360.75,0
361,0
361.25,0
361.5,0
361.75,0
362,0
362.25,0
362.5,0
362.75,0
363,0
363.25,0
363.5,0
363.75,0
364,0
364.25,0
364.5,0
364.75,0
365,0
365.25,0
365.5,0
365.75,0
366,0
366.25,0
366.5,0
366.75,0
367,0
367.25,0
367.5,0
367.75,0
368,0
368.25,0
368.5,0
368.75,0
369,0
369.25,0
369.5,0
369.75,0
370,0
370.25,0
370.5,0
370.75,0
371,0
371.25,0
371.5,0
371.75,0
372,0
372.25,0
372.5,0
372.75,0
373,0
373.25,0
373.5,0
373.75,0
374,0
374.25,0
374.5,0
374.75,0
375,0
375.25,0
375.5,0
375.75,0
376,0
376.25,0
376.5,0
376.75,0
377,0
377.25,0
377.5,0
377.75,0
378,0
378.25,0
378.5,0
378.75,0
379,0
379.25,0
379.5,0
379.75,0
380,0
380.25,0
380.5,0
380.75,0
381,0
381.25,0
381.5,0
381.75,0
382,0
382.25,0
382.5,0
382.75,0
383,0
383.25,0
383.5,0
383.75,0
384,0
384.25,0
384.5,0
384.75,0
385,0
385.25,0
385.5,0
385.75,0
386,0
386.25,0
386.5,0
386.75,0
387,0
387.25,0
387.5,0
387.75,0
388,0
388.25,0
388.5,0
388.75,0
389,0
389.25,0
389.5,0
389.75,0
390,0
390.25,0
390.5,0
390.75,0
391,0
391.25,0
391.5,0
391.75,0
392,0
392.25,0
392.5,0
392.75,0
393,0
393.25,0
393.5,0
393.75,0
394,0
394.25,0
394.5,0
394.75,0
395,0
395.25,0
395.5,0
395.75,0
396,0
396.25,0
396.5,0
396.75,0
397,0
397.25,0
397.5,0
397.75,0
398,0
398.25,0
398.5,0
398.75,0
399,0
399.25,0
399.5,0
399.75,0
400,0
400.25,0
400.5,0
400.75,0
401,0
401.25,0
401.5,0
401.75,0
402,0
402.25,0
402.5,0
402.75,0
403,0
403.25,0
403.5,0
403.75,0
404,0
404.25,0
404.5,0
404.75,0
405,0
405.25,0
405.5,0
405.75,0
406,0
406.25,0
406.5,0
406.75,0
407,0
407.25,0
407.5,0
407.75,0
408,0
408.25,0
408.5,0
408.75,0
409,0
409.25,0
409.5,0
409.75,0
410,0
410.25,0
410.5,0
410.75,0
411,0
411.25,0
411.5,0
411.75,0
412,0
412.25,0
412.5,0
412.75,0
413,0
413.25,0
413.5,0
413.75,0
414,0
414.25,0
414.5,0
414.75,0
415,0
415.25,0
415.5,0
415.75,0
416,0
416.25,0
416.5,0
416.75,0
417,0
417.25,0
417.5,0
417.75,0
418,0
418.25,0
418.5,0
418.75,0
419,0
419.25,0
419.5,0
419.75,0
420,0
420.25,0
420.5,0
420.75,0
421,0
421.25,0
421.5,0
421.75,0
422,0
422.25,0
422.5,0
422.75,0
423,0
423.25,0
423.5,0
423.75,0
424,0
424.25,0
424.5,0
424.75,0
425,0
425.25,0
425.5,0
425.75,0
426,0
426.25,0
426.5,0
426.75,0
427,0
427.25,0
427.5,0
427.75,0
428,0
428.25,0
428.5,0
428.75,0
429,0
429.25,0
429.5,0
429.75,0
430,0
430.25,0
430.5,0
430.75,0
431,0
431.25,0
431.5,0
431.75,0
432,0
432.25,0
432.5,0
432.75,0
433,0
433.25,0
433.5,0
433.75,0
434,0
434.25,0
434.5,0
434.75,0
435,0
435.25,0
435.5,0
435.75,0
436,0
436.25,0
436.5,0
436.75,0
437,0
437.25,0
437.5,0
437.75,0
438,0
438.25,0
438.5,0
438.75,0
439,0
439.25,0
439.5,0
439.75,0
440,0
440.25,0
440.5,0
440.75,0
441,0
441.25,0
441.5,0
441.75,0
442,0
442.25,0
442.5,0
442.75,0
443,0
443.25,0
443.5,0
443.75,0
444,0
444.25,0
444.5,0
444.75,0
445,0
445.25,0
445.5,0
445.75,0
446,0
446.25,0
446.5,0
446.75,0
447,0
447.25,0
447.5,0
447.75,0
448,0
448.25,0
448.5,0
448.75,0
449,0
449.25,0
449.5,0
449.75,0
450,0
450.25,0
450.5,0
450.75,0
451,0
451.25,0
451.5,0
451.75,0
452,0
452.25,0
452.5,0
452.75,0
453,0
453.25,0
453.5,0
453.75,0
454,0
454.25,0
454.5,0
454.75,0
455,0
455.25,0
455.5,0
455.75,0
456,0
456.25,0
456.5,0
456.75,0
457,0
457.25,0
457.5,0
457.75,0
458,0
458.25,0
458.5,0
458.75,0
459,0
459.25,0
459.5,0
459.75,0
460,0
460.25,0
460.5,0
460.75,0
461,0
461.25,0
461.5,0
461.75,0
462,0
462.25,0
462.5,0
462.75,0
463,0
463.25,0
463.5,0
463.75,0
464,0
464.25,0
464.5,0
464.75,0
465,0
465.25,0
465.5,0
465.75,0
466,0
466.25,0
466.5,0
466.75,0
467,0
467.25,0
467.5,0
467.75,0
468,0
468.25,0
468.5,0
468.75,0
469,0
469.25,0
469.5,0
469.75,0
470,0
470.25,0
470.5,0
470.75,0
471,0
471.25,0
471.5,0
471.75,0
472,0
472.25,0
472.5,0
472.75,0
473,0
473.25,0
473.5,0
473.75,0
474,0
474.25,0
474.5,0
474.75,0
475,0
475.25,0
475.5,0
475.75,0
476,0
476.25,0
476.5,0
476.75,0
477,0
477.25,0
477.5,0
477.75,0
478,0
478.25,0
478.5,0
478.75,0
479,0
479.25,0
479.5,0
479.75,0
480,0
480.25,0
480.5,0
480.75,0
481,0
481.25,0
481.5,0
481.75,0
482,0
482.25,0
482.5,0
482.75,0
483,0
483.25,0
483.5,0
483.75,0
484,0
484.25,0
484.5,0
484.75,0
485,0
485.25,0
485.5,0
485.75,0
486,0
486.25,0
486.5,0
486.75,0
487,0
487.25,0
487.5,0
487.75,0
488,0
488.25,0
488.5,0
488.75,0
489,0
489.25,0
489.5,0
489.75,0
490,0
490.25,0
490.5,0
490.75,0
491,0
491.25,0
491.5,0
491.75,0
492,0
492.25,0
492.5,0
492.75,0
493,0
493.25,0
493.5,0
493.75,0
494,0
494.25,0
494.5,0
494.75,0
495,0
495.25,0
495.5,0
495.75,0
496,0
496.25,0
496.5,0
496.75,0
497,0
497.25,0
497.5,0
497.75,0
498,0
498.25,0
498.5,0
498.75,0
499,0
499.25,0
499.5,0
499.75,0
500,0
500.25,0
500.5,0
500.75,0
501,0
501.25,0
501.5,0
501.75,0
502,0
502.25,0
502.5,0
502.75,0
503,0
503.25,0
503.5,0
503.75,0
504,0
504.25,0
504.5,0
504.75,0
505,0
505.25,0
505.5,0
505.75,0
506,0
506.25,0
506.5,0
506.75,0
507,0
507.25,0
507.5,0
507.75,0
508,0
508.25,0
508.5,0
508.75,0
509,0
509.25,0
509.5,0
509.75,0
510,0
510.25,0
510.5,0
510.75,0
511,0
511.25,0
511.5,0
511.75,0
512,0
512.25,0
512.5,0
512.75,0
513,0
513.25,0
513.5,0
513.75,0
514,0
514.25,0
514.5,0
514.75,0
515,0
515.25,0
515.5,0
515.75,0
516,0
516.25,0
516.5,0
516.75,0
517,0
517.25,0
517.5,0
517.75,0
518,0
518.25,0
518.5,0
518.75,0
519,0
519.25,0
519.5,0
519.75,0
520,0
520.25,0
520.5,0
520.75,0
521,0
521.25,0
521.5,0
521.75,0
522,0
522.25,0
522.5,0
522.75,0
523,0
523.25,0
523.5,0
523.75,0
524,0
524.25,0
524.5,0
524.75,0
525,0
525.25,0
525.5,0
525.75,0
526,0
526.25,0
526.5,0
526.75,0
527,0
527.25,0
527.5,0
527.75,0
528,0
528.25,0
528.5,0
528.75,0
529,0
529.25,0
529.5,0
529.75,0
530,0
530.25,0
530.5,0
530.75,0
531,0
531.25,0
531.5,0
531.75,0
532,0
532.25,0
532.5,0
532.75,0
533,0
533.25,0
533.5,0
533.75,0
534,0
534.25,0
534.5,0
534.75,0
535,0
535.25,0
535.5,0
535.75,0
536,0
536.25,0
536.5,0
536.75,0
537,0
537.25,0
537.5,0
537.75,0
538,0
538.25,0
538.5,0
538.75,0
539,0
539.25,0
539.5,0
539.75,0
540,0
540.25,0
540.5,0
540.75,0
541,0
541.25,0
541.5,0
541.75,0
542,0
542.25,0
542.5,0
542.75,0
543,0
543.25,0
543.5,0
543.75,0
544,0
544.25,0
544.5,0
544.75,0
545,0
545.25,0
545.5,0
545.75,0
546,0
546.25,0
546.5,0
546.75,0
547,0
547.25,0
547.5,0
547.75,0
548,0
548.25,0
548.5,0
548.75,0
549,0
549.25,0
549.5,0
549.75,0
550,0
550.25,0
550.5,0
550.75,0
551,0
551.25,0
551.5,0
551.75,0
552,0
552.25,0
552.5,0
552.75,0
553,0
553.25,0
553.5,0
553.75,0
554,0
554.25,0
554.5,0
554.75,0
555,0
555.25,0
555.5,0
555.75,0
556,0
556.25,0
556.5,0
556.75,0
557,0
557.25,0
557.5,0
557.75,0
558,0
558.25,0
558.5,0
558.75,0
559,0
559.25,0
559.5,0
559.75,0
560,0
560.25,0
560.5,0
560.75,0
561,0
561.25,0
561.5,0
561.75,0
562,0
562.25,0
562.5,0
562.75,0
563,0
563.25,0
563.5,0
563.75,0
564,0
564.25,0
564.5,0
564.75,0
565,0
565.25,0
565.5,0
565.75,0
566,0
566.25,0
566.5,0
566.75,0
567,0
567.25,0
567.5,0
567.75,0
568,0
568.25,0
568.5,0
568.75,0
569,0
569.25,0
569.5,0
569.75,0
570,0
570.25,0
570.5,0
570.75,0
571,0
571.25,0
571.5,0
571.75,0
572,0
572.25,0
572.5,0
572.75,0
573,0
573.25,0
573.5,0
573.75,0
574,0
574.25,0
574.5,0
574.75,0
575,0
575.25,0
575.5,0
575.75,0
576,0
576.25,0
576.5,0
576.75,0
577,0
577.25,0
577.5,0
577.75,0
578,0
578.25,0
578.5,0
578.75,0
579,0
579.25,0
579.5,0
579.75,0
580,0
580.25,0
580.5,0
580.75,0
581,0
581.25,0
581.5,0
581.75,0
582,0
582.25,0
582.5,0
582.75,0
583,0
583.25,0
583.5,0
583.75,0
584,0
584.25,0
584.5,0
584.75,0
585,0
585.25,0
585.5,0
585.75,0
586,0
586.25,0
586.5,0
586.75,0
587,0
587.25,0
587.5,0
587.75,0
588,0
588.25,0
588.5,0
588.75,0
589,0
589.25,0
589.5,0
589.75,0
590,0
590.25,0
590.5,0
590.75,0
591,0
591.25,0
591.5,0
591.75,0
592,0
592.25,0
592.5,0
592.75,0
593,0
593.25,0
593.5,0
593.75,0
594,0
594.25,0
594.5,0
594.75,0
595,0
595.25,0
595.5,0
595.75,0
596,0
596.25,0
596.5,0
596.75,0
597,0
597.25,0
597.5,0
597.75,0
598,0
598.25,0
598.5,0
598.75,0
599,0
599.25,0
599.5,0
599.75,0
