Time,total_fraction_lambda_H
0,-nan
0.25,-nan
0.5,-nan
0.75,-nan
1,-nan
1.25,0.999995
1.5,0
1.75,-nan
2,0.943854
2.25,0.999998
2.5,0.999996
2.75,0.981835
3,0
3.25,0.994877
3.5,0.951198
3.75,0.997151
4,0.996908
4.25,0.99999
4.5,0.909393
4.75,0.911033
5,0
5.25,0.998054
5.5,0.994657
5.75,0.940669
6,0.999991
6.25,0.821336
6.5,0
6.75,0.983462
7,0.997113
7.25,0.999246
7.5,0.981442
7.75,0.997733
8,0
8.25,0.999994
8.5,0
8.75,0.995826
9,0.813762
9.25,0.513515
9.5,0
9.75,0.956459
10,0.965002
10.25,0
10.5,0.999992
10.75,0
11,0.929483
11.25,0.999995
11.5,0.982592
11.75,0.981777
12,0.987634
12.25,0.989338
12.5,0.445992
12.75,0.970821
13,0.988343
13.25,0.955366
13.5,0.948519
13.75,0.827175
14,0.926547
14.25,0
14.5,0.929722
14.75,0.260077
15,0.999988
15.25,0
15.5,0
15.75,0.964035
16,0.995932
16.25,0.924689
16.5,0.77565
16.75,0.884986
17,0.9913
17.25,0.869494
17.5,0.920233
17.75,0.932834
18,0.963155
18.25,0.986871
18.5,0.999989
18.75,0
19,0.987333
19.25,0.965529
19.5,0.973978
19.75,0.917848
20,0.711194
20.25,0.980396
20.5,0.983085
20.75,0.647002
21,0.956247
21.25,0
21.5,0.771965
21.75,0.935007
22,0.178926
22.25,0.84962
22.5,0.977685
22.75,0.978866
23,0.997054
23.25,0.557997
23.5,0.991284
23.75,0.997682
24,0
24.25,0
24.5,0.89757
24.75,0.893021
25,0.903075
25.25,0.944174
25.5,0.991841
25.75,0.981864
26,0.489402
26.25,0.819799
26.5,0.700863
26.75,0.940175
27,0.862726
27.25,0.899901
27.5,0.954491
27.75,0.946826
28,0.858719
28.25,0.944269
28.5,0.963565
28.75,0.977637
29,0.975182
29.25,0.963678
29.5,0.940467
29.75,0.954667
30,0.807389
30.25,0.687882
30.5,0.926087
30.75,0.955684
31,0.970161
31.25,0.949934
31.5,0
31.75,0.988272
32,0.960451
32.25,0.967508
32.5,0.865701
32.75,0.944881
33,0.932823
33.25,0.910842
33.5,0.963388
33.75,0.980499
34,0.943847
34.25,0.995699
34.5,0.91676
34.75,0.84204
35,0.987356
35.25,0.935606
35.5,0.952534
35.75,0.974896
36,0.974706
36.25,0.91231
36.5,0.955423
36.75,0.92223
37,0.934502
37.25,0.966903
37.5,0.995734
37.75,0.975911
38,0.946341
38.25,0.97269
38.5,0.986064
38.75,0.900552
39,0.968007
39.25,0.977103
39.5,0.894803
39.75,0.886849
40,0.955197
40.25,0.971711
40.5,0.969392
40.75,0.859814
41,0.634405
41.25,0.980405
41.5,0.939537
41.75,0.981815
42,0.966446
42.25,0.9647
42.5,0.997422
42.75,0.991002
43,0.828914
43.25,0.902442
43.5,0.838045
43.75,0.96792
44,0.987405
44.25,0.950294
44.5,0.954804
44.75,0.969371
45,0.991883
45.25,0.936898
45.5,0.955782
45.75,0.949273
46,0.856058
46.25,0.688873
46.5,0.931292
46.75,0.880599
47,0.29104
47.25,0.851895
47.5,0.860381
47.75,0.881277
48,0.932747
48.25,0.935347
48.5,0.906433
48.75,0.970083
49,0.923104
49.25,0.866713
49.5,0.961663
49.75,0.969957
50,0.894182
50.25,0.973341
50.5,0.936702
50.75,0.963266
51,0.918345
51.25,0.950265
51.5,0.926707
51.75,0.979547
52,0.913131
52.25,0.934807
52.5,0.965964
52.75,0.966102
53,0.881879
53.25,0.859331
53.5,0.962728
53.75,0.854012
54,0.962888
54.25,0.954836
54.5,0.88841
54.75,0.968266
55,0.916254
55.25,0.927187
55.5,0.975481
55.75,0.938251
56,0.955473
56.25,0.940019
56.5,0.881811
56.75,0.896101
57,0.918984
57.25,0.956167
57.5,0.875227
57.75,0.947767
58,0.857231
58.25,0.914584
58.5,0.945598
58.75,0.940901
59,0.973547
59.25,0.940129
59.5,0.874277
59.75,0.937936
60,0.943833
60.25,0.907698
60.5,0.860696
60.75,0.835696
61,0.94723
61.25,0.884349
61.5,0.902112
61.75,0.816497
62,0.956289
62.25,0.880781
62.5,0.892332
62.75,0.933764
63,0.946098
63.25,0.940652
63.5,0.953074
63.75,0.871815
64,0.915264
64.25,0.894006
64.5,0.938104
64.75,0.8583
65,0.886658
65.25,0.88421
65.5,0.953769
65.75,0.910149
66,0.942935
66.25,0.930763
66.5,0.806787
66.75,0.863545
67,0.836633
67.25,0.911231
67.5,0.939882
67.75,0.888701
68,0.782833
68.25,0.919895
68.5,0.881275
68.75,0.815094
69,0.893719
69.25,0.898189
69.5,0.865494
69.75,0.890101
70,0.929435
70.25,0.949822
70.5,0.95395
70.75,0.982362
71,0.980648
71.25,0.977362
71.5,0.96662
71.75,0.98308
72,0.983065
72.25,0.980905
72.5,0.975651
72.75,0.990775
73,0.976497
73.25,0.987412
73.5,0.993333
73.75,0.987595
74,0.99587
74.25,0.927066
74.5,0.859174
74.75,0.878949
75,0.974505
75.25,0.9755
75.5,0.99235
75.75,0.989031
76,0.992785
76.25,0.989491
76.5,0.984554
76.75,0.971169
77,0.991106
77.25,0.892522
77.5,0.980429
77.75,0.940726
78,0.992825
78.25,0.977653
78.5,0.971313
78.75,0.990049
79,0.880778
79.25,0.985444
79.5,0.975988
79.75,0.990072
80,0.990696
80.25,0.93286
80.5,0.954535
80.75,0.968412
81,0.962218
81.25,0.991671
81.5,0.96562
81.75,0.984818
82,0.992348
82.25,0.983272
82.5,0.997094
82.75,0.958945
83,0.866693
83.25,0.935409
83.5,0.951838
83.75,0.95303
84,0.92027
84.25,0.958471
84.5,0.993194
84.75,0.990595
85,0.987038
85.25,0.9729
85.5,0.988849
85.75,0.994713
86,0.955049
86.25,0.980224
86.5,0.978823
86.75,0.979212
87,0.93295
87.25,0.999684
87.5,0.995738
87.75,0.946952
88,0.857842
88.25,0.851056
88.5,0.893581
88.75,0.851616
89,0.963208
89.25,0.997257
89.5,0.994034
89.75,0.997534
90,0.984286
90.25,0.986895
90.5,0.942209
90.75,0.996751
91,0.980789
91.25,0.986097
91.5,0.977953
91.75,0.944877
92,0.998545
92.25,0.991428
92.5,0.857182
92.75,0.996191
93,0.993933
93.25,0.971347
93.5,0.915924
93.75,0.989173
94,0.797207
94.25,0.995109
94.5,0.754069
94.75,0.974808
95,0.999992
95.25,0.992016
95.5,0.91048
95.75,0.956686
96,0.943557
96.25,0.838313
96.5,0.880341
96.75,0.952471
97,0.9788
97.25,0.916825
97.5,0.756816
97.75,0.80749
98,0.954017
98.25,0.926904
98.5,0.965024
98.75,0.975436
99,0.919083
99.25,0.988862
99.5,0.991162
99.75,0.993495
100,0.967653
100.25,0.970832
100.5,0.905967
100.75,0.931791
101,0.951478
101.25,0.853893
101.5,0.999441
101.75,0.93608
102,0.993713
102.25,0.995321
102.5,0.963901
102.75,0.968025
103,0.992595
103.25,0.990704
103.5,0.992146
103.75,0.983617
104,0.989092
104.25,0.744535
104.5,0.99624
104.75,0.989936
105,0.998375
105.25,0.988023
105.5,0.592947
105.75,0.972135
106,0.978639
106.25,0.993532
106.5,0.701547
106.75,0.971907
107,0.997974
107.25,0.94936
107.5,0.552398
107.75,0.892974
108,0.99752
108.25,0.893654
108.5,0.928403
108.75,0.99999
109,0.967747
109.25,0.515579
109.5,0.837198
109.75,0.972416
110,0.545685
110.25,0.942271
110.5,0.929044
110.75,0.950002
111,0.999987
111.25,0
111.5,0.95964
111.75,0.90442
112,0.989988
112.25,0.956736
112.5,0.920947
112.75,0.623903
113,0.76967
113.25,0.904492
113.5,0.76943
113.75,0
114,0.952422
114.25,0.891645
114.5,0.848207
114.75,0.924116
115,0.987662
115.25,0.547175
115.5,0.758093
115.75,0.966566
116,0.931827
116.25,0.9199
116.5,0.959655
116.75,0.833452
117,0.997655
117.25,0.908929
117.5,0.817872
117.75,0.915117
118,0.961824
118.25,0.987061
118.5,0.946811
118.75,0.610311
119,0.898304
119.25,0.933338
119.5,0.704072
119.75,0.985707
120,0.947673
120.25,0
120.5,0.901372
120.75,0.992735
121,0.9944
121.25,0.906471
121.5,0.993198
121.75,0.920323
122,0.997514
122.25,0.94108
122.5,0.980292
122.75,0.972504
123,0.998946
123.25,0.983711
123.5,0.999999
123.75,0.998673
124,0.991604
124.25,0.992815
124.5,0.994443
124.75,0.979253
125,0.989063
125.25,0.990578
125.5,0.992612
125.75,0.9889
126,0.996863
126.25,0.988265
126.5,0.965191
126.75,0.998
127,0
127.25,0.986325
127.5,0.996815
127.75,0.994002
128,0.960719
128.25,0.961301
128.5,0.96259
128.75,0.929143
129,0.994072
129.25,0.975085
129.5,0.98643
129.75,0.959596
130,0.996801
130.25,0.999996
130.5,0
130.75,0.847296
131,0
131.25,0
131.5,0.999999
131.75,0.986947
132,0
132.25,0.999996
132.5,0.997074
132.75,0.461109
133,0.999993
133.25,0.996726
133.5,0.999911
133.75,0
134,0.997844
134.25,0.997337
134.5,0.999995
134.75,0
135,0.999996
135.25,0
135.5,0.999111
135.75,0.996205
136,0.999024
136.25,0
136.5,0.999998
136.75,0.974885
137,0
137.25,0.999988
137.5,0.980382
137.75,0.988828
138,0
138.25,0.999997
138.5,0.984295
138.75,0
139,0.999993
139.25,-nan
139.5,-nan
139.75,0.999997
140,0.992506
140.25,0.998198
140.5,0.99682
140.75,0
141,0
141.25,0
141.5,0.982035
141.75,-nan
142,-nan
142.25,0
142.5,0.996718
142.75,-nan
143,0.989315
143.25,1
143.5,0
143.75,0.999999
144,0.993789
144.25,0.999582
144.5,0.999385
144.75,0.984177
145,0.99734
145.25,0.99892
145.5,0.999999
145.75,0.999997
146,1
146.25,1
146.5,1
146.75,0
147,1
147.25,-nan
147.5,-nan
147.75,0
148,1
148.25,-nan
148.5,-nan
148.75,-nan
149,-nan
149.25,0.992416
149.5,0
149.75,0.946964
150,-nan
150.25,-nan
150.5,0
150.75,-nan
151,0
151.25,-nan
151.5,0
151.75,-nan
152,-nan
152.25,-nan
152.5,0.999998
152.75,-nan
153,1
153.25,0
153.5,-nan
153.75,-nan
154,0.999994
154.25,0.996644
154.5,0.999999
154.75,0.900833
155,0
155.25,-nan
155.5,0.988953
155.75,-nan
156,-nan
156.25,-nan
156.5,0
156.75,-nan
157,-nan
157.25,0.999996
157.5,-nan
157.75,-nan
158,1
158.25,-nan
158.5,1
158.75,-nan
159,-nan
159.25,-nan
159.5,-nan
159.75,-nan
160,0
160.25,1
160.5,0.952975
160.75,1
161,0.998275
161.25,-nan
161.5,-nan
161.75,-nan
162,1
162.25,1
162.5,-nan
162.75,-nan
163,-nan
163.25,-nan
163.5,-nan
163.75,0
164,1
164.25,0.999999
164.5,0
164.75,0.995114
165,-nan
165.25,-nan
165.5,-nan
165.75,1
166,-nan
166.25,-nan
166.5,-nan
166.75,-nan
167,-nan
167.25,-nan
167.5,-nan
167.75,-nan
168,-nan
168.25,-nan
168.5,-nan
168.75,-nan
169,-nan
169.25,-nan
169.5,-nan
169.75,-nan
170,-nan
170.25,0
170.5,-nan
170.75,0
171,0.998161
171.25,-nan
171.5,1
171.75,-nan
172,-nan
172.25,-nan
172.5,-nan
172.75,0
173,-nan
173.25,0.999998
173.5,-nan
173.75,-nan
174,-nan
174.25,1
174.5,1
174.75,-nan
175,-nan
175.25,-nan
175.5,-nan
175.75,-nan
176,-nan
176.25,-nan
176.5,1
176.75,-nan
177,-nan
177.25,-nan
177.5,-nan
177.75,-nan
178,1
178.25,-nan
178.5,-nan
178.75,-nan
179,-nan
179.25,-nan
179.5,-nan
179.75,-nan
180,-nan
180.25,-nan
180.5,-nan
180.75,-nan
181,-nan
181.25,-nan
181.5,-nan
181.75,-nan
182,-nan
182.25,-nan
182.5,-nan
182.75,-nan
183,-nan
183.25,-nan
183.5,-nan
183.75,-nan
184,-nan
184.25,-nan
184.5,-nan
184.75,-nan
185,-nan
185.25,-nan
185.5,-nan
185.75,-nan
186,-nan
186.25,-nan
186.5,-nan
186.75,-nan
187,-nan
187.25,-nan
187.5,-nan
187.75,-nan
188,-nan
188.25,-nan
188.5,-nan
188.75,-nan
189,-nan
189.25,-nan
189.5,-nan
189.75,-nan
190,-nan
190.25,-nan
190.5,-nan
190.75,-nan
191,-nan
191.25,-nan
191.5,-nan
191.75,-nan
192,-nan
192.25,-nan
192.5,-nan
192.75,-nan
193,-nan
193.25,-nan
193.5,-nan
193.75,-nan
194,-nan
194.25,-nan
194.5,-nan
194.75,-nan
195,-nan
195.25,-nan
195.5,-nan
195.75,-nan
196,-nan
196.25,-nan
196.5,-nan
196.75,-nan
197,-nan
197.25,-nan
197.5,-nan
197.75,-nan
198,-nan
198.25,-nan
198.5,-nan
198.75,-nan
199,-nan
199.25,-nan
199.5,-nan
199.75,-nan
200,-nan
200.25,-nan
200.5,-nan
200.75,-nan
201,-nan
201.25,-nan
201.5,-nan
201.75,-nan
202,-nan
202.25,-nan
202.5,-nan
202.75,-nan
203,-nan
203.25,-nan
203.5,-nan
203.75,-nan
204,-nan
204.25,-nan
204.5,-nan
204.75,-nan
205,-nan
205.25,-nan
205.5,-nan
205.75,-nan
206,-nan
206.25,-nan
206.5,-nan
206.75,-nan
207,-nan
207.25,-nan
207.5,-nan
207.75,-nan
208,-nan
208.25,-nan
208.5,-nan
208.75,-nan
209,-nan
209.25,-nan
209.5,-nan
209.75,-nan
210,-nan
210.25,-nan
210.5,-nan
210.75,-nan
211,-nan
211.25,-nan
211.5,-nan
211.75,-nan
212,-nan
212.25,-nan
212.5,-nan
212.75,-nan
213,-nan
213.25,-nan
213.5,-nan
213.75,-nan
214,-nan
214.25,-nan
214.5,-nan
214.75,-nan
215,-nan
215.25,-nan
215.5,-nan
215.75,-nan
216,-nan
216.25,-nan
216.5,-nan
216.75,-nan
217,-nan
217.25,-nan
217.5,-nan
217.75,-nan
218,-nan
218.25,-nan
218.5,-nan
218.75,-nan
219,-nan
219.25,-nan
219.5,-nan
219.75,-nan
220,-nan
220.25,-nan
220.5,-nan
220.75,-nan
221,-nan
221.25,-nan
221.5,-nan
221.75,-nan
222,-nan
222.25,-nan
222.5,-nan
222.75,-nan
223,-nan
223.25,-nan
223.5,-nan
223.75,-nan
224,-nan
224.25,-nan
224.5,-nan
224.75,-nan
225,-nan
225.25,-nan
225.5,-nan
225.75,-nan
226,-nan
226.25,-nan
226.5,-nan
226.75,-nan
227,-nan
227.25,-nan
227.5,-nan
227.75,-nan
228,-nan
228.25,-nan
228.5,-nan
228.75,-nan
229,-nan
229.25,-nan
229.5,-nan
229.75,-nan
230,-nan
230.25,-nan
230.5,-nan
230.75,-nan
231,-nan
231.25,-nan
231.5,-nan
231.75,-nan
232,-nan
232.25,-nan
232.5,-nan
232.75,-nan
233,-nan
233.25,-nan
233.5,-nan
233.75,-nan
234,-nan
234.25,-nan
234.5,-nan
234.75,-nan
235,-nan
235.25,-nan
235.5,-nan
235.75,-nan
236,-nan
236.25,-nan
236.5,-nan
236.75,-nan
237,-nan
237.25,-nan
237.5,-nan
237.75,-nan
238,-nan
238.25,-nan
238.5,-nan
238.75,-nan
239,-nan
239.25,-nan
239.5,-nan
239.75,-nan
240,-nan
240.25,-nan
240.5,-nan
240.75,-nan
241,-nan
241.25,-nan
241.5,-nan
241.75,-nan
242,-nan
242.25,-nan
242.5,-nan
242.75,-nan
243,-nan
243.25,-nan
243.5,-nan
243.75,-nan
244,-nan
244.25,-nan
244.5,-nan
244.75,-nan
245,-nan
245.25,-nan
245.5,-nan
245.75,-nan
246,-nan
246.25,-nan
246.5,-nan
246.75,-nan
247,-nan
247.25,-nan
247.5,-nan
247.75,-nan
248,-nan
248.25,-nan
248.5,-nan
248.75,-nan
249,-nan
249.25,-nan
249.5,-nan
249.75,-nan
250,-nan
250.25,-nan
250.5,-nan
250.75,-nan
251,-nan
251.25,-nan
251.5,-nan
251.75,-nan
252,-nan
252.25,-nan
252.5,-nan
252.75,-nan
253,-nan
253.25,-nan
253.5,-nan
253.75,-nan
254,-nan
254.25,-nan
254.5,-nan
254.75,-nan
255,-nan
255.25,-nan
255.5,-nan
255.75,-nan
256,-nan
256.25,-nan
256.5,-nan
256.75,-nan
257,-nan
257.25,-nan
257.5,-nan
257.75,-nan
258,-nan
258.25,-nan
258.5,-nan
258.75,-nan
259,-nan
259.25,-nan
259.5,-nan
259.75,-nan
260,-nan
260.25,-nan
260.5,-nan
260.75,-nan
261,-nan
261.25,-nan
261.5,-nan
261.75,-nan
262,-nan
262.25,-nan
262.5,-nan
262.75,-nan
263,-nan
263.25,-nan
263.5,-nan
263.75,-nan
264,-nan
264.25,-nan
264.5,-nan
264.75,-nan
265,-nan
265.25,-nan
265.5,-nan
265.75,-nan
266,-nan
266.25,-nan
266.5,-nan
266.75,-nan
267,-nan
267.25,-nan
267.5,-nan
267.75,-nan
268,-nan
268.25,-nan
268.5,-nan
268.75,-nan
269,-nan
269.25,-nan
269.5,-nan
269.75,-nan
270,-nan
270.25,-nan
270.5,-nan
270.75,-nan
271,-nan
271.25,-nan
271.5,-nan
271.75,-nan
272,-nan
272.25,-nan
272.5,-nan
272.75,-nan
273,-nan
273.25,-nan
273.5,-nan
273.75,-nan
274,-nan
274.25,-nan
274.5,-nan
274.75,-nan
275,-nan
275.25,-nan
275.5,-nan
275.75,-nan
276,-nan
276.25,-nan
276.5,-nan
276.75,-nan
277,-nan
277.25,-nan
277.5,-nan
277.75,-nan
278,-nan
278.25,-nan
278.5,-nan
278.75,-nan
279,-nan
279.25,-nan
279.5,-nan
279.75,-nan
280,-nan
280.25,-nan
280.5,-nan
280.75,-nan
281,-nan
281.25,-nan
281.5,-nan
281.75,-nan
282,-nan
282.25,-nan
282.5,-nan
282.75,-nan
283,-nan
283.25,-nan
283.5,-nan
283.75,-nan
284,-nan
284.25,-nan
284.5,-nan
284.75,-nan
285,-nan
285.25,-nan
285.5,-nan
285.75,-nan
286,-nan
286.25,-nan
286.5,-nan
286.75,-nan
287,-nan
287.25,-nan
287.5,-nan
287.75,-nan
288,-nan
288.25,-nan
288.5,-nan
288.75,-nan
289,-nan
289.25,-nan
289.5,-nan
289.75,-nan
290,-nan
290.25,-nan
290.5,-nan
290.75,-nan
291,-nan
291.25,-nan
291.5,-nan
291.75,-nan
292,-nan
292.25,-nan
292.5,-nan
292.75,-nan
293,-nan
293.25,-nan
293.5,-nan
293.75,-nan
294,-nan
294.25,-nan
294.5,-nan
294.75,-nan
295,-nan
295.25,-nan
295.5,-nan
295.75,-nan
296,-nan
296.25,-nan
296.5,-nan
296.75,-nan
297,-nan
297.25,-nan
297.5,-nan
297.75,-nan
298,-nan
298.25,-nan
298.5,-nan
298.75,-nan
299,-nan
299.25,-nan
299.5,-nan
299.75,-nan
300,-nan
300.25,-nan
300.5,-nan
300.75,-nan
301,-nan
301.25,-nan
301.5,-nan
301.75,-nan
302,-nan
302.25,-nan
302.5,-nan
302.75,-nan
303,-nan
303.25,-nan
303.5,-nan
303.75,-nan
304,-nan
304.25,-nan
304.5,-nan
304.75,-nan
305,-nan
305.25,-nan
305.5,-nan
305.75,-nan
306,-nan
306.25,-nan
306.5,-nan
306.75,-nan
307,-nan
307.25,-nan
307.5,-nan
307.75,-nan
308,-nan
308.25,-nan
308.5,-nan
308.75,-nan
309,-nan
309.25,-nan
309.5,-nan
309.75,-nan
310,-nan
310.25,-nan
310.5,-nan
310.75,-nan
311,-nan
311.25,-nan
311.5,-nan
311.75,-nan
312,-nan
312.25,-nan
312.5,-nan
312.75,-nan
313,-nan
313.25,-nan
313.5,-nan
313.75,-nan
314,-nan
314.25,-nan
314.5,-nan
314.75,-nan
315,-nan
315.25,-nan
315.5,-nan
315.75,-nan
316,-nan
316.25,-nan
316.5,-nan
316.75,-nan
317,-nan
317.25,-nan
317.5,-nan
317.75,-nan
318,-nan
318.25,-nan
318.5,-nan
318.75,-nan
319,-nan
319.25,-nan
319.5,-nan
319.75,-nan
320,-nan
320.25,-nan
320.5,-nan
320.75,-nan
321,-nan
321.25,-nan
321.5,-nan
321.75,-nan
322,-nan
322.25,-nan
322.5,-nan
322.75,-nan
323,-nan
323.25,-nan
323.5,-nan
323.75,-nan
324,-nan
324.25,-nan
324.5,-nan
324.75,-nan
325,-nan
325.25,-nan
325.5,-nan
325.75,-nan
326,-nan
326.25,-nan
326.5,-nan
326.75,-nan
327,-nan
327.25,-nan
327.5,-nan
327.75,-nan
328,-nan
328.25,-nan
328.5,-nan
328.75,-nan
329,-nan
329.25,-nan
329.5,-nan
329.75,-nan
330,-nan
330.25,-nan
330.5,-nan
330.75,-nan
331,-nan
331.25,-nan
331.5,-nan
331.75,-nan
332,-nan
332.25,-nan
332.5,-nan
332.75,-nan
333,-nan
333.25,-nan
333.5,-nan
333.75,-nan
334,-nan
334.25,-nan
334.5,-nan
334.75,-nan
335,-nan
335.25,-nan
335.5,-nan
335.75,-nan
336,-nan
336.25,-nan
336.5,-nan
336.75,-nan
337,-nan
337.25,-nan
337.5,-nan
337.75,-nan
338,-nan
338.25,-nan
338.5,-nan
338.75,-nan
339,-nan
339.25,-nan
339.5,-nan
339.75,-nan
340,-nan
340.25,-nan
340.5,-nan
340.75,-nan
341,-nan
341.25,-nan
341.5,-nan
341.75,-nan
342,-nan
342.25,-nan
342.5,-nan
342.75,-nan
343,-nan
343.25,-nan
343.5,-nan
343.75,-nan
344,-nan
344.25,-nan
344.5,-nan
344.75,-nan
345,-nan
345.25,-nan
345.5,-nan
345.75,-nan
346,-nan
346.25,-nan
346.5,-nan
346.75,-nan
347,-nan
347.25,-nan
347.5,-nan
347.75,-nan
348,-nan
348.25,-nan
348.5,-nan
348.75,-nan
349,-nan
349.25,-nan
349.5,-nan
349.75,-nan
350,-nan
350.25,-nan
350.5,-nan
350.75,-nan
351,-nan
351.25,-nan
351.5,-nan
351.75,-nan
352,-nan
352.25,-nan
352.5,-nan
352.75,-nan
353,-nan
353.25,-nan
353.5,-nan
353.75,-nan
354,-nan
354.25,-nan
354.5,-nan
354.75,-nan
355,-nan
355.25,-nan
355.5,-nan
355.75,-nan
356,-nan
356.25,-nan
356.5,-nan
356.75,-nan
357,-nan
357.25,-nan
357.5,-nan
357.75,-nan
358,-nan
358.25,-nan
358.5,-nan
358.75,-nan
359,-nan
359.25,-nan
359.5,-nan
359.75,-nan
360,-nan
360.25,-nan
360.5,-nan
360.75,-nan
361,-nan
361.25,-nan
361.5,-nan
361.75,-nan
362,-nan
362.25,-nan
362.5,-nan
362.75,-nan
363,-nan
363.25,-nan
363.5,-nan
363.75,-nan
364,-nan
364.25,-nan
364.5,-nan
364.75,-nan
365,-nan
365.25,-nan
365.5,-nan
365.75,-nan
366,-nan
366.25,-nan
366.5,-nan
366.75,-nan
367,-nan
367.25,-nan
367.5,-nan
367.75,-nan
368,-nan
368.25,-nan
368.5,-nan
368.75,-nan
369,-nan
369.25,-nan
369.5,-nan
369.75,-nan
370,-nan
370.25,-nan
370.5,-nan
370.75,-nan
371,-nan
371.25,-nan
371.5,-nan
371.75,-nan
372,-nan
372.25,-nan
372.5,-nan
372.75,-nan
373,-nan
373.25,-nan
373.5,-nan
373.75,-nan
374,-nan
374.25,-nan
374.5,-nan
374.75,-nan
375,-nan
375.25,-nan
375.5,-nan
375.75,-nan
376,-nan
376.25,-nan
376.5,-nan
376.75,-nan
377,-nan
377.25,-nan
377.5,-nan
377.75,-nan
378,-nan
378.25,-nan
378.5,-nan
378.75,-nan
379,-nan
379.25,-nan
379.5,-nan
379.75,-nan
380,-nan
380.25,-nan
380.5,-nan
380.75,-nan
381,-nan
381.25,-nan
381.5,-nan
381.75,-nan
382,-nan
382.25,-nan
382.5,-nan
382.75,-nan
383,-nan
383.25,-nan
383.5,-nan
383.75,-nan
384,-nan
384.25,-nan
384.5,-nan
384.75,-nan
385,-nan
385.25,-nan
385.5,-nan
385.75,-nan
386,-nan
386.25,-nan
386.5,-nan
386.75,-nan
387,-nan
387.25,-nan
387.5,-nan
387.75,-nan
388,-nan
388.25,-nan
388.5,-nan
388.75,-nan
389,-nan
389.25,-nan
389.5,-nan
389.75,-nan
390,-nan
390.25,-nan
390.5,-nan
390.75,-nan
391,-nan
391.25,-nan
391.5,-nan
391.75,-nan
392,-nan
392.25,-nan
392.5,-nan
392.75,-nan
393,-nan
393.25,-nan
393.5,-nan
393.75,-nan
394,-nan
394.25,-nan
394.5,-nan
394.75,-nan
395,-nan
395.25,-nan
395.5,-nan
395.75,-nan
396,-nan
396.25,-nan
396.5,-nan
396.75,-nan
397,-nan
397.25,-nan
397.5,-nan
397.75,-nan
398,-nan
398.25,-nan
398.5,-nan
398.75,-nan
399,-nan
399.25,-nan
399.5,-nan
399.75,-nan
400,-nan
400.25,-nan
400.5,-nan
400.75,-nan
401,-nan
401.25,-nan
401.5,-nan
401.75,-nan
402,-nan
402.25,-nan
402.5,-nan
402.75,-nan
403,-nan
403.25,-nan
403.5,-nan
403.75,-nan
404,-nan
404.25,-nan
404.5,-nan
404.75,-nan
405,-nan
405.25,-nan
405.5,-nan
405.75,-nan
406,-nan
406.25,-nan
406.5,-nan
406.75,-nan
407,-nan
407.25,-nan
407.5,-nan
407.75,-nan
408,-nan
408.25,-nan
408.5,-nan
408.75,-nan
409,-nan
409.25,-nan
409.5,-nan
409.75,-nan
410,-nan
410.25,-nan
410.5,-nan
410.75,-nan
411,-nan
411.25,-nan
411.5,-nan
411.75,-nan
412,-nan
412.25,-nan
412.5,-nan
412.75,-nan
413,-nan
413.25,-nan
413.5,-nan
413.75,-nan
414,-nan
414.25,-nan
414.5,-nan
414.75,-nan
415,-nan
415.25,-nan
415.5,-nan
415.75,-nan
416,-nan
416.25,-nan
416.5,-nan
416.75,-nan
417,-nan
417.25,-nan
417.5,-nan
417.75,-nan
418,-nan
418.25,-nan
418.5,-nan
418.75,-nan
419,-nan
419.25,-nan
419.5,-nan
419.75,-nan
420,-nan
420.25,-nan
420.5,-nan
420.75,-nan
421,-nan
421.25,-nan
421.5,-nan
421.75,-nan
422,-nan
422.25,-nan
422.5,-nan
422.75,-nan
423,-nan
423.25,-nan
423.5,-nan
423.75,-nan
424,-nan
424.25,-nan
424.5,-nan
424.75,-nan
425,-nan
425.25,-nan
425.5,-nan
425.75,-nan
426,-nan
426.25,-nan
426.5,-nan
426.75,-nan
427,-nan
427.25,-nan
427.5,-nan
427.75,-nan
428,-nan
428.25,-nan
428.5,-nan
428.75,-nan
429,-nan
429.25,-nan
429.5,-nan
429.75,-nan
430,-nan
430.25,-nan
430.5,-nan
430.75,-nan
431,-nan
431.25,-nan
431.5,-nan
431.75,-nan
432,-nan
432.25,-nan
432.5,-nan
432.75,-nan
433,-nan
433.25,-nan
433.5,-nan
433.75,-nan
434,-nan
434.25,-nan
434.5,-nan
434.75,-nan
435,-nan
435.25,-nan
435.5,-nan
435.75,-nan
436,-nan
436.25,-nan
436.5,-nan
436.75,-nan
437,-nan
437.25,-nan
437.5,-nan
437.75,-nan
438,-nan
438.25,-nan
438.5,-nan
438.75,-nan
439,-nan
439.25,-nan
439.5,-nan
439.75,-nan
440,-nan
440.25,-nan
440.5,-nan
440.75,-nan
441,-nan
441.25,-nan
441.5,-nan
441.75,-nan
442,-nan
442.25,-nan
442.5,-nan
442.75,-nan
443,-nan
443.25,-nan
443.5,-nan
443.75,-nan
444,-nan
444.25,-nan
444.5,-nan
444.75,-nan
445,-nan
445.25,-nan
445.5,-nan
445.75,-nan
446,-nan
446.25,-nan
446.5,-nan
446.75,-nan
447,-nan
447.25,-nan
447.5,-nan
447.75,-nan
448,-nan
448.25,-nan
448.5,-nan
448.75,-nan
449,-nan
449.25,-nan
449.5,-nan
449.75,-nan
450,-nan
450.25,-nan
450.5,-nan
450.75,-nan
451,-nan
451.25,-nan
451.5,-nan
451.75,-nan
452,-nan
452.25,-nan
452.5,-nan
452.75,-nan
453,-nan
453.25,-nan
453.5,-nan
453.75,-nan
454,-nan
454.25,-nan
454.5,-nan
454.75,-nan
455,-nan
455.25,-nan
455.5,-nan
455.75,-nan
456,-nan
456.25,-nan
456.5,-nan
456.75,-nan
457,-nan
457.25,-nan
457.5,-nan
457.75,-nan
458,-nan
458.25,-nan
458.5,-nan
458.75,-nan
459,-nan
459.25,-nan
459.5,-nan
459.75,-nan
460,-nan
460.25,-nan
460.5,-nan
460.75,-nan
461,-nan
461.25,-nan
461.5,-nan
461.75,-nan
462,-nan
462.25,-nan
462.5,-nan
462.75,-nan
463,-nan
463.25,-nan
463.5,-nan
463.75,-nan
464,-nan
464.25,-nan
464.5,-nan
464.75,-nan
465,-nan
465.25,-nan
465.5,-nan
465.75,-nan
466,-nan
466.25,-nan
466.5,-nan
466.75,-nan
467,-nan
467.25,-nan
467.5,-nan
467.75,-nan
468,-nan
468.25,-nan
468.5,-nan
468.75,-nan
469,-nan
469.25,-nan
469.5,-nan
469.75,-nan
470,-nan
470.25,-nan
470.5,-nan
470.75,-nan
471,-nan
471.25,-nan
471.5,-nan
471.75,-nan
472,-nan
472.25,-nan
472.5,-nan
472.75,-nan
473,-nan
473.25,-nan
473.5,-nan
473.75,-nan
474,-nan
474.25,-nan
474.5,-nan
474.75,-nan
475,-nan
475.25,-nan
475.5,-nan
475.75,-nan
476,-nan
476.25,-nan
476.5,-nan
476.75,-nan
477,-nan
477.25,-nan
477.5,-nan
477.75,-nan
478,-nan
478.25,-nan
478.5,-nan
478.75,-nan
479,-nan
479.25,-nan
479.5,-nan
479.75,-nan
480,-nan
480.25,-nan
480.5,-nan
480.75,-nan
481,-nan
481.25,-nan
481.5,-nan
481.75,-nan
482,-nan
482.25,-nan
482.5,-nan
482.75,-nan
483,-nan
483.25,-nan
483.5,-nan
483.75,-nan
484,-nan
484.25,-nan
484.5,-nan
484.75,-nan
485,-nan
485.25,-nan
485.5,-nan
485.75,-nan
486,-nan
486.25,-nan
486.5,-nan
486.75,-nan
487,-nan
487.25,-nan
487.5,-nan
487.75,-nan
488,-nan
488.25,-nan
488.5,-nan
488.75,-nan
489,-nan
489.25,-nan
489.5,-nan
489.75,-nan
490,-nan
490.25,-nan
490.5,-nan
490.75,-nan
491,-nan
491.25,-nan
491.5,-nan
491.75,-nan
492,-nan
492.25,-nan
492.5,-nan
492.75,-nan
493,-nan
493.25,-nan
493.5,-nan
493.75,-nan
494,-nan
494.25,-nan
494.5,-nan
494.75,-nan
495,-nan
495.25,-nan
495.5,-nan
495.75,-nan
496,-nan
496.25,-nan
496.5,-nan
496.75,-nan
497,-nan
497.25,-nan
497.5,-nan
497.75,-nan
498,-nan
498.25,-nan
498.5,-nan
498.75,-nan
499,-nan
499.25,-nan
499.5,-nan
499.75,-nan
500,-nan
500.25,-nan
500.5,-nan
500.75,-nan
501,-nan
501.25,-nan
501.5,-nan
501.75,-nan
502,-nan
502.25,-nan
502.5,-nan
502.75,-nan
503,-nan
503.25,-nan
503.5,-nan
503.75,-nan
504,-nan
504.25,-nan
504.5,-nan
504.75,-nan
505,-nan
505.25,-nan
505.5,-nan
505.75,-nan
506,-nan
506.25,-nan
506.5,-nan
506.75,-nan
507,-nan
507.25,-nan
507.5,-nan
507.75,-nan
508,-nan
508.25,-nan
508.5,-nan
508.75,-nan
509,-nan
509.25,-nan
509.5,-nan
509.75,-nan
510,-nan
510.25,-nan
510.5,-nan
510.75,-nan
511,-nan
511.25,-nan
511.5,-nan
511.75,-nan
512,-nan
512.25,-nan
512.5,-nan
512.75,-nan
513,-nan
513.25,-nan
513.5,-nan
513.75,-nan
514,-nan
514.25,-nan
514.5,-nan
514.75,-nan
515,-nan
515.25,-nan
515.5,-nan
515.75,-nan
516,-nan
516.25,-nan
516.5,-nan
516.75,-nan
517,-nan
517.25,-nan
517.5,-nan
517.75,-nan
518,-nan
518.25,-nan
518.5,-nan
518.75,-nan
519,-nan
519.25,-nan
519.5,-nan
519.75,-nan
520,-nan
520.25,-nan
520.5,-nan
520.75,-nan
521,-nan
521.25,-nan
521.5,-nan
521.75,-nan
522,-nan
522.25,-nan
522.5,-nan
522.75,-nan
523,-nan
523.25,-nan
523.5,-nan
523.75,-nan
524,-nan
524.25,-nan
524.5,-nan
524.75,-nan
525,-nan
525.25,-nan
525.5,-nan
525.75,-nan
526,-nan
526.25,-nan
526.5,-nan
526.75,-nan
527,-nan
527.25,-nan
527.5,-nan
527.75,-nan
528,-nan
528.25,-nan
528.5,-nan
528.75,-nan
529,-nan
529.25,-nan
529.5,-nan
529.75,-nan
530,-nan
530.25,-nan
530.5,-nan
530.75,-nan
531,-nan
531.25,-nan
531.5,-nan
531.75,-nan
532,-nan
532.25,-nan
532.5,-nan
532.75,-nan
533,-nan
533.25,-nan
533.5,-nan
533.75,-nan
534,-nan
534.25,-nan
534.5,-nan
534.75,-nan
535,-nan
535.25,-nan
535.5,-nan
535.75,-nan
536,-nan
536.25,-nan
536.5,-nan
536.75,-nan
537,-nan
537.25,-nan
537.5,-nan
537.75,-nan
538,-nan
538.25,-nan
538.5,-nan
538.75,-nan
539,-nan
539.25,-nan
539.5,-nan
539.75,-nan
540,-nan
540.25,-nan
540.5,-nan
540.75,-nan
541,-nan
541.25,-nan
541.5,-nan
541.75,-nan
542,-nan
542.25,-nan
542.5,-nan
542.75,-nan
543,-nan
543.25,-nan
543.5,-nan
543.75,-nan
544,-nan
544.25,-nan
544.5,-nan
544.75,-nan
545,-nan
545.25,-nan
545.5,-nan
545.75,-nan
546,-nan
546.25,-nan
546.5,-nan
546.75,-nan
547,-nan
547.25,-nan
547.5,-nan
547.75,-nan
548,-nan
548.25,-nan
548.5,-nan
548.75,-nan
549,-nan
549.25,-nan
549.5,-nan
549.75,-nan
550,-nan
550.25,-nan
550.5,-nan
550.75,-nan
551,-nan
551.25,-nan
551.5,-nan
551.75,-nan
552,-nan
552.25,-nan
552.5,-nan
552.75,-nan
553,-nan
553.25,-nan
553.5,-nan
553.75,-nan
554,-nan
554.25,-nan
554.5,-nan
554.75,-nan
555,-nan
555.25,-nan
555.5,-nan
555.75,-nan
556,-nan
556.25,-nan
556.5,-nan
556.75,-nan
557,-nan
557.25,-nan
557.5,-nan
557.75,-nan
558,-nan
558.25,-nan
558.5,-nan
558.75,-nan
559,-nan
559.25,-nan
559.5,-nan
559.75,-nan
560,-nan
560.25,-nan
560.5,-nan
560.75,-nan
561,-nan
561.25,-nan
561.5,-nan
561.75,-nan
562,-nan
562.25,-nan
562.5,-nan
562.75,-nan
563,-nan
563.25,-nan
563.5,-nan
563.75,-nan
564,-nan
564.25,-nan
564.5,-nan
564.75,-nan
565,-nan
565.25,-nan
565.5,-nan
565.75,-nan
566,-nan
566.25,-nan
566.5,-nan
566.75,-nan
567,-nan
567.25,-nan
567.5,-nan
567.75,-nan
568,-nan
568.25,-nan
568.5,-nan
568.75,-nan
569,-nan
569.25,-nan
569.5,-nan
569.75,-nan
570,-nan
570.25,-nan
570.5,-nan
570.75,-nan
571,-nan
571.25,-nan
571.5,-nan
571.75,-nan
572,-nan
572.25,-nan
572.5,-nan
572.75,-nan
573,-nan
573.25,-nan
573.5,-nan
573.75,-nan
574,-nan
574.25,-nan
574.5,-nan
574.75,-nan
575,-nan
575.25,-nan
575.5,-nan
575.75,-nan
576,-nan
576.25,-nan
576.5,-nan
576.75,-nan
577,-nan
577.25,-nan
577.5,-nan
577.75,-nan
578,-nan
578.25,-nan
578.5,-nan
578.75,-nan
579,-nan
579.25,-nan
579.5,-nan
579.75,-nan
580,-nan
580.25,-nan
580.5,-nan
580.75,-nan
581,-nan
581.25,-nan
581.5,-nan
581.75,-nan
582,-nan
582.25,-nan
582.5,-nan
582.75,-nan
583,-nan
583.25,-nan
583.5,-nan
583.75,-nan
584,-nan
584.25,-nan
584.5,-nan
584.75,-nan
585,-nan
585.25,-nan
585.5,-nan
585.75,-nan
586,-nan
586.25,-nan
586.5,-nan
586.75,-nan
587,-nan
587.25,-nan
587.5,-nan
587.75,-nan
588,-nan
588.25,-nan
588.5,-nan
588.75,-nan
589,-nan
589.25,-nan
589.5,-nan
589.75,-nan
590,-nan
590.25,-nan
590.5,-nan
590.75,-nan
591,-nan
591.25,-nan
591.5,-nan
591.75,-nan
592,-nan
592.25,-nan
592.5,-nan
592.75,-nan
593,-nan
593.25,-nan
593.5,-nan
593.75,-nan
594,-nan
594.25,-nan
594.5,-nan
594.75,-nan
595,-nan
595.25,-nan
595.5,-nan
595.75,-nan
596,-nan
596.25,-nan
596.5,-nan
596.75,-nan
597,-nan
597.25,-nan
597.5,-nan
597.75,-nan
598,-nan
598.25,-nan
598.5,-nan
598.75,-nan
599,-nan
599.25,-nan
599.5,-nan
599.75,-nan
