Time,total_fraction_lambda_W
0,-nan
0.25,-nan
0.5,-nan
0.75,-nan
1,-nan
1.25,0
1.5,0
1.75,-nan
2,0.0561358
2.25,0
2.5,0
2.75,0.0181607
3,0.995624
3.25,0.00511271
3.5,0.048794
3.75,0.00284101
4,0.00307925
4.25,0
4.5,0.0905902
4.75,0.0889419
5,0.999935
5.25,0.00193916
5.5,0.00533619
5.75,0.0593244
6,0
6.25,0.178565
6.5,0.999984
6.75,0.0165302
7,0.00286623
7.25,0.000740921
7.5,0.018542
7.75,0.00225739
8,0.999954
8.25,0
8.5,0.99909
8.75,0.00416679
9,0.186167
9.25,0.486297
9.5,0.99972
9.75,0.0435289
10,0.0349734
10.25,0.999928
10.5,0
10.75,0.999743
11,0.0704915
11.25,0
11.5,0.0173878
11.75,0.0182093
12,0.0123588
12.25,0.0106495
12.5,0.553946
12.75,0.0291621
13,0.0116482
13.25,0.0445685
13.5,0.0514477
13.75,0.172771
14,0.0734426
14.25,0.999941
14.5,0.07027
14.75,0.739814
15,0
15.25,0.999942
15.5,0.999761
15.75,0.0359528
16,0.00406462
16.25,0.0752893
16.5,0.224255
16.75,0.114973
17,0.00869061
17.25,0.130494
17.5,0.0797314
17.75,0.0670587
18,0.036809
18.25,0.0130965
18.5,0
18.75,0.9991
19,0.0126595
19.25,0.0344587
19.5,0.0260049
19.75,0.082112
20,0.288776
20.25,0.0195723
20.5,0.0169032
20.75,0.352956
21,0.043719
21.25,0.999006
21.5,0.227888
21.75,0.0649328
22,0.820995
22.25,0.150361
22.5,0.0223119
22.75,0.0211265
23,0.0029192
23.25,0.441939
23.5,0.00866986
23.75,0.00231706
24,0.999338
24.25,0.999454
24.5,0.102388
24.75,0.106933
25,0.0968614
25.25,0.0558026
25.5,0.00815011
25.75,0.0181139
26,0.510392
26.25,0.180106
26.5,0.299084
26.75,0.0598015
27,0.137165
27.25,0.10005
27.5,0.0454662
27.75,0.0531432
28,0.140981
28.25,0.0556793
28.5,0.0364102
28.75,0.0223461
29,0.0247936
29.25,0.0362929
29.5,0.0594907
29.75,0.045289
30,0.192548
30.25,0.312028
30.5,0.073849
30.75,0.0442546
31,0.0297859
31.25,0.049992
31.5,0.999792
31.75,0.0116825
32,0.0394017
32.25,0.0323993
32.5,0.13411
32.75,0.0550428
33,0.0670712
33.25,0.0890529
33.5,0.036565
33.75,0.0194631
34,0.0560983
34.25,0.00426052
34.5,0.0830654
34.75,0.157852
35,0.0126116
35.25,0.0642936
35.5,0.0474441
35.75,0.0250524
36,0.0251172
36.25,0.0872911
36.5,0.0444269
36.75,0.0775403
37,0.0653423
37.25,0.0329151
37.5,0.00422642
37.75,0.0239762
38,0.0534663
38.25,0.0272301
38.5,0.01382
38.75,0.0991061
39,0.0318745
39.25,0.0227932
39.5,0.10471
39.75,0.112976
40,0.0445516
40.25,0.0278554
40.5,0.030183
40.75,0.140038
41,0.364828
41.25,0.0194294
41.5,0.0602056
41.75,0.0180907
42,0.0334354
42.25,0.0352189
42.5,0.00252586
42.75,0.00897476
43,0.170859
43.25,0.0974409
43.5,0.161783
43.75,0.0320226
44,0.0125434
44.25,0.0495888
44.5,0.0450716
44.75,0.0305975
45,0.00805581
45.25,0.0630237
45.5,0.0441461
45.75,0.050673
46,0.143758
46.25,0.31074
46.5,0.0686165
46.75,0.119307
47,0.708548
47.25,0.147912
47.5,0.139476
47.75,0.118583
48,0.0671628
48.25,0.0646138
48.5,0.0935132
48.75,0.0298591
49,0.0768174
49.25,0.133216
49.5,0.0382772
49.75,0.029989
50,0.10574
50.25,0.0266172
50.5,0.0632142
50.75,0.0366667
51,0.0815982
51.25,0.0496524
51.5,0.0731941
51.75,0.0203833
52,0.0868186
52.25,0.0650956
52.5,0.0339577
52.75,0.0338519
53,0.118001
53.25,0.140575
53.5,0.0371998
53.75,0.145878
54,0.0370454
54.25,0.0450899
54.5,0.111487
54.75,0.0316531
55,0.0836539
55.25,0.0727334
55.5,0.0244307
55.75,0.0616647
56,0.044448
56.25,0.0598784
56.5,0.118079
56.75,0.103779
57,0.0808323
57.25,0.0437603
57.5,0.124492
57.75,0.0520983
58,0.142514
58.25,0.0852354
58.5,0.0542816
58.75,0.0589144
59,0.0263342
59.25,0.05967
59.5,0.125445
59.75,0.0618929
60,0.0560318
60.25,0.0921545
60.5,0.139052
60.75,0.164114
61,0.052619
61.25,0.115374
61.5,0.0976397
61.75,0.183317
62,0.0435806
62.25,0.119037
62.5,0.107477
62.75,0.0660316
63,0.0537639
63.25,0.0591991
63.5,0.0467628
63.75,0.128014
64,0.0845912
64.25,0.105763
64.5,0.0617146
64.75,0.141504
65,0.113085
65.25,0.115542
65.5,0.0460411
65.75,0.0896427
66,0.0568709
66.25,0.0690007
66.5,0.192951
66.75,0.136246
67,0.162882
67.25,0.0885344
67.5,0.0599465
67.75,0.1111
68,0.216677
68.25,0.0798152
68.5,0.118451
68.75,0.18454
69,0.10602
69.25,0.101586
69.5,0.134136
69.75,0.109616
70,0.0702986
70.25,0.0488886
70.5,0.10603
70.75,0.103342
71,0.045213
71.25,0.0864395
71.5,0.0789848
71.75,0.0403553
72,0.0573094
72.25,0.0763711
72.5,0.0785721
72.75,0.0444912
73,0.0531261
73.25,0.067566
73.5,0.0393122
73.75,0.0776236
74,0.11264
74.25,0.0664315
74.5,0.0812549
74.75,0.15241
75,0.0927017
75.25,0.137887
75.5,0.0723645
75.75,0.0553732
76,0.0613904
76.25,0.0681248
76.5,0.0719976
76.75,0.0524175
77,0.0597701
77.25,0.0763615
77.5,0.0898949
77.75,0.0633356
78,0.047951
78.25,0.0614849
78.5,0.0691832
78.75,0.0689124
79,0.0535842
79.25,0.0930964
79.5,0.0770354
79.75,0.0559774
80,0.0638107
80.25,0.0631951
80.5,0.0681704
80.75,0.0774623
81,0.0424309
81.25,0.093883
81.5,0.0773297
81.75,0.0880489
82,0.0642883
82.25,0.0627608
82.5,0.0854866
82.75,0.0935452
83,0.0779569
83.25,0.066866
83.5,0.0828281
83.75,0.0483442
84,0.0451069
84.25,0.06891
84.5,0.0691104
84.75,0.0563644
85,0.0589459
85.25,0.0755106
85.5,0.0577654
85.75,0.0647729
86,0.0644818
86.25,0.0979018
86.5,0.0814613
86.75,0.0654363
87,0.055969
87.25,0.107381
87.5,0.0612742
87.75,0.0833668
88,0.0573969
88.25,0.0567527
88.5,0.0561588
88.75,0.0530323
89,0.0677718
89.25,0.0697322
89.5,0.0813653
89.75,0.0668184
90,0.0520186
90.25,0.0982861
90.5,0.101577
90.75,0.0575902
91,0.0952993
91.25,0.0803356
91.5,0.0727693
91.75,0.0805911
92,0.103522
92.25,0.0724957
92.5,0.0808956
92.75,0.0997044
93,0.120902
93.25,0.117998
93.5,0.105342
93.75,0.0716323
94,0.0859671
94.25,0.105396
94.5,0.0917617
94.75,0.104088
95,0.103648
95.25,0.0792537
95.5,0.111821
95.75,0.0773619
96,0.0655503
96.25,0.0943262
96.5,0.0814706
96.75,0.08056
97,0.0581002
97.25,0.0645297
97.5,0.0870389
97.75,0.0720942
98,0.0594649
98.25,0.091925
98.5,0.0956631
98.75,0.110973
99,0.0856358
99.25,0.0815939
99.5,0.0822588
99.75,0.121614
100,0.0998564
100.25,0.10326
100.5,0.0994094
100.75,0.0931954
101,0.0904935
101.25,0.0738441
101.5,0.0998924
101.75,0.0924017
102,0.0811842
102.25,0.0764829
102.5,0.108936
102.75,0.116515
103,0.0858286
103.25,0.07897
103.5,0.0889003
103.75,0.076245
104,0.0889037
104.25,0.0835646
104.5,0.0831098
104.75,0.0780216
105,0.0890036
105.25,0.0849995
105.5,0.0736052
105.75,0.0835979
106,0.0784658
106.25,0.0839456
106.5,0.0958612
106.75,0.108877
107,0.0959249
107.25,0.0852731
107.5,0.0826575
107.75,0.0969163
108,0.0822108
108.25,0.0996314
108.5,0.0984041
108.75,0.105919
109,0.0929791
109.25,0.113266
109.5,0.0846194
109.75,0.101584
110,0.06621
110.25,0.0837365
110.5,0.0709388
110.75,0.077933
111,0.0659943
111.25,0.0839467
111.5,0.0888459
111.75,0.0905038
112,0.0980035
112.25,0.0842323
112.5,0.103955
112.75,0.0945185
113,0.0820254
113.25,0.0913
113.5,0.0829654
113.75,0.0836267
114,0.100895
114.25,0.0818471
114.5,0.0862337
114.75,0.106654
115,0.0964006
115.25,0.0900187
115.5,0.0794326
115.75,0.0922289
116,0.0885192
116.25,0.0909652
116.5,0.105258
116.75,0.0846347
117,0.105694
117.25,0.084061
117.5,0.0871763
117.75,0.0843401
118,0.0859216
118.25,0.0751047
118.5,0.0989744
118.75,0.0768671
119,0.081979
119.25,0.0822208
119.5,0.0800247
119.75,0.0677339
120,0.0923567
120.25,0.0790723
120.5,0.0924011
120.75,0.0871438
121,0.0926707
121.25,0.0984751
121.5,0.0841408
121.75,0.0861254
122,0.088319
122.25,0.0694569
122.5,0.0882164
122.75,0.091053
123,0.0990153
123.25,0.107674
123.5,0.107451
123.75,0.110853
124,0.109043
124.25,0.0925775
124.5,0.0743473
124.75,0.0967215
125,0.0840729
125.25,0.0955974
125.5,0.105954
125.75,0.100655
126,0.0968768
126.25,0.0914056
126.5,0.0946759
126.75,0.109804
127,0.103428
127.25,0.105805
127.5,0.105465
127.75,0.0939974
128,0.0818192
128.25,0.106306
128.5,0.0993016
128.75,0.0959283
129,0.111517
129.25,0.112926
129.5,0.112351
129.75,0.108804
130,0.0995216
130.25,0.0915635
130.5,0.0949943
130.75,0.113777
131,0.0954017
131.25,0.100707
131.5,0.111253
131.75,0.0973141
132,0.115186
132.25,0.117821
132.5,0.100591
132.75,0.10598
133,0.103231
133.25,0.116514
133.5,0.110664
133.75,0.100042
134,0.110034
134.25,0.109573
134.5,0.0985979
134.75,0.11468
135,0.104539
135.25,0.115774
135.5,0.0835052
135.75,0.118247
136,0.112464
136.25,0.106908
136.5,0.0980686
136.75,0.099921
137,0.106366
137.25,0.115479
137.5,0.104344
137.75,0.0936102
138,0.115465
138.25,0.124924
138.5,0.106308
138.75,0.100864
139,0.0958953
139.25,0.126491
139.5,0.108003
139.75,0.114491
140,0.103899
140.25,0.105358
140.5,0.111362
140.75,0.122343
141,0.131748
141.25,0.120266
141.5,0.116331
141.75,0.126093
142,0.112174
142.25,0.101023
142.5,0.115113
142.75,0.107514
143,0.116066
143.25,0.0939948
143.5,0.120126
143.75,0.107562
144,0.114425
144.25,0.119569
144.5,0.113835
144.75,0.0934078
145,0.100599
145.25,0.112258
145.5,0.10859
145.75,0.120722
146,0.108529
146.25,0.117429
146.5,0.125533
146.75,0.109954
147,0.10184
147.25,0.111679
147.5,0.117505
147.75,0.11278
148,0.0951125
148.25,0.124234
148.5,0.114431
148.75,0.118817
149,0.115859
149.25,0.096636
149.5,0.114487
149.75,0.112546
150,0.107104
150.25,0.11742
150.5,0.113573
150.75,0.114013
151,0.108368
151.25,0.126403
151.5,0.116036
151.75,0.110192
152,0.102727
152.25,0.0908388
152.5,0.112294
152.75,0.112284
153,0.128747
153.25,0.103215
153.5,0.119561
153.75,0.126797
154,0.103775
154.25,0.109532
154.5,0.104882
154.75,0.126096
155,0.105056
155.25,0.104067
155.5,0.116723
155.75,0.130453
156,0.122595
156.25,0.108093
156.5,0.109437
156.75,0.123029
157,0.122594
157.25,0.12695
157.5,0.104957
157.75,0.120954
158,0.109647
158.25,0.104029
158.5,0.109111
158.75,0.120755
159,0.110029
159.25,0.0975488
159.5,0.121191
159.75,0.10574
160,0.128646
160.25,0.134165
160.5,0.114707
160.75,0.115105
161,0.105718
161.25,0.125028
161.5,0.110192
161.75,0.137103
162,0.116171
162.25,0.105844
162.5,0.11409
162.75,0.119448
163,0.110687
163.25,0.116083
163.5,0.112607
163.75,0.115436
164,0.109485
164.25,0.0995098
164.5,0.114969
164.75,0.122303
165,0.128778
165.25,0.106882
165.5,0.119682
165.75,0.102981
166,0.118639
166.25,0.100871
166.5,0.10133
166.75,0.119058
167,0.11482
167.25,0.129173
167.5,0.119448
167.75,0.103446
168,0.120157
168.25,0.0927462
168.5,0.0993508
168.75,0.108569
169,0.115165
169.25,0.118748
169.5,0.118269
169.75,0.0969262
170,0.101924
170.25,0.103786
170.5,0.108792
170.75,0.113382
171,0.0915299
171.25,0.104124
171.5,0.10307
171.75,0.131232
172,0.124395
172.25,0.102292
172.5,0.102719
172.75,0.120899
173,0.11146
173.25,0.127657
173.5,0.097858
173.75,0.102189
174,0.0972658
174.25,0.095935
174.5,0.0947437
174.75,0.0948571
175,0.0866302
175.25,0.107372
175.5,0.100905
175.75,0.106585
176,0.0999387
176.25,0.107498
176.5,0.107466
176.75,0.0996982
177,0.0942663
177.25,0.0797105
177.5,0.0887345
177.75,0.0817923
178,0.10942
178.25,0.0836102
178.5,0.112114
178.75,0.0838606
179,0.0861838
179.25,0.117975
179.5,0.112914
179.75,0.0985171
180,0.0992832
180.25,0.105003
180.5,0.0905788
180.75,0.0998172
181,0.0907728
181.25,0.100831
181.5,0.083082
181.75,0.0976179
182,0.0995861
182.25,0.0925176
182.5,0.104934
182.75,0.141883
183,0.0941332
183.25,0.0810864
183.5,0.0997691
183.75,0.0836571
184,0.0806053
184.25,0.0847812
184.5,0.0887404
184.75,0.0921223
185,0.0758276
185.25,0.107581
185.5,0.0984456
185.75,0.079404
186,0.0905368
186.25,0.102487
186.5,0.0973914
186.75,0.0614826
187,0.0745843
187.25,0.0903893
187.5,0.0698575
187.75,0.0904368
188,0.0931581
188.25,0.0857322
188.5,0.0932544
188.75,0.108429
189,0.109507
189.25,0.057822
189.5,0.14279
189.75,0.0883261
190,0.0916965
190.25,0.105387
190.5,0.0843002
190.75,0.0806775
191,0.0974399
191.25,0.0907517
191.5,0.120056
191.75,0.0801538
192,0.134084
192.25,0.0841312
192.5,0.0960124
192.75,0.137354
193,0.0738012
193.25,0.0766949
193.5,0.0653037
193.75,0.0730185
194,0.0952667
194.25,0.0822966
194.5,0.0563403
194.75,0.0706343
195,0.0914156
195.25,0.0953468
195.5,0.077658
195.75,0.129075
196,0.124268
196.25,0.0737566
196.5,0.108573
196.75,0.0804234
197,0.0896475
197.25,0.107076
197.5,0.141773
197.75,0.096371
198,0.100192
198.25,0.0628347
198.5,0.095254
198.75,0.115695
199,0.0786858
199.25,0.103915
199.5,0.0827695
199.75,0.0903785
200,0.0606521
200.25,0.0880124
200.5,0.0903023
200.75,0.11647
201,0.0861372
201.25,0.0851672
201.5,0.118244
201.75,0.0859891
202,0.0798854
202.25,0.0603027
202.5,0.097769
202.75,0.097723
203,0.0985402
203.25,0.0779649
203.5,0.0947515
203.75,0.0886405
204,0.0955881
204.25,0.0659946
204.5,0.0833466
204.75,0.100503
205,0.100208
205.25,0.0475
205.5,0.074922
205.75,0.088799
206,0.121456
206.25,0.0861718
206.5,0.0790377
206.75,0.118145
207,0.0501281
207.25,0.093349
207.5,0.0872664
207.75,0.075394
208,0.12537
208.25,0.101162
208.5,0.0967775
208.75,0.103482
209,0.0976361
209.25,0.0759541
209.5,0.0767312
209.75,0.0680738
210,0.107641
210.25,0.0804902
210.5,0.0773649
210.75,0.0814333
211,0.0552479
211.25,0.0727643
211.5,0.132311
211.75,0.0654118
212,0.0580671
212.25,0.0942283
212.5,0.0680237
212.75,0.0524175
213,0.05521
213.25,0.0899947
213.5,0.051473
213.75,0.0823463
214,0.0786586
214.25,0.101701
214.5,0.0743408
214.75,0.120536
215,0.0487143
215.25,0.0781787
215.5,0.0963759
215.75,0.130519
216,0.0937109
216.25,0.0786202
216.5,0.0775903
216.75,0.0897816
217,0.073421
217.25,0.0431937
217.5,0.134322
217.75,0.0510919
218,0.0475179
218.25,0.104129
218.5,0.152144
218.75,0.0494038
219,0.0673595
219.25,0.104633
219.5,0.0538142
219.75,0.0782242
220,0.124759
220.25,0.0404962
220.5,0.0381659
220.75,0.0647635
221,0.110346
221.25,0.0710112
221.5,0.137057
221.75,0.0527228
222,0.0450926
222.25,0.0721137
222.5,0.0389675
222.75,0.0776844
223,0.110037
223.25,0.0639639
223.5,0.15477
223.75,0.0825175
224,0.0959669
224.25,0.0483092
224.5,0.0391965
224.75,0.141703
225,0.103058
225.25,0.0552753
225.5,0.0515141
225.75,0.0648191
226,0.0815474
226.25,0.0627778
226.5,0.0783001
226.75,0.0616151
227,0.034153
227.25,0.102466
227.5,0.127484
227.75,0.0449008
228,0.0573408
228.25,0.094908
228.5,0.0507842
228.75,0.166182
229,0.124347
229.25,0.0698718
229.5,0.0465934
229.75,0.0470007
230,0.0758203
230.25,0.0386658
230.5,0.068181
230.75,0.0750511
231,0.162138
231.25,0.0646686
231.5,0.0927393
231.75,0.0198568
232,0.141151
232.25,0.13884
232.5,0.0598572
232.75,0.103061
233,0.201602
233.25,0.149184
233.5,0.120423
233.75,0.137786
234,0.0673548
234.25,0.103262
234.5,0.0455184
234.75,0.216872
235,0.122648
235.25,0.082661
235.5,0.0339387
235.75,0.113342
236,0.0521293
236.25,0.0821429
236.5,0.137673
236.75,0.338488
237,0.100227
237.25,0.039215
237.5,0.13648
237.75,0.102034
238,0.104255
238.25,0.096798
238.5,0.108227
238.75,0.111297
239,0.050546
239.25,0.0586147
239.5,0.0592244
239.75,0.031327
240,0.0597388
240.25,0.292583
240.5,0.0891967
240.75,0.0669117
241,0.0361665
241.25,0.0528917
241.5,0.0555515
241.75,0.115193
242,0.0478607
242.25,0.0213089
242.5,0.133508
242.75,0.0567318
243,0.0248948
243.25,0.0483238
243.5,0.0796736
243.75,0.0979557
244,0.0664338
244.25,0.110758
244.5,0.192302
244.75,0.0706635
245,0.267955
245.25,0.277198
245.5,0.262481
245.75,0.150382
246,0.203423
246.25,0.0774673
246.5,0.107841
246.75,0.0672851
247,0.0342418
247.25,0.212192
247.5,0.0551006
247.75,0.120173
248,0.248916
248.25,0.0456607
248.5,0.0555554
248.75,0.520394
249,0.105055
249.25,0.363379
249.5,0.0177674
249.75,0.130879
250,0.0574851
250.25,0.10757
250.5,0.0310375
250.75,0.04712
251,0.0670924
251.25,0.0307589
251.5,0.064785
251.75,0.0347234
252,0.112728
252.25,0.226133
252.5,0.0206676
252.75,0.0470408
253,0.0462077
253.25,0.0936421
253.5,0.0920869
253.75,0.15743
254,0.038702
254.25,0.661427
254.5,0.0614521
254.75,0.453974
255,0.0204355
255.25,0.301447
255.5,0.0979021
255.75,0.071481
256,0.00694032
256.25,0.0457096
256.5,0.10539
256.75,0.0553064
257,0.0518989
257.25,0.297877
257.5,0.166421
257.75,0.046271
258,0.0224258
258.25,0.0435932
258.5,0.12338
258.75,0.0268599
259,0.353103
259.25,0.026357
259.5,0.317096
259.75,0.0788599
260,0.0543572
260.25,0.00369209
260.5,0.00568383
260.75,0.00452265
261,0.00768979
261.25,0.0385872
261.5,0.0100464
261.75,0.0338743
262,0.019344
262.25,0.00104319
262.5,0.0034458
262.75,0.541882
263,0.0395145
263.25,0.000168612
263.5,0.00153974
263.75,0.176806
264,0.00233496
264.25,0.0212692
264.5,0.0228397
264.75,0.156042
265,0.9981
265.25,0.0693479
265.5,0.0186643
265.75,0.9998
266,0.75234
266.25,0.00865628
266.5,0.00848044
266.75,0.496512
267,0.0654163
267.25,0.22759
267.5,0.715298
267.75,0.999164
268,0.99977
268.25,-nan
268.5,0.00795423
268.75,0.836564
269,0.67995
269.25,0.3066
269.5,0.131126
269.75,0.200823
270,0
270.25,0
270.5,0.00423745
270.75,0.0136321
271,0.915038
271.25,0.999379
271.5,0.0539973
271.75,0.997619
272,0
272.25,0.999115
272.5,0.0889762
272.75,0
273,0
273.25,0.0411537
273.5,0
273.75,0.559868
274,0.999083
274.25,0.999902
274.5,0.0400769
274.75,0.0181856
275,0.99996
275.25,0.349935
275.5,0.00175343
275.75,0.0247914
276,0.0176426
276.25,0.492467
276.5,0.175095
276.75,0.99949
277,0.00267795
277.25,0.997272
277.5,0.0256196
277.75,0.0190741
278,0.0140276
278.25,0.0482918
278.5,0.102772
278.75,0.0458272
279,0.248816
279.25,-nan
279.5,0.0373309
279.75,0.037104
280,0.00541299
280.25,0.0123498
280.5,0.0154969
280.75,0.0659681
281,0.999932
281.25,0
281.5,0.0346167
281.75,0.0523695
282,0.041724
282.25,0
282.5,0.0729299
282.75,0.215187
283,0.999937
283.25,0
283.5,0.059434
283.75,0
284,0.0228225
284.25,0.997631
284.5,0.998045
284.75,0
285,-nan
285.25,0
285.5,0.999769
285.75,-nan
286,0.0671859
286.25,0.0037046
286.5,0.0404526
286.75,0
287,-nan
287.25,-nan
287.5,0.0323721
287.75,0.0374635
288,-nan
288.25,0.998769
288.5,0.00989511
288.75,-nan
289,0.999815
289.25,0.999455
289.5,-nan
289.75,0.0169596
290,0
290.25,0.00468489
290.5,0.754573
290.75,0.047097
291,0.999654
291.25,1.47904e-05
291.5,-nan
291.75,0.999883
292,-nan
292.25,0.9995
292.5,0.0320335
292.75,0.226834
293,-nan
293.25,0.999702
293.5,0.00893146
293.75,-nan
294,0.999646
294.25,-nan
294.5,0
294.75,0.996621
295,0.00261391
295.25,0
295.5,0.999035
295.75,0.00654494
296,0.999083
296.25,0
296.5,-nan
296.75,0.999915
297,0
297.25,0.999961
297.5,0.999393
297.75,0.0118565
298,-nan
298.25,0.999571
298.5,0.00127636
298.75,-nan
299,-nan
299.25,-nan
299.5,0
299.75,0.998464
300,0.999824
300.25,0
300.5,0
300.75,0.999929
301,-nan
301.25,-nan
301.5,-nan
301.75,-nan
302,0.0216251
302.25,-nan
302.5,-nan
302.75,-nan
303,-nan
303.25,-nan
303.5,-nan
303.75,-nan
304,-nan
304.25,0
304.5,-nan
304.75,0.999616
305,-nan
305.25,-nan
305.5,0
305.75,-nan
306,-nan
306.25,0.999878
306.5,-nan
306.75,-nan
307,0
307.25,-nan
307.5,0
307.75,-nan
308,-nan
308.25,0.999984
308.5,0.999505
308.75,-nan
309,-nan
309.25,-nan
309.5,-nan
309.75,0.999988
310,-nan
310.25,-nan
310.5,-nan
310.75,0.999994
311,0.999994
311.25,-nan
311.5,0.999994
311.75,-nan
312,-nan
312.25,0.999898
312.5,0
312.75,-nan
313,-nan
313.25,-nan
313.5,0.999994
313.75,-nan
314,-nan
314.25,-nan
314.5,-nan
314.75,0.999865
315,-nan
315.25,-nan
315.5,-nan
315.75,-nan
316,0.999998
316.25,0
316.5,-nan
316.75,-nan
317,-nan
317.25,0
317.5,-nan
317.75,-nan
318,-nan
318.25,0.999994
318.5,0
318.75,-nan
319,-nan
319.25,0.999998
319.5,-nan
319.75,-nan
320,-nan
320.25,-nan
320.5,0
320.75,0.999996
321,-nan
321.25,-nan
321.5,-nan
321.75,0
322,-nan
322.25,-nan
322.5,-nan
322.75,0
323,0
323.25,-nan
323.5,-nan
323.75,-nan
324,0
324.25,-nan
324.5,-nan
324.75,-nan
325,-nan
325.25,-nan
325.5,-nan
325.75,-nan
326,-nan
326.25,-nan
326.5,-nan
326.75,-nan
327,-nan
327.25,-nan
327.5,-nan
327.75,-nan
328,-nan
328.25,-nan
328.5,-nan
328.75,-nan
329,-nan
329.25,-nan
329.5,-nan
329.75,0
330,-nan
330.25,-nan
330.5,-nan
330.75,-nan
331,-nan
331.25,-nan
331.5,-nan
331.75,-nan
332,-nan
332.25,-nan
332.5,-nan
332.75,-nan
333,-nan
333.25,-nan
333.5,-nan
333.75,-nan
334,-nan
334.25,-nan
334.5,-nan
334.75,-nan
335,-nan
335.25,-nan
335.5,-nan
335.75,-nan
336,-nan
336.25,-nan
336.5,-nan
336.75,-nan
337,-nan
337.25,-nan
337.5,-nan
337.75,-nan
338,-nan
338.25,-nan
338.5,-nan
338.75,-nan
339,0.999998
339.25,-nan
339.5,-nan
339.75,-nan
340,-nan
340.25,-nan
340.5,-nan
340.75,-nan
341,-nan
341.25,-nan
341.5,-nan
341.75,-nan
342,-nan
342.25,-nan
342.5,-nan
342.75,-nan
343,-nan
343.25,-nan
343.5,-nan
343.75,-nan
344,-nan
344.25,-nan
344.5,-nan
344.75,-nan
345,-nan
345.25,-nan
345.5,-nan
345.75,-nan
346,-nan
346.25,-nan
346.5,-nan
346.75,-nan
347,-nan
347.25,-nan
347.5,-nan
347.75,-nan
348,-nan
348.25,-nan
348.5,-nan
348.75,-nan
349,-nan
349.25,-nan
349.5,-nan
349.75,-nan
350,-nan
350.25,-nan
350.5,-nan
350.75,-nan
351,-nan
351.25,-nan
351.5,-nan
351.75,-nan
352,-nan
352.25,-nan
352.5,-nan
352.75,-nan
353,-nan
353.25,-nan
353.5,-nan
353.75,-nan
354,-nan
354.25,-nan
354.5,-nan
354.75,-nan
355,-nan
355.25,-nan
355.5,-nan
355.75,-nan
356,-nan
356.25,-nan
356.5,-nan
356.75,-nan
357,-nan
357.25,-nan
357.5,-nan
357.75,-nan
358,-nan
358.25,-nan
358.5,-nan
358.75,-nan
359,-nan
359.25,-nan
359.5,-nan
359.75,-nan
360,-nan
360.25,-nan
360.5,-nan
360.75,-nan
361,-nan
361.25,-nan
361.5,-nan
361.75,-nan
362,-nan
362.25,-nan
362.5,-nan
362.75,-nan
363,-nan
363.25,-nan
363.5,-nan
363.75,-nan
364,-nan
364.25,-nan
364.5,-nan
364.75,-nan
365,-nan
365.25,-nan
365.5,-nan
365.75,-nan
366,-nan
366.25,-nan
366.5,-nan
366.75,-nan
367,-nan
367.25,-nan
367.5,-nan
367.75,-nan
368,-nan
368.25,-nan
368.5,-nan
368.75,-nan
369,-nan
369.25,-nan
369.5,-nan
369.75,-nan
370,-nan
370.25,-nan
370.5,-nan
370.75,-nan
371,-nan
371.25,-nan
371.5,-nan
371.75,-nan
372,-nan
372.25,-nan
372.5,-nan
372.75,-nan
373,-nan
373.25,-nan
373.5,-nan
373.75,-nan
374,-nan
374.25,-nan
374.5,-nan
374.75,-nan
375,-nan
375.25,-nan
375.5,-nan
375.75,-nan
376,-nan
376.25,-nan
376.5,-nan
376.75,-nan
377,-nan
377.25,-nan
377.5,-nan
377.75,-nan
378,-nan
378.25,-nan
378.5,-nan
378.75,-nan
379,-nan
379.25,-nan
379.5,-nan
379.75,-nan
380,-nan
380.25,-nan
380.5,-nan
380.75,-nan
381,-nan
381.25,-nan
381.5,-nan
381.75,-nan
382,-nan
382.25,-nan
382.5,-nan
382.75,-nan
383,-nan
383.25,-nan
383.5,-nan
383.75,-nan
384,-nan
384.25,-nan
384.5,-nan
384.75,-nan
385,-nan
385.25,-nan
385.5,-nan
385.75,-nan
386,-nan
386.25,-nan
386.5,-nan
386.75,-nan
387,-nan
387.25,-nan
387.5,-nan
387.75,-nan
388,-nan
388.25,-nan
388.5,-nan
388.75,-nan
389,-nan
389.25,-nan
389.5,-nan
389.75,-nan
390,-nan
390.25,-nan
390.5,-nan
390.75,-nan
391,-nan
391.25,-nan
391.5,-nan
391.75,-nan
392,-nan
392.25,-nan
392.5,-nan
392.75,-nan
393,-nan
393.25,-nan
393.5,-nan
393.75,-nan
394,-nan
394.25,-nan
394.5,-nan
394.75,-nan
395,-nan
395.25,-nan
395.5,-nan
395.75,-nan
396,-nan
396.25,-nan
396.5,-nan
396.75,-nan
397,-nan
397.25,-nan
397.5,-nan
397.75,-nan
398,-nan
398.25,-nan
398.5,-nan
398.75,-nan
399,-nan
399.25,-nan
399.5,-nan
399.75,-nan
400,-nan
400.25,-nan
400.5,-nan
400.75,-nan
401,-nan
401.25,-nan
401.5,-nan
401.75,-nan
402,-nan
402.25,-nan
402.5,-nan
402.75,-nan
403,-nan
403.25,-nan
403.5,-nan
403.75,-nan
404,-nan
404.25,-nan
404.5,-nan
404.75,-nan
405,-nan
405.25,-nan
405.5,-nan
405.75,-nan
406,-nan
406.25,-nan
406.5,-nan
406.75,-nan
407,-nan
407.25,-nan
407.5,-nan
407.75,-nan
408,-nan
408.25,-nan
408.5,-nan
408.75,-nan
409,-nan
409.25,-nan
409.5,-nan
409.75,-nan
410,-nan
410.25,-nan
410.5,-nan
410.75,-nan
411,-nan
411.25,-nan
411.5,-nan
411.75,-nan
412,-nan
412.25,-nan
412.5,-nan
412.75,-nan
413,-nan
413.25,-nan
413.5,-nan
413.75,-nan
414,-nan
414.25,-nan
414.5,-nan
414.75,-nan
415,-nan
415.25,-nan
415.5,-nan
415.75,-nan
416,-nan
416.25,-nan
416.5,-nan
416.75,-nan
417,-nan
417.25,-nan
417.5,-nan
417.75,-nan
418,-nan
418.25,-nan
418.5,-nan
418.75,-nan
419,-nan
419.25,-nan
419.5,-nan
419.75,-nan
420,-nan
420.25,-nan
420.5,-nan
420.75,-nan
421,-nan
421.25,-nan
421.5,-nan
421.75,-nan
422,-nan
422.25,-nan
422.5,-nan
422.75,-nan
423,-nan
423.25,-nan
423.5,-nan
423.75,-nan
424,-nan
424.25,-nan
424.5,-nan
424.75,-nan
425,-nan
425.25,-nan
425.5,-nan
425.75,-nan
426,-nan
426.25,-nan
426.5,-nan
426.75,-nan
427,-nan
427.25,-nan
427.5,-nan
427.75,-nan
428,-nan
428.25,-nan
428.5,-nan
428.75,-nan
429,-nan
429.25,-nan
429.5,-nan
429.75,-nan
430,-nan
430.25,-nan
430.5,-nan
430.75,-nan
431,-nan
431.25,-nan
431.5,-nan
431.75,-nan
432,-nan
432.25,-nan
432.5,-nan
432.75,-nan
433,-nan
433.25,-nan
433.5,-nan
433.75,-nan
434,-nan
434.25,-nan
434.5,-nan
434.75,-nan
435,-nan
435.25,-nan
435.5,-nan
435.75,-nan
436,-nan
436.25,-nan
436.5,-nan
436.75,-nan
437,-nan
437.25,-nan
437.5,-nan
437.75,-nan
438,-nan
438.25,-nan
438.5,-nan
438.75,-nan
439,-nan
439.25,-nan
439.5,-nan
439.75,-nan
440,-nan
440.25,-nan
440.5,-nan
440.75,-nan
441,-nan
441.25,-nan
441.5,-nan
441.75,-nan
442,-nan
442.25,-nan
442.5,-nan
442.75,-nan
443,-nan
443.25,-nan
443.5,-nan
443.75,-nan
444,-nan
444.25,-nan
444.5,-nan
444.75,-nan
445,-nan
445.25,-nan
445.5,-nan
445.75,-nan
446,-nan
446.25,-nan
446.5,-nan
446.75,-nan
447,-nan
447.25,-nan
447.5,-nan
447.75,-nan
448,-nan
448.25,-nan
448.5,-nan
448.75,-nan
449,-nan
449.25,-nan
449.5,-nan
449.75,-nan
450,-nan
450.25,-nan
450.5,-nan
450.75,-nan
451,-nan
451.25,-nan
451.5,-nan
451.75,-nan
452,-nan
452.25,-nan
452.5,-nan
452.75,-nan
453,-nan
453.25,-nan
453.5,-nan
453.75,-nan
454,-nan
454.25,-nan
454.5,-nan
454.75,-nan
455,-nan
455.25,-nan
455.5,-nan
455.75,-nan
456,-nan
456.25,-nan
456.5,-nan
456.75,-nan
457,-nan
457.25,-nan
457.5,-nan
457.75,-nan
458,-nan
458.25,-nan
458.5,-nan
458.75,-nan
459,-nan
459.25,-nan
459.5,-nan
459.75,-nan
460,-nan
460.25,-nan
460.5,-nan
460.75,-nan
461,-nan
461.25,-nan
461.5,-nan
461.75,-nan
462,-nan
462.25,-nan
462.5,-nan
462.75,-nan
463,-nan
463.25,-nan
463.5,-nan
463.75,-nan
464,-nan
464.25,-nan
464.5,-nan
464.75,-nan
465,-nan
465.25,-nan
465.5,-nan
465.75,-nan
466,-nan
466.25,-nan
466.5,-nan
466.75,-nan
467,-nan
467.25,-nan
467.5,-nan
467.75,-nan
468,-nan
468.25,-nan
468.5,-nan
468.75,-nan
469,-nan
469.25,-nan
469.5,-nan
469.75,-nan
470,-nan
470.25,-nan
470.5,-nan
470.75,-nan
471,-nan
471.25,-nan
471.5,-nan
471.75,-nan
472,-nan
472.25,-nan
472.5,-nan
472.75,-nan
473,-nan
473.25,-nan
473.5,-nan
473.75,-nan
474,-nan
474.25,-nan
474.5,-nan
474.75,-nan
475,-nan
475.25,-nan
475.5,-nan
475.75,-nan
476,-nan
476.25,-nan
476.5,-nan
476.75,-nan
477,-nan
477.25,-nan
477.5,-nan
477.75,-nan
478,-nan
478.25,-nan
478.5,-nan
478.75,-nan
479,-nan
479.25,-nan
479.5,-nan
479.75,-nan
480,-nan
480.25,-nan
480.5,-nan
480.75,-nan
481,-nan
481.25,-nan
481.5,-nan
481.75,-nan
482,-nan
482.25,-nan
482.5,-nan
482.75,-nan
483,-nan
483.25,-nan
483.5,-nan
483.75,-nan
484,-nan
484.25,-nan
484.5,-nan
484.75,-nan
485,-nan
485.25,-nan
485.5,-nan
485.75,-nan
486,-nan
486.25,-nan
486.5,-nan
486.75,-nan
487,-nan
487.25,-nan
487.5,-nan
487.75,-nan
488,-nan
488.25,-nan
488.5,-nan
488.75,-nan
489,-nan
489.25,-nan
489.5,-nan
489.75,-nan
490,-nan
490.25,-nan
490.5,-nan
490.75,-nan
491,-nan
491.25,-nan
491.5,-nan
491.75,-nan
492,-nan
492.25,-nan
492.5,-nan
492.75,-nan
493,-nan
493.25,-nan
493.5,-nan
493.75,-nan
494,-nan
494.25,-nan
494.5,-nan
494.75,-nan
495,-nan
495.25,-nan
495.5,-nan
495.75,-nan
496,-nan
496.25,-nan
496.5,-nan
496.75,-nan
497,-nan
497.25,-nan
497.5,-nan
497.75,-nan
498,-nan
498.25,-nan
498.5,-nan
498.75,-nan
499,-nan
499.25,-nan
499.5,-nan
499.75,-nan
500,-nan
500.25,-nan
500.5,-nan
500.75,-nan
501,-nan
501.25,-nan
501.5,-nan
501.75,-nan
502,-nan
502.25,-nan
502.5,-nan
502.75,-nan
503,-nan
503.25,-nan
503.5,-nan
503.75,-nan
504,-nan
504.25,-nan
504.5,-nan
504.75,-nan
505,-nan
505.25,-nan
505.5,-nan
505.75,-nan
506,-nan
506.25,-nan
506.5,-nan
506.75,-nan
507,-nan
507.25,-nan
507.5,-nan
507.75,-nan
508,-nan
508.25,-nan
508.5,-nan
508.75,-nan
509,-nan
509.25,-nan
509.5,-nan
509.75,-nan
510,-nan
510.25,-nan
510.5,-nan
510.75,-nan
511,-nan
511.25,-nan
511.5,-nan
511.75,-nan
512,-nan
512.25,-nan
512.5,-nan
512.75,-nan
513,-nan
513.25,-nan
513.5,-nan
513.75,-nan
514,-nan
514.25,-nan
514.5,-nan
514.75,-nan
515,-nan
515.25,-nan
515.5,-nan
515.75,-nan
516,-nan
516.25,-nan
516.5,-nan
516.75,-nan
517,-nan
517.25,-nan
517.5,-nan
517.75,-nan
518,-nan
518.25,-nan
518.5,-nan
518.75,-nan
519,-nan
519.25,-nan
519.5,-nan
519.75,-nan
520,-nan
520.25,-nan
520.5,-nan
520.75,-nan
521,-nan
521.25,-nan
521.5,-nan
521.75,-nan
522,-nan
522.25,-nan
522.5,-nan
522.75,-nan
523,-nan
523.25,-nan
523.5,-nan
523.75,-nan
524,-nan
524.25,-nan
524.5,-nan
524.75,-nan
525,-nan
525.25,-nan
525.5,-nan
525.75,-nan
526,-nan
526.25,-nan
526.5,-nan
526.75,-nan
527,-nan
527.25,-nan
527.5,-nan
527.75,-nan
528,-nan
528.25,-nan
528.5,-nan
528.75,-nan
529,-nan
529.25,-nan
529.5,-nan
529.75,-nan
530,-nan
530.25,-nan
530.5,-nan
530.75,-nan
531,-nan
531.25,-nan
531.5,-nan
531.75,-nan
532,-nan
532.25,-nan
532.5,-nan
532.75,-nan
533,-nan
533.25,-nan
533.5,-nan
533.75,-nan
534,-nan
534.25,-nan
534.5,-nan
534.75,-nan
535,-nan
535.25,-nan
535.5,-nan
535.75,-nan
536,-nan
536.25,-nan
536.5,-nan
536.75,-nan
537,-nan
537.25,-nan
537.5,-nan
537.75,-nan
538,-nan
538.25,-nan
538.5,-nan
538.75,-nan
539,-nan
539.25,-nan
539.5,-nan
539.75,-nan
540,-nan
540.25,-nan
540.5,-nan
540.75,-nan
541,-nan
541.25,-nan
541.5,-nan
541.75,-nan
542,-nan
542.25,-nan
542.5,-nan
542.75,-nan
543,-nan
543.25,-nan
543.5,-nan
543.75,-nan
544,-nan
544.25,-nan
544.5,-nan
544.75,-nan
545,-nan
545.25,-nan
545.5,-nan
545.75,-nan
546,-nan
546.25,-nan
546.5,-nan
546.75,-nan
547,-nan
547.25,-nan
547.5,-nan
547.75,-nan
548,-nan
548.25,-nan
548.5,-nan
548.75,-nan
549,-nan
549.25,-nan
549.5,-nan
549.75,-nan
550,-nan
550.25,-nan
550.5,-nan
550.75,-nan
551,-nan
551.25,-nan
551.5,-nan
551.75,-nan
552,-nan
552.25,-nan
552.5,-nan
552.75,-nan
553,-nan
553.25,-nan
553.5,-nan
553.75,-nan
554,-nan
554.25,-nan
554.5,-nan
554.75,-nan
555,-nan
555.25,-nan
555.5,-nan
555.75,-nan
556,-nan
556.25,-nan
556.5,-nan
556.75,-nan
557,-nan
557.25,-nan
557.5,-nan
557.75,-nan
558,-nan
558.25,-nan
558.5,-nan
558.75,-nan
559,-nan
559.25,-nan
559.5,-nan
559.75,-nan
560,-nan
560.25,-nan
560.5,-nan
560.75,-nan
561,-nan
561.25,-nan
561.5,-nan
561.75,-nan
562,-nan
562.25,-nan
562.5,-nan
562.75,-nan
563,-nan
563.25,-nan
563.5,-nan
563.75,-nan
564,-nan
564.25,-nan
564.5,-nan
564.75,-nan
565,-nan
565.25,-nan
565.5,-nan
565.75,-nan
566,-nan
566.25,-nan
566.5,-nan
566.75,-nan
567,-nan
567.25,-nan
567.5,-nan
567.75,-nan
568,-nan
568.25,-nan
568.5,-nan
568.75,-nan
569,-nan
569.25,-nan
569.5,-nan
569.75,-nan
570,-nan
570.25,-nan
570.5,-nan
570.75,-nan
571,-nan
571.25,-nan
571.5,-nan
571.75,-nan
572,-nan
572.25,-nan
572.5,-nan
572.75,-nan
573,-nan
573.25,-nan
573.5,-nan
573.75,-nan
574,-nan
574.25,-nan
574.5,-nan
574.75,-nan
575,-nan
575.25,-nan
575.5,-nan
575.75,-nan
576,-nan
576.25,-nan
576.5,-nan
576.75,-nan
577,-nan
577.25,-nan
577.5,-nan
577.75,-nan
578,-nan
578.25,-nan
578.5,-nan
578.75,-nan
579,-nan
579.25,-nan
579.5,-nan
579.75,-nan
580,-nan
580.25,-nan
580.5,-nan
580.75,-nan
581,-nan
581.25,-nan
581.5,-nan
581.75,-nan
582,-nan
582.25,-nan
582.5,-nan
582.75,-nan
583,-nan
583.25,-nan
583.5,-nan
583.75,-nan
584,-nan
584.25,-nan
584.5,-nan
584.75,-nan
585,-nan
585.25,-nan
585.5,-nan
585.75,-nan
586,-nan
586.25,-nan
586.5,-nan
586.75,-nan
587,-nan
587.25,-nan
587.5,-nan
587.75,-nan
588,-nan
588.25,-nan
588.5,-nan
588.75,-nan
589,-nan
589.25,-nan
589.5,-nan
589.75,-nan
590,-nan
590.25,-nan
590.5,-nan
590.75,-nan
591,-nan
591.25,-nan
591.5,-nan
591.75,-nan
592,-nan
592.25,-nan
592.5,-nan
592.75,-nan
593,-nan
593.25,-nan
593.5,-nan
593.75,-nan
594,-nan
594.25,-nan
594.5,-nan
594.75,-nan
595,-nan
595.25,-nan
595.5,-nan
595.75,-nan
596,-nan
596.25,-nan
596.5,-nan
596.75,-nan
597,-nan
597.25,-nan
597.5,-nan
597.75,-nan
598,-nan
598.25,-nan
598.5,-nan
598.75,-nan
599,-nan
599.25,-nan
599.5,-nan
599.75,-nan
