Time,total_fraction_lambda_T
0,-nan
0.25,-nan
0.5,-nan
0.75,-nan
1,-nan
1.25,0
1.5,0
1.75,-nan
2,0
2.25,0
2.5,0
2.75,0
3,0
3.25,0
3.5,0
3.75,0
4,0
4.25,0
4.5,0
4.75,0
5,0
5.25,0
5.5,0
5.75,0
6,0
6.25,0
6.5,0
6.75,0
7,0
7.25,0
7.5,0
7.75,0
8,0
8.25,0
8.5,0
8.75,0
9,0
9.25,0
9.5,0
9.75,0
10,0
10.25,0
10.5,0
10.75,0
11,0
11.25,0
11.5,0
11.75,0
12,0
12.25,0
12.5,0
12.75,0
13,0
13.25,0
13.5,0
13.75,0
14,0
14.25,0
14.5,0
14.75,0
15,0
15.25,0
15.5,0
15.75,0
16,0
16.25,0
16.5,0
16.75,0
17,0
17.25,0
17.5,0
17.75,0
18,0
18.25,0
18.5,0
18.75,0
19,0
19.25,0
19.5,0
19.75,0
20,0
20.25,0
20.5,0
20.75,0
21,0
21.25,0
21.5,0
21.75,0
22,0
22.25,0
22.5,0
22.75,0
23,0
23.25,0
23.5,0
23.75,0
24,0
24.25,0
24.5,0
24.75,0
25,0
25.25,0
25.5,0
25.75,0
26,0
26.25,0
26.5,0
26.75,0
27,0
27.25,0
27.5,0
27.75,0
28,0
28.25,0
28.5,0
28.75,0
29,0
29.25,0
29.5,0
29.75,0
30,0
30.25,0
30.5,0
30.75,0
31,0
31.25,0
31.5,0
31.75,0
32,0
32.25,0
32.5,0
32.75,0
33,0
33.25,0
33.5,0
33.75,0
34,0
34.25,0
34.5,0
34.75,0
35,0
35.25,0
35.5,0
35.75,0
36,0
36.25,0
36.5,0
36.75,0
37,0
37.25,0
37.5,0
37.75,0
38,0
38.25,0
38.5,0
38.75,0
39,0
39.25,0
39.5,0
39.75,0
40,0
40.25,0
40.5,0
40.75,0
41,0
41.25,0
41.5,0
41.75,0
42,0
42.25,0
42.5,0
42.75,0
43,0
43.25,0
43.5,0
43.75,0
44,0
44.25,0
44.5,0
44.75,0
45,0
45.25,0
45.5,0
45.75,0
46,0
46.25,0
46.5,0
46.75,0
47,0
47.25,0
47.5,0
47.75,0
48,0
48.25,0
48.5,0
48.75,0
49,0
49.25,0
49.5,0
49.75,0
50,0
50.25,0
50.5,0
50.75,0
51,0
51.25,0
51.5,0
51.75,0
52,0
52.25,0
52.5,0
52.75,0
53,0
53.25,0
53.5,0
53.75,0
54,0
54.25,0
54.5,0
54.75,0
55,0
55.25,0
55.5,0
55.75,0
56,0
56.25,0
56.5,0
56.75,0
57,0
57.25,0
57.5,0
57.75,0
58,0
58.25,0
58.5,0
58.75,0
59,0
59.25,0
59.5,0
59.75,0
60,0
60.25,0
60.5,0
60.75,0
61,0
61.25,0
61.5,0
61.75,0
62,0
62.25,0
62.5,0
62.75,0
63,0
63.25,0
63.5,0
63.75,0
64,0
64.25,0
64.5,0
64.75,0
65,0
65.25,0
65.5,0
65.75,0
66,0
66.25,0
66.5,0
66.75,0
67,0
67.25,0
67.5,0
67.75,0
68,0
68.25,0
68.5,0
68.75,0
69,0
69.25,0
69.5,0
69.75,0
70,0
70.25,0
70.5,0
70.75,0
71,0
71.25,0
71.5,0
71.75,0
72,0
72.25,0
72.5,0
72.75,0
73,0
73.25,0
73.5,0
73.75,0
74,0
74.25,0
74.5,0
74.75,0
75,0
75.25,0
75.5,0
75.75,0
76,0
76.25,0
76.5,0
76.75,0
77,0
77.25,0
77.5,0
77.75,0
78,0
78.25,0
78.5,0
78.75,0
79,0
79.25,0
79.5,0
79.75,0
80,0
80.25,0
80.5,0
80.75,0
81,0
81.25,0
81.5,0
81.75,0
82,0
82.25,0
82.5,0
82.75,0
83,0
83.25,0
83.5,0
83.75,0
84,0
84.25,0
84.5,0
84.75,0
85,0
85.25,0
85.5,0
85.75,0
86,0
86.25,0
86.5,0
86.75,0
87,0
87.25,0
87.5,0
87.75,0
88,0
88.25,0
88.5,0
88.75,0
89,0
89.25,0
89.5,0
89.75,0
90,0
90.25,0
90.5,0
90.75,0
91,0
91.25,0
91.5,0
91.75,0
92,0
92.25,0
92.5,0
92.75,0
93,0
93.25,0
93.5,0
93.75,0
94,0
94.25,0
94.5,0
94.75,0
95,0
95.25,0
95.5,0
95.75,0
96,0
96.25,0
96.5,0
96.75,0
97,0
97.25,0
97.5,0
97.75,0
98,0
98.25,0
98.5,0
98.75,0
99,0
99.25,0
99.5,0
99.75,0
100,0
100.25,0
100.5,0
100.75,0
101,0
101.25,0
101.5,0
101.75,0
102,0
102.25,0
102.5,0
102.75,0
103,0
103.25,0
103.5,0
103.75,0
104,0
104.25,0
104.5,0
104.75,0
105,0
105.25,0
105.5,0
105.75,0
106,0
106.25,0
106.5,0
106.75,0
107,0
107.25,0
107.5,0
107.75,0
108,0
108.25,0
108.5,0
108.75,0
109,0
109.25,0
109.5,0
109.75,0
110,0
110.25,0
110.5,0
110.75,0
111,0
111.25,0
111.5,0
111.75,0
112,0
112.25,0
112.5,0
112.75,0
113,0
113.25,0
113.5,0
113.75,0
114,0
114.25,0
114.5,0
114.75,0
115,0
115.25,0
115.5,0
115.75,0
116,0
116.25,0
116.5,0
116.75,0
117,0
117.25,0
117.5,0
117.75,0
118,0
118.25,0
118.5,0
118.75,0
119,0
119.25,0
119.5,0
119.75,0
120,0
120.25,0
120.5,0
120.75,0
121,0
121.25,0
121.5,0
121.75,0
122,0
122.25,0
122.5,0
122.75,0
123,0
123.25,0
123.5,0
123.75,0
124,0
124.25,0
124.5,0
124.75,0
125,0
125.25,0
125.5,0
125.75,0
126,0
126.25,0
126.5,0
126.75,0
127,0
127.25,0
127.5,0
127.75,0
128,0
128.25,0
128.5,0
128.75,0
129,0
129.25,0
129.5,0
129.75,0
130,0
130.25,0
130.5,0
130.75,0
131,0
131.25,0
131.5,0
131.75,0
132,0
132.25,0
132.5,0
132.75,0
133,0
133.25,0
133.5,0
133.75,0
134,0
134.25,0
134.5,0
134.75,0
135,0
135.25,0
135.5,0
135.75,0
136,0
136.25,0
136.5,0
136.75,0
137,0
137.25,0
137.5,0
137.75,0
138,0
138.25,0
138.5,0
138.75,0
139,0
139.25,0
139.5,0
139.75,0
140,0
140.25,0
140.5,0
140.75,0
141,0
141.25,0
141.5,0
141.75,0
142,0
142.25,0
142.5,0
142.75,0
143,0
143.25,0
143.5,0
143.75,0
144,0
144.25,0
144.5,0
144.75,0
145,0
145.25,0
145.5,0
145.75,0
146,0
146.25,0
146.5,0
146.75,0
147,0
147.25,0
147.5,0
147.75,0
148,0
148.25,0
148.5,0
148.75,0
149,0
149.25,0
149.5,0
149.75,0
150,0
150.25,0
150.5,0
150.75,0
151,0
151.25,0
151.5,0
151.75,0
152,0
152.25,0
152.5,0
152.75,0
153,0
153.25,0
153.5,0
153.75,0
154,0
154.25,0
154.5,0
154.75,0
155,0
155.25,0
155.5,0
155.75,0
156,0
156.25,0
156.5,0
156.75,0
157,0
157.25,0
157.5,0
157.75,0
158,0
158.25,0
158.5,0
158.75,0
159,0
159.25,0
159.5,0
159.75,0
160,0
160.25,0
160.5,0
160.75,0
161,0
161.25,0
161.5,0
161.75,0
162,0
162.25,0
162.5,0
162.75,0
163,0
163.25,0
163.5,0
163.75,0
164,0
164.25,0
164.5,0
164.75,0
165,0
165.25,0
165.5,0
165.75,0
166,0
166.25,0
166.5,0
166.75,0
167,0
167.25,0
167.5,0
167.75,0
168,0
168.25,0
168.5,0
168.75,0
169,0
169.25,0
169.5,0
169.75,0
170,0
170.25,0
170.5,0
170.75,0
171,0
171.25,0
171.5,0
171.75,0
172,0
172.25,0
172.5,0
172.75,0
173,0
173.25,0
173.5,0
173.75,0
174,0
174.25,0
174.5,0
174.75,0
175,0
175.25,0
175.5,0
175.75,0
176,0
176.25,0
176.5,0
176.75,0
177,0
177.25,0
177.5,0
177.75,0
178,0
178.25,0
178.5,0
178.75,0
179,0
179.25,0
179.5,0
179.75,0
180,0
180.25,0
180.5,0
180.75,0
181,0
181.25,0
181.5,0
181.75,0
182,0
182.25,0
182.5,0
182.75,0
183,0
183.25,0
183.5,0
183.75,0
184,0
184.25,0
184.5,0
184.75,0
185,0
185.25,0
185.5,0
185.75,0
186,0
186.25,0
186.5,0
186.75,0
187,0
187.25,0
187.5,0
187.75,0
188,0
188.25,0
188.5,0
188.75,0
189,0
189.25,0
189.5,0
189.75,0
190,0
190.25,0
190.5,0
190.75,0
191,0
191.25,0
191.5,0
191.75,0
192,0
192.25,0
192.5,0
192.75,0
193,0
193.25,0
193.5,0
193.75,0
194,0
194.25,0
194.5,0
194.75,0
195,0
195.25,0
195.5,0
195.75,0
196,0
196.25,0
196.5,0
196.75,0
197,0
197.25,0
197.5,0
197.75,0
198,0
198.25,0
198.5,0
198.75,0
199,0
199.25,0
199.5,0
199.75,0
200,0
200.25,0
200.5,0
200.75,0
201,0
201.25,0
201.5,0
201.75,0
202,0
202.25,0
202.5,0
202.75,0
203,0
203.25,0
203.5,0
203.75,0
204,0
204.25,0
204.5,0
204.75,0
205,0
205.25,0
205.5,0
205.75,0
206,0
206.25,0
206.5,0
206.75,0
207,0
207.25,0
207.5,0
207.75,0
208,0
208.25,0
208.5,0
208.75,0
209,0
209.25,0
209.5,0
209.75,0
210,0
210.25,0
210.5,0
210.75,0
211,0
211.25,0
211.5,0
211.75,0
212,0
212.25,0
212.5,0
212.75,0
213,0
213.25,0
213.5,0
213.75,0
214,0
214.25,0
214.5,0
214.75,0
215,0
215.25,0
215.5,0
215.75,0
216,0
216.25,0
216.5,0
216.75,0
217,0
217.25,0
217.5,0
217.75,0
218,0
218.25,0
218.5,0
218.75,0
219,0
219.25,0
219.5,0
219.75,0
220,0
220.25,0
220.5,0
220.75,0
221,0
221.25,0
221.5,0
221.75,0
222,0
222.25,0
222.5,0
222.75,0
223,0
223.25,0
223.5,0
223.75,0
224,0
224.25,0
224.5,0
224.75,0
225,0
225.25,0
225.5,0
225.75,0
226,0
226.25,0
226.5,0
226.75,0
227,0
227.25,0
227.5,0
227.75,0
228,0
228.25,0
228.5,0
228.75,0
229,0
229.25,0
229.5,0
229.75,0
230,0
230.25,0
230.5,0
230.75,0
231,0
231.25,0
231.5,0
231.75,0
232,0
232.25,0
232.5,0
232.75,0
233,0
233.25,0
233.5,0
233.75,0
234,0
234.25,0
234.5,0
234.75,0
235,0
235.25,0
235.5,0
235.75,0
236,0
236.25,0
236.5,0
236.75,0
237,0
237.25,0
237.5,0
237.75,0
238,0
238.25,0
238.5,0
238.75,0
239,0
239.25,0
239.5,0
239.75,0
240,0
240.25,0
240.5,0
240.75,0
241,0
241.25,0
241.5,0
241.75,0
242,0
242.25,0
242.5,0
242.75,0
243,0
243.25,0
243.5,0
243.75,0
244,0
244.25,0
244.5,0
244.75,0
245,0
245.25,0
245.5,0
245.75,0
246,0
246.25,0
246.5,0
246.75,0
247,0
247.25,0
247.5,0
247.75,0
248,0
248.25,0
248.5,0
248.75,0
249,0
249.25,0
249.5,0
249.75,0
250,0
250.25,0
250.5,0
250.75,0
251,0
251.25,0
251.5,0
251.75,0
252,0
252.25,0
252.5,0
252.75,0
253,0
253.25,0
253.5,0
253.75,0
254,0
254.25,0
254.5,0
254.75,0
255,0
255.25,0
255.5,0
255.75,0
256,0
256.25,0
256.5,0
256.75,0
257,0
257.25,0
257.5,0
257.75,0
258,0
258.25,0
258.5,0
258.75,0
259,0
259.25,0
259.5,0
259.75,0
260,0
260.25,0
260.5,0
260.75,0
261,0
261.25,0
261.5,0
261.75,0
262,0
262.25,0
262.5,0
262.75,0
263,0
263.25,0
263.5,0
263.75,0
264,0
264.25,0
264.5,0
264.75,0
265,0
265.25,0
265.5,0
265.75,0
266,0
266.25,0
266.5,0
266.75,0
267,0
267.25,0
267.5,0
267.75,0
268,0
268.25,-nan
268.5,0
268.75,0
269,0
269.25,0
269.5,0
269.75,0
270,0
270.25,0
270.5,0
270.75,0
271,0
271.25,0
271.5,0
271.75,0
272,0
272.25,0
272.5,0
272.75,0
273,0
273.25,0
273.5,0
273.75,0
274,0
274.25,0
274.5,0
274.75,0
275,0
275.25,0
275.5,0
275.75,0
276,0
276.25,0
276.5,0
276.75,0
277,0
277.25,0
277.5,0
277.75,0
278,0
278.25,0
278.5,0
278.75,0
279,0
279.25,-nan
279.5,0
279.75,0
280,0
280.25,0
280.5,0
280.75,0
281,0
281.25,0
281.5,0
281.75,0
282,0
282.25,0
282.5,0
282.75,0
283,0
283.25,0
283.5,0
283.75,0
284,0
284.25,0
284.5,0
284.75,0
285,-nan
285.25,0
285.5,0
285.75,-nan
286,0
286.25,0
286.5,0
286.75,0
287,-nan
287.25,-nan
287.5,0
287.75,0
288,-nan
288.25,0
288.5,0
288.75,-nan
289,0
289.25,0
289.5,-nan
289.75,0
290,0
290.25,0
290.5,0
290.75,0
291,0
291.25,0
291.5,-nan
291.75,0
292,-nan
292.25,0
292.5,0
292.75,0
293,-nan
293.25,0
293.5,0
293.75,-nan
294,0
294.25,-nan
294.5,0
294.75,0
295,0
295.25,0
295.5,0
295.75,0
296,0
296.25,0
296.5,-nan
296.75,0
297,0
297.25,0
297.5,0
297.75,0
298,-nan
298.25,0
298.5,0
298.75,-nan
299,-nan
299.25,-nan
299.5,0
299.75,0
300,0
300.25,0
300.5,0
300.75,0
301,-nan
301.25,-nan
301.5,-nan
301.75,-nan
302,0
302.25,-nan
302.5,-nan
302.75,-nan
303,-nan
303.25,-nan
303.5,-nan
303.75,-nan
304,-nan
304.25,0
304.5,-nan
304.75,0
305,-nan
305.25,-nan
305.5,0
305.75,-nan
306,-nan
306.25,0
306.5,-nan
306.75,-nan
307,0
307.25,-nan
307.5,0
307.75,-nan
308,-nan
308.25,0
308.5,0
308.75,-nan
309,-nan
309.25,-nan
309.5,-nan
309.75,0
310,-nan
310.25,-nan
310.5,-nan
310.75,0
311,0
311.25,-nan
311.5,0
311.75,-nan
312,-nan
312.25,0
312.5,0
312.75,-nan
313,-nan
313.25,-nan
313.5,0
313.75,-nan
314,-nan
314.25,-nan
314.5,-nan
314.75,0
315,-nan
315.25,-nan
315.5,-nan
315.75,-nan
316,0
316.25,0
316.5,-nan
316.75,-nan
317,-nan
317.25,0
317.5,-nan
317.75,-nan
318,-nan
318.25,0
318.5,0
318.75,-nan
319,-nan
319.25,0
319.5,-nan
319.75,-nan
320,-nan
320.25,-nan
320.5,0
320.75,0
321,-nan
321.25,-nan
321.5,-nan
321.75,0
322,-nan
322.25,-nan
322.5,-nan
322.75,0
323,0
323.25,-nan
323.5,-nan
323.75,-nan
324,0
324.25,-nan
324.5,-nan
324.75,-nan
325,-nan
325.25,-nan
325.5,-nan
325.75,-nan
326,-nan
326.25,-nan
326.5,-nan
326.75,-nan
327,-nan
327.25,-nan
327.5,-nan
327.75,-nan
328,-nan
328.25,-nan
328.5,-nan
328.75,-nan
329,-nan
329.25,-nan
329.5,-nan
329.75,0
330,-nan
330.25,-nan
330.5,-nan
330.75,-nan
331,-nan
331.25,-nan
331.5,-nan
331.75,-nan
332,-nan
332.25,-nan
332.5,-nan
332.75,-nan
333,-nan
333.25,-nan
333.5,-nan
333.75,-nan
334,-nan
334.25,-nan
334.5,-nan
334.75,-nan
335,-nan
335.25,-nan
335.5,-nan
335.75,-nan
336,-nan
336.25,-nan
336.5,-nan
336.75,-nan
337,-nan
337.25,-nan
337.5,-nan
337.75,-nan
338,-nan
338.25,-nan
338.5,-nan
338.75,-nan
339,0
339.25,-nan
339.5,-nan
339.75,-nan
340,-nan
340.25,-nan
340.5,-nan
340.75,-nan
341,-nan
341.25,-nan
341.5,-nan
341.75,-nan
342,-nan
342.25,-nan
342.5,-nan
342.75,-nan
343,-nan
343.25,-nan
343.5,-nan
343.75,-nan
344,-nan
344.25,-nan
344.5,-nan
344.75,-nan
345,-nan
345.25,-nan
345.5,-nan
345.75,-nan
346,-nan
346.25,-nan
346.5,-nan
346.75,-nan
347,-nan
347.25,-nan
347.5,-nan
347.75,-nan
348,-nan
348.25,-nan
348.5,-nan
348.75,-nan
349,-nan
349.25,-nan
349.5,-nan
349.75,-nan
350,-nan
350.25,-nan
350.5,-nan
350.75,-nan
351,-nan
351.25,-nan
351.5,-nan
351.75,-nan
352,-nan
352.25,-nan
352.5,-nan
352.75,-nan
353,-nan
353.25,-nan
353.5,-nan
353.75,-nan
354,-nan
354.25,-nan
354.5,-nan
354.75,-nan
355,-nan
355.25,-nan
355.5,-nan
355.75,-nan
356,-nan
356.25,-nan
356.5,-nan
356.75,-nan
357,-nan
357.25,-nan
357.5,-nan
357.75,-nan
358,-nan
358.25,-nan
358.5,-nan
358.75,-nan
359,-nan
359.25,-nan
359.5,-nan
359.75,-nan
360,-nan
360.25,-nan
360.5,-nan
360.75,-nan
361,-nan
361.25,-nan
361.5,-nan
361.75,-nan
362,-nan
362.25,-nan
362.5,-nan
362.75,-nan
363,-nan
363.25,-nan
363.5,-nan
363.75,-nan
364,-nan
364.25,-nan
364.5,-nan
364.75,-nan
365,-nan
365.25,-nan
365.5,-nan
365.75,-nan
366,-nan
366.25,-nan
366.5,-nan
366.75,-nan
367,-nan
367.25,-nan
367.5,-nan
367.75,-nan
368,-nan
368.25,-nan
368.5,-nan
368.75,-nan
369,-nan
369.25,-nan
369.5,-nan
369.75,-nan
370,-nan
370.25,-nan
370.5,-nan
370.75,-nan
371,-nan
371.25,-nan
371.5,-nan
371.75,-nan
372,-nan
372.25,-nan
372.5,-nan
372.75,-nan
373,-nan
373.25,-nan
373.5,-nan
373.75,-nan
374,-nan
374.25,-nan
374.5,-nan
374.75,-nan
375,-nan
375.25,-nan
375.5,-nan
375.75,-nan
376,-nan
376.25,-nan
376.5,-nan
376.75,-nan
377,-nan
377.25,-nan
377.5,-nan
377.75,-nan
378,-nan
378.25,-nan
378.5,-nan
378.75,-nan
379,-nan
379.25,-nan
379.5,-nan
379.75,-nan
380,-nan
380.25,-nan
380.5,-nan
380.75,-nan
381,-nan
381.25,-nan
381.5,-nan
381.75,-nan
382,-nan
382.25,-nan
382.5,-nan
382.75,-nan
383,-nan
383.25,-nan
383.5,-nan
383.75,-nan
384,-nan
384.25,-nan
384.5,-nan
384.75,-nan
385,-nan
385.25,-nan
385.5,-nan
385.75,-nan
386,-nan
386.25,-nan
386.5,-nan
386.75,-nan
387,-nan
387.25,-nan
387.5,-nan
387.75,-nan
388,-nan
388.25,-nan
388.5,-nan
388.75,-nan
389,-nan
389.25,-nan
389.5,-nan
389.75,-nan
390,-nan
390.25,-nan
390.5,-nan
390.75,-nan
391,-nan
391.25,-nan
391.5,-nan
391.75,-nan
392,-nan
392.25,-nan
392.5,-nan
392.75,-nan
393,-nan
393.25,-nan
393.5,-nan
393.75,-nan
394,-nan
394.25,-nan
394.5,-nan
394.75,-nan
395,-nan
395.25,-nan
395.5,-nan
395.75,-nan
396,-nan
396.25,-nan
396.5,-nan
396.75,-nan
397,-nan
397.25,-nan
397.5,-nan
397.75,-nan
398,-nan
398.25,-nan
398.5,-nan
398.75,-nan
399,-nan
399.25,-nan
399.5,-nan
399.75,-nan
400,-nan
400.25,-nan
400.5,-nan
400.75,-nan
401,-nan
401.25,-nan
401.5,-nan
401.75,-nan
402,-nan
402.25,-nan
402.5,-nan
402.75,-nan
403,-nan
403.25,-nan
403.5,-nan
403.75,-nan
404,-nan
404.25,-nan
404.5,-nan
404.75,-nan
405,-nan
405.25,-nan
405.5,-nan
405.75,-nan
406,-nan
406.25,-nan
406.5,-nan
406.75,-nan
407,-nan
407.25,-nan
407.5,-nan
407.75,-nan
408,-nan
408.25,-nan
408.5,-nan
408.75,-nan
409,-nan
409.25,-nan
409.5,-nan
409.75,-nan
410,-nan
410.25,-nan
410.5,-nan
410.75,-nan
411,-nan
411.25,-nan
411.5,-nan
411.75,-nan
412,-nan
412.25,-nan
412.5,-nan
412.75,-nan
413,-nan
413.25,-nan
413.5,-nan
413.75,-nan
414,-nan
414.25,-nan
414.5,-nan
414.75,-nan
415,-nan
415.25,-nan
415.5,-nan
415.75,-nan
416,-nan
416.25,-nan
416.5,-nan
416.75,-nan
417,-nan
417.25,-nan
417.5,-nan
417.75,-nan
418,-nan
418.25,-nan
418.5,-nan
418.75,-nan
419,-nan
419.25,-nan
419.5,-nan
419.75,-nan
420,-nan
420.25,-nan
420.5,-nan
420.75,-nan
421,-nan
421.25,-nan
421.5,-nan
421.75,-nan
422,-nan
422.25,-nan
422.5,-nan
422.75,-nan
423,-nan
423.25,-nan
423.5,-nan
423.75,-nan
424,-nan
424.25,-nan
424.5,-nan
424.75,-nan
425,-nan
425.25,-nan
425.5,-nan
425.75,-nan
426,-nan
426.25,-nan
426.5,-nan
426.75,-nan
427,-nan
427.25,-nan
427.5,-nan
427.75,-nan
428,-nan
428.25,-nan
428.5,-nan
428.75,-nan
429,-nan
429.25,-nan
429.5,-nan
429.75,-nan
430,-nan
430.25,-nan
430.5,-nan
430.75,-nan
431,-nan
431.25,-nan
431.5,-nan
431.75,-nan
432,-nan
432.25,-nan
432.5,-nan
432.75,-nan
433,-nan
433.25,-nan
433.5,-nan
433.75,-nan
434,-nan
434.25,-nan
434.5,-nan
434.75,-nan
435,-nan
435.25,-nan
435.5,-nan
435.75,-nan
436,-nan
436.25,-nan
436.5,-nan
436.75,-nan
437,-nan
437.25,-nan
437.5,-nan
437.75,-nan
438,-nan
438.25,-nan
438.5,-nan
438.75,-nan
439,-nan
439.25,-nan
439.5,-nan
439.75,-nan
440,-nan
440.25,-nan
440.5,-nan
440.75,-nan
441,-nan
441.25,-nan
441.5,-nan
441.75,-nan
442,-nan
442.25,-nan
442.5,-nan
442.75,-nan
443,-nan
443.25,-nan
443.5,-nan
443.75,-nan
444,-nan
444.25,-nan
444.5,-nan
444.75,-nan
445,-nan
445.25,-nan
445.5,-nan
445.75,-nan
446,-nan
446.25,-nan
446.5,-nan
446.75,-nan
447,-nan
447.25,-nan
447.5,-nan
447.75,-nan
448,-nan
448.25,-nan
448.5,-nan
448.75,-nan
449,-nan
449.25,-nan
449.5,-nan
449.75,-nan
450,-nan
450.25,-nan
450.5,-nan
450.75,-nan
451,-nan
451.25,-nan
451.5,-nan
451.75,-nan
452,-nan
452.25,-nan
452.5,-nan
452.75,-nan
453,-nan
453.25,-nan
453.5,-nan
453.75,-nan
454,-nan
454.25,-nan
454.5,-nan
454.75,-nan
455,-nan
455.25,-nan
455.5,-nan
455.75,-nan
456,-nan
456.25,-nan
456.5,-nan
456.75,-nan
457,-nan
457.25,-nan
457.5,-nan
457.75,-nan
458,-nan
458.25,-nan
458.5,-nan
458.75,-nan
459,-nan
459.25,-nan
459.5,-nan
459.75,-nan
460,-nan
460.25,-nan
460.5,-nan
460.75,-nan
461,-nan
461.25,-nan
461.5,-nan
461.75,-nan
462,-nan
462.25,-nan
462.5,-nan
462.75,-nan
463,-nan
463.25,-nan
463.5,-nan
463.75,-nan
464,-nan
464.25,-nan
464.5,-nan
464.75,-nan
465,-nan
465.25,-nan
465.5,-nan
465.75,-nan
466,-nan
466.25,-nan
466.5,-nan
466.75,-nan
467,-nan
467.25,-nan
467.5,-nan
467.75,-nan
468,-nan
468.25,-nan
468.5,-nan
468.75,-nan
469,-nan
469.25,-nan
469.5,-nan
469.75,-nan
470,-nan
470.25,-nan
470.5,-nan
470.75,-nan
471,-nan
471.25,-nan
471.5,-nan
471.75,-nan
472,-nan
472.25,-nan
472.5,-nan
472.75,-nan
473,-nan
473.25,-nan
473.5,-nan
473.75,-nan
474,-nan
474.25,-nan
474.5,-nan
474.75,-nan
475,-nan
475.25,-nan
475.5,-nan
475.75,-nan
476,-nan
476.25,-nan
476.5,-nan
476.75,-nan
477,-nan
477.25,-nan
477.5,-nan
477.75,-nan
478,-nan
478.25,-nan
478.5,-nan
478.75,-nan
479,-nan
479.25,-nan
479.5,-nan
479.75,-nan
480,-nan
480.25,-nan
480.5,-nan
480.75,-nan
481,-nan
481.25,-nan
481.5,-nan
481.75,-nan
482,-nan
482.25,-nan
482.5,-nan
482.75,-nan
483,-nan
483.25,-nan
483.5,-nan
483.75,-nan
484,-nan
484.25,-nan
484.5,-nan
484.75,-nan
485,-nan
485.25,-nan
485.5,-nan
485.75,-nan
486,-nan
486.25,-nan
486.5,-nan
486.75,-nan
487,-nan
487.25,-nan
487.5,-nan
487.75,-nan
488,-nan
488.25,-nan
488.5,-nan
488.75,-nan
489,-nan
489.25,-nan
489.5,-nan
489.75,-nan
490,-nan
490.25,-nan
490.5,-nan
490.75,-nan
491,-nan
491.25,-nan
491.5,-nan
491.75,-nan
492,-nan
492.25,-nan
492.5,-nan
492.75,-nan
493,-nan
493.25,-nan
493.5,-nan
493.75,-nan
494,-nan
494.25,-nan
494.5,-nan
494.75,-nan
495,-nan
495.25,-nan
495.5,-nan
495.75,-nan
496,-nan
496.25,-nan
496.5,-nan
496.75,-nan
497,-nan
497.25,-nan
497.5,-nan
497.75,-nan
498,-nan
498.25,-nan
498.5,-nan
498.75,-nan
499,-nan
499.25,-nan
499.5,-nan
499.75,-nan
500,-nan
500.25,-nan
500.5,-nan
500.75,-nan
501,-nan
501.25,-nan
501.5,-nan
501.75,-nan
502,-nan
502.25,-nan
502.5,-nan
502.75,-nan
503,-nan
503.25,-nan
503.5,-nan
503.75,-nan
504,-nan
504.25,-nan
504.5,-nan
504.75,-nan
505,-nan
505.25,-nan
505.5,-nan
505.75,-nan
506,-nan
506.25,-nan
506.5,-nan
506.75,-nan
507,-nan
507.25,-nan
507.5,-nan
507.75,-nan
508,-nan
508.25,-nan
508.5,-nan
508.75,-nan
509,-nan
509.25,-nan
509.5,-nan
509.75,-nan
510,-nan
510.25,-nan
510.5,-nan
510.75,-nan
511,-nan
511.25,-nan
511.5,-nan
511.75,-nan
512,-nan
512.25,-nan
512.5,-nan
512.75,-nan
513,-nan
513.25,-nan
513.5,-nan
513.75,-nan
514,-nan
514.25,-nan
514.5,-nan
514.75,-nan
515,-nan
515.25,-nan
515.5,-nan
515.75,-nan
516,-nan
516.25,-nan
516.5,-nan
516.75,-nan
517,-nan
517.25,-nan
517.5,-nan
517.75,-nan
518,-nan
518.25,-nan
518.5,-nan
518.75,-nan
519,-nan
519.25,-nan
519.5,-nan
519.75,-nan
520,-nan
520.25,-nan
520.5,-nan
520.75,-nan
521,-nan
521.25,-nan
521.5,-nan
521.75,-nan
522,-nan
522.25,-nan
522.5,-nan
522.75,-nan
523,-nan
523.25,-nan
523.5,-nan
523.75,-nan
524,-nan
524.25,-nan
524.5,-nan
524.75,-nan
525,-nan
525.25,-nan
525.5,-nan
525.75,-nan
526,-nan
526.25,-nan
526.5,-nan
526.75,-nan
527,-nan
527.25,-nan
527.5,-nan
527.75,-nan
528,-nan
528.25,-nan
528.5,-nan
528.75,-nan
529,-nan
529.25,-nan
529.5,-nan
529.75,-nan
530,-nan
530.25,-nan
530.5,-nan
530.75,-nan
531,-nan
531.25,-nan
531.5,-nan
531.75,-nan
532,-nan
532.25,-nan
532.5,-nan
532.75,-nan
533,-nan
533.25,-nan
533.5,-nan
533.75,-nan
534,-nan
534.25,-nan
534.5,-nan
534.75,-nan
535,-nan
535.25,-nan
535.5,-nan
535.75,-nan
536,-nan
536.25,-nan
536.5,-nan
536.75,-nan
537,-nan
537.25,-nan
537.5,-nan
537.75,-nan
538,-nan
538.25,-nan
538.5,-nan
538.75,-nan
539,-nan
539.25,-nan
539.5,-nan
539.75,-nan
540,-nan
540.25,-nan
540.5,-nan
540.75,-nan
541,-nan
541.25,-nan
541.5,-nan
541.75,-nan
542,-nan
542.25,-nan
542.5,-nan
542.75,-nan
543,-nan
543.25,-nan
543.5,-nan
543.75,-nan
544,-nan
544.25,-nan
544.5,-nan
544.75,-nan
545,-nan
545.25,-nan
545.5,-nan
545.75,-nan
546,-nan
546.25,-nan
546.5,-nan
546.75,-nan
547,-nan
547.25,-nan
547.5,-nan
547.75,-nan
548,-nan
548.25,-nan
548.5,-nan
548.75,-nan
549,-nan
549.25,-nan
549.5,-nan
549.75,-nan
550,-nan
550.25,-nan
550.5,-nan
550.75,-nan
551,-nan
551.25,-nan
551.5,-nan
551.75,-nan
552,-nan
552.25,-nan
552.5,-nan
552.75,-nan
553,-nan
553.25,-nan
553.5,-nan
553.75,-nan
554,-nan
554.25,-nan
554.5,-nan
554.75,-nan
555,-nan
555.25,-nan
555.5,-nan
555.75,-nan
556,-nan
556.25,-nan
556.5,-nan
556.75,-nan
557,-nan
557.25,-nan
557.5,-nan
557.75,-nan
558,-nan
558.25,-nan
558.5,-nan
558.75,-nan
559,-nan
559.25,-nan
559.5,-nan
559.75,-nan
560,-nan
560.25,-nan
560.5,-nan
560.75,-nan
561,-nan
561.25,-nan
561.5,-nan
561.75,-nan
562,-nan
562.25,-nan
562.5,-nan
562.75,-nan
563,-nan
563.25,-nan
563.5,-nan
563.75,-nan
564,-nan
564.25,-nan
564.5,-nan
564.75,-nan
565,-nan
565.25,-nan
565.5,-nan
565.75,-nan
566,-nan
566.25,-nan
566.5,-nan
566.75,-nan
567,-nan
567.25,-nan
567.5,-nan
567.75,-nan
568,-nan
568.25,-nan
568.5,-nan
568.75,-nan
569,-nan
569.25,-nan
569.5,-nan
569.75,-nan
570,-nan
570.25,-nan
570.5,-nan
570.75,-nan
571,-nan
571.25,-nan
571.5,-nan
571.75,-nan
572,-nan
572.25,-nan
572.5,-nan
572.75,-nan
573,-nan
573.25,-nan
573.5,-nan
573.75,-nan
574,-nan
574.25,-nan
574.5,-nan
574.75,-nan
575,-nan
575.25,-nan
575.5,-nan
575.75,-nan
576,-nan
576.25,-nan
576.5,-nan
576.75,-nan
577,-nan
577.25,-nan
577.5,-nan
577.75,-nan
578,-nan
578.25,-nan
578.5,-nan
578.75,-nan
579,-nan
579.25,-nan
579.5,-nan
579.75,-nan
580,-nan
580.25,-nan
580.5,-nan
580.75,-nan
581,-nan
581.25,-nan
581.5,-nan
581.75,-nan
582,-nan
582.25,-nan
582.5,-nan
582.75,-nan
583,-nan
583.25,-nan
583.5,-nan
583.75,-nan
584,-nan
584.25,-nan
584.5,-nan
584.75,-nan
585,-nan
585.25,-nan
585.5,-nan
585.75,-nan
586,-nan
586.25,-nan
586.5,-nan
586.75,-nan
587,-nan
587.25,-nan
587.5,-nan
587.75,-nan
588,-nan
588.25,-nan
588.5,-nan
588.75,-nan
589,-nan
589.25,-nan
589.5,-nan
589.75,-nan
590,-nan
590.25,-nan
590.5,-nan
590.75,-nan
591,-nan
591.25,-nan
591.5,-nan
591.75,-nan
592,-nan
592.25,-nan
592.5,-nan
592.75,-nan
593,-nan
593.25,-nan
593.5,-nan
593.75,-nan
594,-nan
594.25,-nan
594.5,-nan
594.75,-nan
595,-nan
595.25,-nan
595.5,-nan
595.75,-nan
596,-nan
596.25,-nan
596.5,-nan
596.75,-nan
597,-nan
597.25,-nan
597.5,-nan
597.75,-nan
598,-nan
598.25,-nan
598.5,-nan
598.75,-nan
599,-nan
599.25,-nan
599.5,-nan
599.75,-nan
