Time,cumulative_mean_fraction_lambda_W
0,0
0.25,0
0.5,0
0.75,0
1,0
1.25,0
1.5,0
1.75,0
2,0.333301
2.25,0.285686
2.5,0.1818
2.75,0.249802
3,0.262968
3.25,0.260702
3.5,0.296142
3.75,0.322341
4,0.342532
4.25,0.333017
4.5,0.404405
4.75,0.425174
5,0.450629
5.25,0.428244
5.5,0.435164
5.75,0.432414
6,0.408052
6.25,0.420655
6.5,0.435509
6.75,0.433368
7,0.436328
7.25,0.432846
7.5,0.431114
7.75,0.419556
8,0.441814
8.25,0.437607
8.5,0.454052
8.75,0.450846
9,0.452523
9.25,0.466729
9.5,0.467781
9.75,0.472813
10,0.473614
10.25,0.492308
10.5,0.48198
10.75,0.485575
11,0.476309
11.25,0.473175
11.5,0.467451
11.75,0.465703
12,0.466885
12.25,0.465329
12.5,0.47164
12.75,0.467175
13,0.467852
13.25,0.465761
13.5,0.469418
13.75,0.472595
14,0.48301
14.25,0.487819
14.5,0.492739
14.75,0.503763
15,0.501601
15.25,0.510011
15.5,0.514103
15.75,0.513643
16,0.507373
16.25,0.507198
16.5,0.510645
16.75,0.517575
17,0.517319
17.25,0.516951
17.5,0.51812
17.75,0.52102
18,0.522304
18.25,0.520467
18.5,0.515462
18.75,0.518539
19,0.516572
19.25,0.514784
19.5,0.511034
19.75,0.516698
20,0.519212
20.25,0.515866
20.5,0.516827
20.75,0.517843
21,0.521217
21.25,0.522329
21.5,0.524506
21.75,0.52636
22,0.533123
22.25,0.532313
22.5,0.531861
22.75,0.530229
23,0.526339
23.25,0.527038
23.5,0.525228
23.75,0.522978
24,0.524926
24.25,0.528848
24.5,0.527021
24.75,0.524433
25,0.527938
25.25,0.526461
25.5,0.521055
25.75,0.523225
26,0.52738
26.25,0.528523
26.5,0.530426
26.75,0.527587
27,0.525141
27.25,0.524655
27.5,0.521875
27.75,0.524615
28,0.525098
28.25,0.524665
28.5,0.524967
28.75,0.521343
29,0.523983
29.25,0.524182
29.5,0.525114
29.75,0.525376
30,0.526866
30.25,0.531615
30.5,0.533344
30.75,0.534182
31,0.533346
31.25,0.531025
31.5,0.532509
31.75,0.53015
32,0.530216
32.25,0.524368
32.5,0.525264
32.75,0.5261
33,0.527877
33.25,0.527677
33.5,0.526231
33.75,0.523643
34,0.525616
34.25,0.525243
34.5,0.524944
34.75,0.524532
35,0.523271
35.25,0.528628
35.5,0.527106
35.75,0.526636
36,0.527145
36.25,0.523216
36.5,0.523178
36.75,0.52134
37,0.522202
37.25,0.52128
37.5,0.520428
37.75,0.518677
38,0.518913
38.25,0.520108
38.5,0.517415
38.75,0.517446
39,0.517984
39.25,0.517669
39.5,0.516314
39.75,0.517774
40,0.516336
40.25,0.514035
40.5,0.513379
40.75,0.512725
41,0.515068
41.25,0.514581
41.5,0.515843
41.75,0.513578
42,0.513398
42.25,0.51343
42.5,0.512049
42.75,0.512495
43,0.514426
43.25,0.516632
43.5,0.519212
43.75,0.519924
44,0.516916
44.25,0.517749
44.5,0.51563
44.75,0.513925
45,0.512839
45.25,0.513956
45.5,0.513986
45.75,0.513513
46,0.513314
46.25,0.515473
46.5,0.515233
46.75,0.514715
47,0.517009
47.25,0.518217
47.5,0.519146
47.75,0.519898
48,0.518069
48.25,0.518537
48.5,0.519022
48.75,0.519002
49,0.520068
49.25,0.520035
49.5,0.520535
49.75,0.519802
50,0.521747
50.25,0.521264
50.5,0.521863
50.75,0.520712
51,0.519379
51.25,0.520718
51.5,0.520272
51.75,0.518126
52,0.519024
52.25,0.520455
52.5,0.519913
52.75,0.519708
53,0.521797
53.25,0.521941
53.5,0.521217
53.75,0.522364
54,0.521766
54.25,0.52264
54.5,0.522965
54.75,0.523167
55,0.523127
55.25,0.52428
55.5,0.523906
55.75,0.52694
56,0.526829
56.25,0.52616
56.5,0.526533
56.75,0.527403
57,0.525599
57.25,0.525325
57.5,0.526035
57.75,0.526089
58,0.528639
58.25,0.529692
58.5,0.529984
58.75,0.530488
59,0.531204
59.25,0.530419
59.5,0.532563
59.75,0.532148
60,0.53308
60.25,0.532814
60.5,0.533843
60.75,0.535509
61,0.536757
61.25,0.537656
61.5,0.539604
61.75,0.540391
62,0.539796
62.25,0.54055
62.5,0.541812
62.75,0.542252
63,0.543384
63.25,0.543691
63.5,0.54315
63.75,0.543858
64,0.544003
64.25,0.545177
64.5,0.545161
64.75,0.545625
65,0.547176
65.25,0.547804
65.5,0.546883
65.75,0.547409
66,0.546396
66.25,0.545605
66.5,0.545652
66.75,0.547031
67,0.54979
67.25,0.550916
67.5,0.551916
67.75,0.553207
68,0.554554
68.25,0.554344
68.5,0.554677
68.75,0.555224
69,0.556299
69.25,0.557272
69.5,0.557951
69.75,0.558034
70,0.558186
70.25,0.558049
70.5,0.556679
70.75,0.555994
71,0.555006
71.25,0.553599
71.5,0.552483
71.75,0.550584
72,0.549049
72.25,0.54822
72.5,0.546802
72.75,0.545489
73,0.543707
73.25,0.541461
73.5,0.540021
73.75,0.538869
74,0.538727
74.25,0.537391
74.5,0.537131
74.75,0.536552
75,0.535226
75.25,0.534851
75.5,0.534004
75.75,0.532621
76,0.532341
76.25,0.532195
76.5,0.5314
76.75,0.531328
77,0.530457
77.25,0.530032
77.5,0.529702
77.75,0.529642
78,0.529513
78.25,0.529401
78.5,0.529166
78.75,0.529176
79,0.528971
79.25,0.528454
79.5,0.529054
79.75,0.529934
80,0.529721
80.25,0.529515
80.5,0.529292
80.75,0.529306
81,0.528732
81.25,0.528819
81.5,0.52906
81.75,0.528528
82,0.528104
82.25,0.527839
82.5,0.527571
82.75,0.527244
83,0.527397
83.25,0.527922
83.5,0.527852
83.75,0.527906
84,0.527457
84.25,0.527214
84.5,0.527085
84.75,0.528066
85,0.5276
85.25,0.52703
85.5,0.527099
85.75,0.526528
86,0.52595
86.25,0.525038
86.5,0.524481
86.75,0.524207
87,0.524393
87.25,0.524041
87.5,0.524548
87.75,0.524385
88,0.523644
88.25,0.523437
88.5,0.523466
88.75,0.522981
89,0.522615
89.25,0.52237
89.5,0.52247
89.75,0.522246
90,0.522442
90.25,0.522116
90.5,0.522297
90.75,0.521826
91,0.52185
91.25,0.522495
91.5,0.522258
91.75,0.521977
92,0.521776
92.25,0.521717
92.5,0.521643
92.75,0.52155
93,0.521312
93.25,0.521198
93.5,0.521294
93.75,0.521348
94,0.521042
94.25,0.521046
94.5,0.52064
94.75,0.520328
95,0.519914
95.25,0.519923
95.5,0.51995
95.75,0.520162
96,0.520092
96.25,0.519975
96.5,0.519742
96.75,0.519573
97,0.519574
97.25,0.519411
97.5,0.519381
97.75,0.519429
98,0.519125
98.25,0.519207
98.5,0.518917
98.75,0.518664
99,0.518936
99.25,0.518868
99.5,0.518775
99.75,0.518355
100,0.518515
100.25,0.518727
100.5,0.518832
100.75,0.518625
101,0.518484
101.25,0.517923
101.5,0.517432
101.75,0.517037
102,0.516668
102.25,0.516582
102.5,0.516497
102.75,0.516339
103,0.516216
103.25,0.516106
103.5,0.515856
103.75,0.515887
104,0.515619
104.25,0.515768
104.5,0.51565
104.75,0.515665
105,0.515604
105.25,0.51554
105.5,0.515544
105.75,0.515573
106,0.515717
106.25,0.516053
106.5,0.516127
106.75,0.516391
107,0.516096
107.25,0.516021
107.5,0.515875
107.75,0.515817
108,0.515405
108.25,0.515138
108.5,0.515265
108.75,0.515467
109,0.515383
109.25,0.515584
109.5,0.515713
109.75,0.51544
110,0.515658
110.25,0.515625
110.5,0.515433
110.75,0.515643
111,0.515856
111.25,0.515739
111.5,0.51573
111.75,0.515971
112,0.515634
112.25,0.515502
112.5,0.515291
112.75,0.515067
113,0.5153
113.25,0.515242
113.5,0.515151
113.75,0.515222
114,0.515098
114.25,0.514806
114.5,0.514867
114.75,0.515046
115,0.51519
115.25,0.515064
115.5,0.514985
115.75,0.515224
116,0.515303
116.25,0.51533
116.5,0.515477
116.75,0.515448
117,0.515364
117.25,0.515463
117.5,0.515729
117.75,0.515542
118,0.515395
118.25,0.515614
118.5,0.515603
118.75,0.515798
119,0.515692
119.25,0.515974
119.5,0.516087
119.75,0.516159
120,0.516193
120.25,0.515948
120.5,0.51613
120.75,0.516032
121,0.515713
121.25,0.515739
121.5,0.515817
121.75,0.51566
122,0.515676
122.25,0.515818
122.5,0.515694
122.75,0.515634
123,0.515272
123.25,0.515243
123.5,0.515309
123.75,0.515381
124,0.51525
124.25,0.515031
124.5,0.515529
124.75,0.515588
125,0.515613
125.25,0.515638
125.5,0.515776
125.75,0.515651
126,0.515325
126.25,0.514983
126.5,0.514956
126.75,0.514667
127,0.514613
127.25,0.51477
127.5,0.514584
127.75,0.514712
128,0.51479
128.25,0.51481
128.5,0.514679
128.75,0.514493
129,0.514634
129.25,0.514779
129.5,0.515113
129.75,0.515215
130,0.515137
130.25,0.514821
130.5,0.51498
130.75,0.514986
131,0.514959
131.25,0.51511
131.5,0.514995
131.75,0.515392
132,0.515905
132.25,0.516109
132.5,0.515917
132.75,0.515838
133,0.515901
133.25,0.515736
133.5,0.515564
133.75,0.515506
134,0.51517
134.25,0.514954
134.5,0.515161
134.75,0.515054
135,0.514942
135.25,0.514802
135.5,0.514876
135.75,0.514805
136,0.514663
136.25,0.514358
136.5,0.51412
136.75,0.514098
137,0.513866
137.25,0.514135
137.5,0.514098
137.75,0.514303
138,0.514177
138.25,0.51374
138.5,0.513415
138.75,0.513526
139,0.513462
139.25,0.513655
139.5,0.513827
139.75,0.513831
140,0.514003
140.25,0.514052
140.5,0.513997
140.75,0.513968
141,0.513786
141.25,0.513891
141.5,0.514066
141.75,0.5144
142,0.514313
142.25,0.514266
142.5,0.514316
142.75,0.51412
143,0.514372
143.25,0.514378
143.5,0.514457
143.75,0.514479
144,0.51437
144.25,0.514592
144.5,0.514617
144.75,0.514564
145,0.51464
145.25,0.514692
145.5,0.514664
145.75,0.514607
146,0.514558
146.25,0.514459
146.5,0.514351
146.75,0.514343
147,0.514072
147.25,0.513834
147.5,0.513838
147.75,0.513861
148,0.513791
148.25,0.514008
148.5,0.514303
148.75,0.514512
149,0.514809
149.25,0.514817
149.5,0.514806
149.75,0.514851
150,0.514838
150.25,0.514807
150.5,0.514838
150.75,0.51485
151,0.514974
151.25,0.51483
151.5,0.514929
151.75,0.514944
152,0.515054
152.25,0.514939
152.5,0.514478
152.75,0.514452
153,0.514495
153.25,0.514605
153.5,0.514391
153.75,0.514525
154,0.514628
154.25,0.514788
154.5,0.514813
154.75,0.514639
155,0.51481
155.25,0.514869
155.5,0.51508
155.75,0.514868
156,0.515089
156.25,0.514934
156.5,0.514893
156.75,0.515028
157,0.514919
157.25,0.515308
157.5,0.515551
157.75,0.515868
158,0.515921
158.25,0.516062
158.5,0.515925
158.75,0.516044
159,0.515837
159.25,0.515746
159.5,0.515524
159.75,0.515146
160,0.515081
160.25,0.515031
160.5,0.51494
160.75,0.514771
161,0.514804
161.25,0.514722
161.5,0.514752
161.75,0.514538
162,0.514269
162.25,0.51417
162.5,0.513944
162.75,0.513856
163,0.513638
163.25,0.513582
163.5,0.513423
163.75,0.513171
164,0.513143
164.25,0.513088
164.5,0.513206
164.75,0.513257
165,0.513353
165.25,0.513235
165.5,0.51321
165.75,0.513383
166,0.51327
166.25,0.513307
166.5,0.513155
166.75,0.513115
167,0.513143
167.25,0.512833
167.5,0.512609
167.75,0.512485
168,0.512322
168.25,0.51216
168.5,0.512006
168.75,0.512083
169,0.511968
169.25,0.512071
169.5,0.512184
169.75,0.51214
170,0.51224
170.25,0.512326
170.5,0.512267
170.75,0.512089
171,0.512069
171.25,0.512053
171.5,0.512138
171.75,0.51221
172,0.51218
172.25,0.512243
172.5,0.512243
172.75,0.512191
173,0.51205
173.25,0.512068
173.5,0.512089
173.75,0.512034
174,0.511966
174.25,0.51188
174.5,0.51182
174.75,0.511922
175,0.511879
175.25,0.511642
175.5,0.511625
175.75,0.511574
176,0.511632
176.25,0.511785
176.5,0.51184
176.75,0.511752
177,0.511747
177.25,0.51173
177.5,0.511908
177.75,0.512046
178,0.512044
178.25,0.51203
178.5,0.512024
178.75,0.512074
179,0.511961
179.25,0.511983
179.5,0.512132
179.75,0.512377
180,0.51244
180.25,0.512322
180.5,0.512506
180.75,0.512353
181,0.512498
181.25,0.512552
181.5,0.512545
181.75,0.512452
182,0.512498
182.25,0.512538
182.5,0.51238
182.75,0.512405
183,0.512311
183.25,0.512448
183.5,0.5127
183.75,0.512842
184,0.512934
184.25,0.513054
184.5,0.513061
184.75,0.513138
185,0.513261
185.25,0.513367
185.5,0.51322
185.75,0.513216
186,0.513058
186.25,0.513129
186.5,0.513114
186.75,0.513001
187,0.51289
187.25,0.51303
187.5,0.512797
187.75,0.512802
188,0.51284
188.25,0.512954
188.5,0.512841
188.75,0.512589
189,0.512601
189.25,0.512626
189.5,0.512402
189.75,0.51224
190,0.512085
190.25,0.512126
190.5,0.511897
190.75,0.511963
191,0.511874
191.25,0.511565
191.5,0.51146
191.75,0.51147
192,0.51151
192.25,0.511415
192.5,0.511405
192.75,0.51148
193,0.511547
193.25,0.511498
193.5,0.511333
193.75,0.511257
194,0.511449
194.25,0.511471
194.5,0.511383
194.75,0.511487
195,0.511324
195.25,0.51128
195.5,0.511129
195.75,0.510982
196,0.510858
196.25,0.510797
196.5,0.510709
196.75,0.510711
197,0.510529
197.25,0.510475
197.5,0.510559
197.75,0.510652
198,0.510564
198.25,0.510749
198.5,0.510709
198.75,0.510625
199,0.510631
199.25,0.510656
199.5,0.51069
199.75,0.510673
200,0.510735
200.25,0.510603
200.5,0.510823
200.75,0.510683
201,0.510802
201.25,0.510727
201.5,0.510688
201.75,0.510665
202,0.51066
202.25,0.510637
202.5,0.510894
202.75,0.511021
203,0.511148
203.25,0.511193
203.5,0.511241
203.75,0.511323
204,0.51114
204.25,0.5111
204.5,0.511061
204.75,0.511271
205,0.511309
205.25,0.511256
205.5,0.511341
205.75,0.511287
206,0.511277
206.25,0.511224
206.5,0.511245
206.75,0.51136
207,0.511452
207.25,0.511378
207.5,0.511447
207.75,0.511516
208,0.511591
208.25,0.511616
208.5,0.511669
208.75,0.511679
209,0.511716
209.25,0.511703
209.5,0.511747
209.75,0.511697
210,0.511735
210.25,0.511801
210.5,0.511916
210.75,0.512038
211,0.51208
211.25,0.512243
211.5,0.512421
211.75,0.51243
212,0.512462
212.25,0.512402
212.5,0.51231
212.75,0.512411
213,0.51245
213.25,0.512364
213.5,0.512418
213.75,0.512305
214,0.512246
214.25,0.512289
214.5,0.512072
214.75,0.512135
215,0.512198
215.25,0.512276
215.5,0.512261
215.75,0.512322
216,0.512359
216.25,0.512296
216.5,0.512172
216.75,0.512132
217,0.512136
217.25,0.512199
217.5,0.512203
217.75,0.512242
218,0.512222
218.25,0.512298
218.5,0.512288
218.75,0.512204
219,0.512095
219.25,0.512129
219.5,0.512056
219.75,0.51215
220,0.512201
220.25,0.512301
220.5,0.512274
220.75,0.512294
221,0.512227
221.25,0.51219
221.5,0.512257
221.75,0.512132
222,0.512227
222.25,0.51227
222.5,0.512106
222.75,0.512353
223,0.512273
223.25,0.512273
223.5,0.512291
223.75,0.512314
224,0.512253
224.25,0.512213
224.5,0.512172
224.75,0.512241
225,0.512192
225.25,0.512243
225.5,0.512182
225.75,0.512226
226,0.512044
226.25,0.511963
226.5,0.511852
226.75,0.511652
227,0.511724
227.25,0.511751
227.5,0.511741
227.75,0.511624
228,0.511674
228.25,0.5116
228.5,0.51163
228.75,0.511612
229,0.511515
229.25,0.511455
229.5,0.511344
229.75,0.511239
230,0.511304
230.25,0.511292
230.5,0.511209
230.75,0.511157
231,0.51115
231.25,0.511239
231.5,0.511289
231.75,0.511136
232,0.511115
232.25,0.510979
232.5,0.511069
232.75,0.511103
233,0.511197
233.25,0.511141
233.5,0.51111
233.75,0.511085
234,0.511125
234.25,0.511048
234.5,0.510958
234.75,0.510849
235,0.510854
235.25,0.510801
235.5,0.510649
235.75,0.510613
236,0.510535
236.25,0.510388
236.5,0.5103
236.75,0.510324
237,0.510347
237.25,0.510296
237.5,0.510369
237.75,0.510314
238,0.510286
238.25,0.510435
238.5,0.510414
238.75,0.510282
239,0.510295
239.25,0.510326
239.5,0.51023
239.75,0.510226
240,0.510165
240.25,0.510116
240.5,0.510119
240.75,0.510137
241,0.510059
241.25,0.510082
241.5,0.510022
241.75,0.510007
242,0.510071
242.25,0.510003
242.5,0.509907
242.75,0.509799
243,0.50976
243.25,0.509809
243.5,0.509808
243.75,0.509725
244,0.509789
244.25,0.509784
244.5,0.50975
244.75,0.509742
245,0.509679
245.25,0.509657
245.5,0.509657
245.75,0.509585
246,0.509575
246.25,0.509551
246.5,0.509386
246.75,0.509334
247,0.509207
247.25,0.509199
247.5,0.509044
247.75,0.509075
248,0.508978
248.25,0.508921
248.5,0.508823
248.75,0.508761
249,0.508745
249.25,0.508869
249.5,0.508975
249.75,0.508952
250,0.508992
250.25,0.50909
250.5,0.50904
250.75,0.508948
251,0.508942
251.25,0.50893
251.5,0.508851
251.75,0.508787
252,0.508708
252.25,0.508668
252.5,0.508781
252.75,0.508709
253,0.508711
253.25,0.508706
253.5,0.508752
253.75,0.508812
254,0.508782
254.25,0.508747
254.5,0.508711
254.75,0.508643
255,0.508678
255.25,0.508648
255.5,0.508661
255.75,0.508563
256,0.508532
256.25,0.508471
256.5,0.508448
256.75,0.508482
257,0.508523
257.25,0.508474
257.5,0.508397
257.75,0.508294
258,0.508234
258.25,0.508215
258.5,0.508101
258.75,0.508077
259,0.508026
259.25,0.507957
259.5,0.507943
259.75,0.507907
260,0.507859
260.25,0.507872
260.5,0.507879
260.75,0.507891
261,0.508027
261.25,0.508119
261.5,0.50812
261.75,0.507993
262,0.507929
262.25,0.507933
262.5,0.507913
262.75,0.507974
263,0.50795
263.25,0.507951
263.5,0.507942
263.75,0.50788
264,0.507821
264.25,0.507794
264.5,0.507744
264.75,0.507654
265,0.507605
265.25,0.507554
265.5,0.507512
265.75,0.507473
266,0.507439
266.25,0.507414
266.5,0.507442
266.75,0.50748
267,0.507356
267.25,0.507351
267.5,0.507348
267.75,0.507271
268,0.507237
268.25,0.50722
268.5,0.507207
268.75,0.507175
269,0.507146
269.25,0.507087
269.5,0.507096
269.75,0.507069
270,0.507045
270.25,0.506968
270.5,0.50703
270.75,0.507054
271,0.507108
271.25,0.507113
271.5,0.50725
271.75,0.507253
272,0.50729
272.25,0.507298
272.5,0.507286
272.75,0.507243
273,0.507236
273.25,0.507265
273.5,0.507298
273.75,0.50737
274,0.507369
274.25,0.507423
274.5,0.507471
274.75,0.507469
275,0.507502
275.25,0.507448
275.5,0.507428
275.75,0.507494
276,0.507622
276.25,0.507716
276.5,0.50773
276.75,0.507754
277,0.507774
277.25,0.507765
277.5,0.507749
277.75,0.507752
278,0.50781
278.25,0.507777
278.5,0.507831
278.75,0.507786
279,0.507717
279.25,0.507693
279.5,0.507759
279.75,0.507792
280,0.507701
280.25,0.507617
280.5,0.507569
280.75,0.507517
281,0.507495
281.25,0.507507
281.5,0.507477
281.75,0.507522
282,0.507449
282.25,0.50749
282.5,0.507516
282.75,0.507602
283,0.507534
283.25,0.507634
283.5,0.507643
283.75,0.50765
284,0.507749
284.25,0.507709
284.5,0.507757
284.75,0.507663
285,0.507646
285.25,0.507578
285.5,0.507595
285.75,0.507465
286,0.50751
286.25,0.507486
286.5,0.507495
286.75,0.507496
287,0.507474
287.25,0.507474
287.5,0.507437
287.75,0.507409
288,0.507405
288.25,0.50742
288.5,0.507388
288.75,0.507321
289,0.507337
289.25,0.507398
289.5,0.507398
289.75,0.507362
290,0.507358
290.25,0.507305
290.5,0.507345
290.75,0.507401
291,0.507311
291.25,0.507272
291.5,0.507295
291.75,0.507321
292,0.507225
292.25,0.50724
292.5,0.507213
292.75,0.507266
293,0.507304
293.25,0.507346
293.5,0.507325
293.75,0.507291
294,0.507306
294.25,0.507262
294.5,0.507201
294.75,0.50718
295,0.507121
295.25,0.507049
295.5,0.507058
295.75,0.506991
296,0.506983
296.25,0.50707
296.5,0.507095
296.75,0.50709
297,0.507095
297.25,0.507044
297.5,0.507049
297.75,0.507028
298,0.50697
298.25,0.506859
298.5,0.506846
298.75,0.506782
299,0.506695
299.25,0.506565
299.5,0.506537
299.75,0.506511
300,0.506456
300.25,0.506439
300.5,0.506395
300.75,0.506406
301,0.506394
301.25,0.506506
301.5,0.506469
301.75,0.506501
302,0.506444
302.25,0.506455
302.5,0.506401
302.75,0.50636
303,0.506356
303.25,0.506362
303.5,0.506171
303.75,0.506167
304,0.50617
304.25,0.506145
304.5,0.506161
304.75,0.506083
305,0.506012
305.25,0.506046
305.5,0.506076
305.75,0.505961
306,0.505986
306.25,0.506021
306.5,0.505965
306.75,0.505946
307,0.505943
307.25,0.505925
307.5,0.505972
307.75,0.505996
308,0.506037
308.25,0.506041
308.5,0.506008
308.75,0.506063
309,0.506112
309.25,0.506094
309.5,0.506186
309.75,0.506167
310,0.506198
310.25,0.506187
310.5,0.506213
310.75,0.50618
311,0.506161
311.25,0.50618
311.5,0.50617
311.75,0.506137
312,0.506219
312.25,0.506261
312.5,0.506314
312.75,0.506333
313,0.506401
313.25,0.506374
313.5,0.506398
313.75,0.506424
314,0.5065
314.25,0.506454
314.5,0.506525
314.75,0.506543
315,0.50654
315.25,0.506506
315.5,0.50656
315.75,0.506586
316,0.506618
316.25,0.506579
316.5,0.50659
316.75,0.506556
317,0.506567
317.25,0.506549
317.5,0.506539
317.75,0.506568
318,0.506579
318.25,0.50656
318.5,0.50655
318.75,0.506545
319,0.50654
319.25,0.506544
319.5,0.506523
319.75,0.506605
320,0.506628
320.25,0.506636
320.5,0.50664
320.75,0.506679
321,0.506704
321.25,0.506708
321.5,0.506713
321.75,0.506701
322,0.506703
322.25,0.50672
322.5,0.506759
322.75,0.506727
323,0.506768
323.25,0.506649
323.5,0.50656
323.75,0.50655
324,0.506527
324.25,0.506574
324.5,0.506535
324.75,0.506539
325,0.506537
325.25,0.506556
325.5,0.50651
325.75,0.506506
326,0.506525
326.25,0.506458
326.5,0.506447
326.75,0.506394
327,0.506435
327.25,0.506442
327.5,0.506423
327.75,0.506377
328,0.506424
328.25,0.506427
328.5,0.506452
328.75,0.506434
329,0.506453
329.25,0.506455
329.5,0.506494
329.75,0.506513
330,0.506498
330.25,0.506529
330.5,0.506589
330.75,0.506621
331,0.506633
331.25,0.5066
331.5,0.506609
331.75,0.506613
332,0.506575
332.25,0.506629
332.5,0.506699
332.75,0.506696
333,0.506692
333.25,0.506646
333.5,0.506656
333.75,0.506676
334,0.506721
334.25,0.506739
334.5,0.506742
334.75,0.506711
335,0.50661
335.25,0.506614
335.5,0.506605
335.75,0.50661
336,0.506612
336.25,0.506587
336.5,0.506591
336.75,0.506582
337,0.506556
337.25,0.506546
337.5,0.506538
337.75,0.506541
338,0.506441
338.25,0.506474
338.5,0.506437
338.75,0.50642
339,0.506391
339.25,0.506396
339.5,0.506415
339.75,0.506405
340,0.506333
340.25,0.506297
340.5,0.506253
340.75,0.506209
341,0.506192
341.25,0.50619
341.5,0.50618
341.75,0.506157
342,0.50614
342.25,0.506089
342.5,0.506057
342.75,0.506028
343,0.505977
343.25,0.505926
343.5,0.505904
343.75,0.505867
344,0.505888
344.25,0.505824
344.5,0.505861
344.75,0.50588
345,0.505952
345.25,0.505978
345.5,0.506015
345.75,0.506013
346,0.505983
346.25,0.505974
346.5,0.505909
346.75,0.505957
347,0.505927
347.25,0.505891
347.5,0.505889
347.75,0.505901
348,0.505884
348.25,0.505858
348.5,0.505828
348.75,0.505835
349,0.505839
349.25,0.505807
349.5,0.505832
349.75,0.505834
350,0.505831
350.25,0.505836
350.5,0.505833
350.75,0.505883
351,0.505915
351.25,0.505975
351.5,0.505945
351.75,0.505978
352,0.506023
352.25,0.505953
352.5,0.505951
352.75,0.506011
353,0.506017
353.25,0.506048
353.5,0.506072
353.75,0.506131
354,0.506136
354.25,0.506106
354.5,0.506104
354.75,0.506142
355,0.506151
355.25,0.506162
355.5,0.506147
355.75,0.506096
356,0.506088
356.25,0.506169
356.5,0.506173
356.75,0.506179
357,0.506142
357.25,0.506161
357.5,0.506125
357.75,0.506115
358,0.506161
358.25,0.506199
358.5,0.506197
358.75,0.506161
359,0.506186
359.25,0.506157
359.5,0.506127
359.75,0.506172
360,0.50615
360.25,0.506182
360.5,0.506187
360.75,0.506226
361,0.50617
361.25,0.506147
361.5,0.5062
361.75,0.506178
362,0.506114
362.25,0.506104
362.5,0.50612
362.75,0.506084
363,0.50602
363.25,0.50607
363.5,0.506054
363.75,0.506059
364,0.506077
364.25,0.506128
364.5,0.50612
364.75,0.50613
365,0.506122
365.25,0.506183
365.5,0.506161
365.75,0.506172
366,0.506193
366.25,0.506178
366.5,0.506229
366.75,0.506254
367,0.506279
367.25,0.506304
367.5,0.506295
367.75,0.506306
368,0.506305
368.25,0.506343
368.5,0.506348
368.75,0.506355
369,0.506346
369.25,0.506351
369.5,0.506302
369.75,0.50626
370,0.506204
370.25,0.506229
370.5,0.506167
370.75,0.506145
371,0.506171
371.25,0.506162
371.5,0.506167
371.75,0.506164
372,0.506142
372.25,0.506125
372.5,0.506128
372.75,0.506146
373,0.506125
373.25,0.506028
373.5,0.506027
373.75,0.506006
374,0.506004
374.25,0.506003
374.5,0.505975
374.75,0.505974
375,0.505945
375.25,0.506002
375.5,0.506068
375.75,0.506045
376,0.506084
376.25,0.50609
376.5,0.506116
376.75,0.506101
377,0.506113
377.25,0.506119
377.5,0.506111
377.75,0.506075
378,0.506067
378.25,0.506032
378.5,0.506097
378.75,0.506082
379,0.506013
379.25,0.506005
379.5,0.506021
379.75,0.506019
380,0.506043
380.25,0.506042
380.5,0.506067
380.75,0.5061
381,0.506085
381.25,0.50605
381.5,0.506055
381.75,0.506006
382,0.505964
382.25,0.505943
382.5,0.505942
382.75,0.505934
383,0.505939
383.25,0.505938
383.5,0.50589
383.75,0.505848
384,0.50584
384.25,0.505793
384.5,0.505791
384.75,0.505809
385,0.505794
385.25,0.505793
385.5,0.505799
385.75,0.505792
386,0.505818
386.25,0.50579
386.5,0.505768
386.75,0.505741
387,0.505772
387.25,0.505757
387.5,0.505703
387.75,0.505702
388,0.505707
388.25,0.505619
388.5,0.505597
388.75,0.50557
389,0.505582
389.25,0.505561
389.5,0.505571
389.75,0.50551
390,0.505503
390.25,0.505515
390.5,0.505495
390.75,0.505521
391,0.505546
391.25,0.505545
391.5,0.505524
391.75,0.50555
392,0.505536
392.25,0.505562
392.5,0.505595
392.75,0.505614
393,0.505612
393.25,0.505585
393.5,0.505605
393.75,0.505631
394,0.505596
394.25,0.505628
394.5,0.505576
394.75,0.505588
395,0.50558
395.25,0.505559
395.5,0.505538
395.75,0.50551
396,0.505523
396.25,0.505561
396.5,0.505554
396.75,0.50556
397,0.505573
397.25,0.505579
397.5,0.505565
397.75,0.505565
398,0.505538
398.25,0.505564
398.5,0.50555
398.75,0.505563
399,0.505569
399.25,0.505568
399.5,0.50556
399.75,0.505512
400,0.505485
400.25,0.505458
400.5,0.505443
400.75,0.505422
401,0.505408
401.25,0.505408
401.5,0.505381
401.75,0.50536
402,0.505378
402.25,0.505377
402.5,0.505337
402.75,0.505349
403,0.505328
403.25,0.505308
403.5,0.5053
403.75,0.505306
404,0.505279
404.25,0.505272
404.5,0.505271
404.75,0.505251
405,0.505277
405.25,0.505282
405.5,0.505295
405.75,0.505308
406,0.505333
406.25,0.505319
406.5,0.505325
406.75,0.505337
407,0.505317
407.25,0.505327
407.5,0.50534
407.75,0.505319
408,0.505332
408.25,0.505318
408.5,0.505324
408.75,0.50535
409,0.50533
409.25,0.505342
409.5,0.505368
409.75,0.5054
410,0.505386
410.25,0.505373
410.5,0.505371
410.75,0.505383
411,0.505402
411.25,0.505375
411.5,0.505388
411.75,0.505394
412,0.505394
412.25,0.505414
412.5,0.505393
412.75,0.505406
413,0.505386
413.25,0.505373
413.5,0.505346
413.75,0.505345
414,0.505409
414.25,0.505409
414.5,0.505408
414.75,0.505415
415,0.505434
415.25,0.505453
415.5,0.505453
415.75,0.505426
416,0.505412
416.25,0.505418
416.5,0.505411
416.75,0.505436
417,0.505468
417.25,0.505475
417.5,0.505481
417.75,0.505461
418,0.505454
418.25,0.505467
418.5,0.505499
418.75,0.505518
419,0.505517
419.25,0.505536
419.5,0.505548
419.75,0.505606
420,0.505626
420.25,0.505619
420.5,0.505618
420.75,0.505638
421,0.505644
421.25,0.505636
421.5,0.505609
421.75,0.505603
422,0.505569
422.25,0.505575
422.5,0.505574
422.75,0.505587
423,0.505533
423.25,0.50554
423.5,0.505546
423.75,0.505565
424,0.505577
424.25,0.505583
424.5,0.50559
424.75,0.505583
425,0.505569
425.25,0.505589
425.5,0.505588
425.75,0.505581
426,0.505548
426.25,0.505488
426.5,0.505481
426.75,0.505481
427,0.505486
427.25,0.505464
427.5,0.505463
427.75,0.505417
428,0.505416
428.25,0.505429
428.5,0.505416
428.75,0.505376
429,0.505375
429.25,0.505382
429.5,0.50542
429.75,0.505419
430,0.505432
430.25,0.505418
430.5,0.505438
430.75,0.505444
431,0.505457
431.25,0.505437
431.5,0.505443
431.75,0.505416
432,0.505415
432.25,0.505415
432.5,0.505413
432.75,0.505406
433,0.505392
433.25,0.505399
433.5,0.505385
433.75,0.505378
434,0.505377
434.25,0.50539
434.5,0.505362
434.75,0.505361
435,0.505393
435.25,0.505399
435.5,0.505392
435.75,0.505404
436,0.505423
436.25,0.505403
436.5,0.505409
436.75,0.505402
437,0.505421
437.25,0.50544
437.5,0.505427
437.75,0.505452
438,0.505459
438.25,0.505465
438.5,0.505491
438.75,0.505471
439,0.505444
439.25,0.505444
439.5,0.505437
439.75,0.505449
440,0.505475
440.25,0.505455
440.5,0.505441
440.75,0.505441
441,0.505421
441.25,0.505421
441.5,0.505401
441.75,0.505381
442,0.505381
442.25,0.505374
442.5,0.505354
442.75,0.505347
443,0.505334
443.25,0.50536
443.5,0.505359
443.75,0.505365
444,0.505332
444.25,0.505332
444.5,0.505319
444.75,0.505306
445,0.505286
445.25,0.505259
445.5,0.505259
445.75,0.505239
446,0.505232
446.25,0.505212
446.5,0.505192
446.75,0.505191
447,0.505191
447.25,0.505178
447.5,0.505178
447.75,0.505184
448,0.50519
448.25,0.505189
448.5,0.505202
448.75,0.505202
449,0.505195
449.25,0.505175
449.5,0.505156
449.75,0.505156
450,0.505129
450.25,0.505116
450.5,0.505108
450.75,0.505108
451,0.505107
451.25,0.505093
451.5,0.5051
451.75,0.5051
452,0.505119
452.25,0.505119
452.5,0.505112
452.75,0.505105
453,0.505092
453.25,0.505091
453.5,0.505091
453.75,0.505097
454,0.505071
454.25,0.505071
454.5,0.505064
454.75,0.505058
455,0.505051
455.25,0.505051
455.5,0.505044
455.75,0.50505
456,0.50505
456.25,0.505043
456.5,0.505049
456.75,0.505061
457,0.505041
457.25,0.505054
457.5,0.505059
457.75,0.505046
458,0.50504
458.25,0.505039
458.5,0.505032
458.75,0.505026
459,0.505026
459.25,0.505025
459.5,0.505051
459.75,0.505031
460,0.505038
460.25,0.50505
460.5,0.505037
460.75,0.505043
461,0.50503
461.25,0.50503
461.5,0.505043
461.75,0.505036
462,0.505036
462.25,0.505042
462.5,0.505042
462.75,0.505041
463,0.505035
463.25,0.505021
463.5,0.505015
463.75,0.505021
464,0.505028
464.25,0.505034
464.5,0.505027
464.75,0.50502
465,0.50504
465.25,0.505039
465.5,0.505039
465.75,0.505052
466,0.505039
466.25,0.505033
466.5,0.505033
466.75,0.505026
467,0.505013
467.25,0.505006
467.5,0.505013
467.75,0.505012
468,0.505006
468.25,0.505012
468.5,0.505006
468.75,0.505011
469,0.505003
469.25,0.505023
469.5,0.505022
469.75,0.505022
470,0.505022
470.25,0.505029
470.5,0.505041
470.75,0.505048
471,0.505041
471.25,0.505035
471.5,0.505028
471.75,0.505015
472,0.505015
472.25,0.505015
472.5,0.505002
472.75,0.505001
473,0.504995
473.25,0.505014
473.5,0.505014
473.75,0.505027
474,0.505026
474.25,0.50502
474.5,0.50502
474.75,0.505019
475,0.505019
475.25,0.505032
475.5,0.505032
475.75,0.505032
476,0.505045
476.25,0.505044
476.5,0.505031
476.75,0.505025
477,0.505031
477.25,0.505031
477.5,0.505024
477.75,0.505024
478,0.505024
478.25,0.505018
478.5,0.505011
478.75,0.505011
479,0.504998
479.25,0.504998
479.5,0.504998
479.75,0.505005
480,0.504985
480.25,0.504991
480.5,0.504998
480.75,0.504991
481,0.504991
481.25,0.504984
481.5,0.504971
481.75,0.504971
482,0.504945
482.25,0.504945
482.5,0.504945
482.75,0.504945
483,0.504938
483.25,0.504938
483.5,0.504945
483.75,0.504957
484,0.504957
484.25,0.504964
484.5,0.50497
484.75,0.504977
485,0.50497
485.25,0.504983
485.5,0.504969
485.75,0.504969
486,0.504956
486.25,0.504923
486.5,0.504923
486.75,0.504897
487,0.504897
487.25,0.504897
487.5,0.504884
487.75,0.504884
488,0.504877
488.25,0.504871
488.5,0.504871
488.75,0.504877
489,0.50487
489.25,0.50489
489.5,0.504883
489.75,0.504883
490,0.504883
490.25,0.504883
490.5,0.504883
490.75,0.504883
491,0.504869
491.25,0.504869
491.5,0.504863
491.75,0.504863
492,0.50485
492.25,0.504849
492.5,0.504856
492.75,0.504856
493,0.504842
493.25,0.504842
493.5,0.504849
493.75,0.504855
494,0.504868
494.25,0.504887
494.5,0.504893
494.75,0.5049
495,0.504913
495.25,0.504925
495.5,0.504932
495.75,0.504951
496,0.504944
496.25,0.504937
496.5,0.504937
496.75,0.50495
497,0.50495
497.25,0.504963
497.5,0.504963
497.75,0.504956
498,0.504962
498.25,0.504956
498.5,0.504975
498.75,0.504975
499,0.504975
499.25,0.504981
499.5,0.504981
499.75,0.504994
500,0.504987
500.25,0.504987
500.5,0.504987
500.75,0.504993
501,0.504999
501.25,0.505006
501.5,0.504999
501.75,0.504999
502,0.505005
502.25,0.504999
502.5,0.504999
502.75,0.504998
503,0.504998
503.25,0.504959
503.5,0.504926
503.75,0.504932
504,0.504925
504.25,0.504912
504.5,0.504905
504.75,0.504892
505,0.504905
505.25,0.50491
505.5,0.504897
505.75,0.504903
506,0.504903
506.25,0.504897
506.5,0.504909
506.75,0.504928
507,0.504915
507.25,0.504902
507.5,0.504934
507.75,0.504914
508,0.504913
508.25,0.504932
508.5,0.504906
508.75,0.504893
509,0.50488
509.25,0.504879
509.5,0.504859
509.75,0.50484
510,0.504846
510.25,0.504833
510.5,0.504839
510.75,0.504864
511,0.504838
511.25,0.504844
511.5,0.504824
511.75,0.504811
512,0.504785
512.25,0.504791
512.5,0.504778
512.75,0.50479
513,0.504803
513.25,0.504796
513.5,0.504789
513.75,0.504756
514,0.504756
514.25,0.504742
514.5,0.504768
514.75,0.50478
515,0.504793
515.25,0.504799
515.5,0.504792
515.75,0.504797
516,0.504803
516.25,0.504803
516.5,0.504796
516.75,0.504796
517,0.504803
517.25,0.504822
517.5,0.504834
517.75,0.504834
518,0.504827
518.25,0.504846
518.5,0.504813
518.75,0.504819
519,0.504832
519.25,0.504838
519.5,0.504831
519.75,0.504811
520,0.504831
520.25,0.504772
520.5,0.504791
520.75,0.504777
521,0.50479
521.25,0.50479
521.5,0.504777
521.75,0.504783
522,0.504795
522.25,0.504789
522.5,0.504788
522.75,0.504775
523,0.504781
523.25,0.504787
523.5,0.504794
523.75,0.5048
524,0.5048
524.25,0.504806
524.5,0.504806
524.75,0.504799
525,0.50478
525.25,0.504773
525.5,0.504773
525.75,0.504792
526,0.504791
526.25,0.504791
526.5,0.504804
526.75,0.50481
527,0.50481
527.25,0.504823
527.5,0.504809
527.75,0.504796
528,0.50479
528.25,0.50477
528.5,0.50475
528.75,0.504731
529,0.504743
529.25,0.504743
529.5,0.504737
529.75,0.504724
530,0.504749
530.25,0.504749
530.5,0.504736
530.75,0.504723
531,0.504722
531.25,0.504735
531.5,0.504728
531.75,0.504728
532,0.504728
532.25,0.504728
532.5,0.504715
532.75,0.504702
533,0.504689
533.25,0.504695
533.5,0.504682
533.75,0.504689
534,0.504701
534.25,0.504701
534.5,0.504707
534.75,0.504701
535,0.504701
535.25,0.5047
535.5,0.5047
535.75,0.5047
536,0.504726
536.25,0.504732
536.5,0.504732
536.75,0.504745
537,0.504738
537.25,0.504738
537.5,0.504744
537.75,0.504744
538,0.504744
538.25,0.504725
538.5,0.504731
538.75,0.504731
539,0.504731
539.25,0.504737
539.5,0.50475
539.75,0.50475
540,0.50475
540.25,0.50475
540.5,0.504782
540.75,0.504788
541,0.504794
541.25,0.5048
541.5,0.504807
541.75,0.504813
542,0.504793
542.25,0.5048
542.5,0.504812
542.75,0.504799
543,0.504793
543.25,0.504786
543.5,0.504786
543.75,0.504786
544,0.504793
544.25,0.504793
544.5,0.504792
544.75,0.504786
545,0.504792
545.25,0.504773
545.5,0.504773
545.75,0.504773
546,0.504773
546.25,0.504773
546.5,0.504773
546.75,0.504773
547,0.504773
547.25,0.504766
547.5,0.504759
547.75,0.504759
548,0.504759
548.25,0.504753
548.5,0.504739
548.75,0.504726
549,0.504726
549.25,0.504745
549.5,0.504745
549.75,0.504726
550,0.504719
550.25,0.504726
550.5,0.504726
550.75,0.504719
551,0.504686
551.25,0.504686
551.5,0.504673
551.75,0.504667
552,0.504673
552.25,0.504666
552.5,0.504666
552.75,0.504653
553,0.504647
553.25,0.504647
553.5,0.504647
553.75,0.50464
554,0.504627
554.25,0.504614
554.5,0.504595
554.75,0.504601
555,0.504608
555.25,0.504601
555.5,0.50462
555.75,0.504633
556,0.504626
556.25,0.504645
556.5,0.504664
556.75,0.504657
557,0.504657
557.25,0.504651
557.5,0.504651
557.75,0.504651
558,0.504657
558.25,0.504638
558.5,0.504637
558.75,0.504631
559,0.504631
559.25,0.504631
559.5,0.504631
559.75,0.504624
560,0.504624
560.25,0.504624
560.5,0.504624
560.75,0.504624
561,0.504631
561.25,0.504624
561.5,0.504618
561.75,0.504624
562,0.504618
562.25,0.504611
562.5,0.504605
562.75,0.504605
563,0.504604
563.25,0.504598
563.5,0.504598
563.75,0.504598
564,0.504598
564.25,0.504604
564.5,0.504598
564.75,0.50461
565,0.504616
565.25,0.504629
565.5,0.504636
565.75,0.504635
566,0.504635
566.25,0.504642
566.5,0.504629
566.75,0.504629
567,0.504642
567.25,0.504635
567.5,0.504609
567.75,0.50459
568,0.50459
568.25,0.50459
568.5,0.504583
568.75,0.504577
569,0.504576
569.25,0.504576
569.5,0.504582
569.75,0.504576
570,0.504569
570.25,0.504569
570.5,0.504556
570.75,0.504556
571,0.504556
571.25,0.504556
571.5,0.504556
571.75,0.50455
572,0.50453
572.25,0.504504
572.5,0.504498
572.75,0.504485
573,0.504472
573.25,0.504472
573.5,0.504472
573.75,0.504478
574,0.504472
574.25,0.504484
574.5,0.504484
574.75,0.504484
575,0.504484
575.25,0.504484
575.5,0.504484
575.75,0.504484
576,0.504484
576.25,0.504477
576.5,0.504477
576.75,0.504484
577,0.504484
577.25,0.504471
577.5,0.504471
577.75,0.504477
578,0.504477
578.25,0.504477
578.5,0.50447
578.75,0.504464
579,0.504464
579.25,0.504457
579.5,0.504451
579.75,0.504451
580,0.504438
580.25,0.504438
580.5,0.504431
580.75,0.504431
581,0.504431
581.25,0.504444
581.5,0.504437
581.75,0.504431
582,0.504425
582.25,0.504425
582.5,0.504425
582.75,0.504425
583,0.504425
583.25,0.504425
583.5,0.504425
583.75,0.504425
584,0.504425
584.25,0.504425
584.5,0.504425
584.75,0.504425
585,0.504425
585.25,0.504425
585.5,0.504418
585.75,0.504418
586,0.504418
586.25,0.504418
586.5,0.504418
586.75,0.504418
587,0.504418
587.25,0.504418
587.5,0.504418
587.75,0.504418
588,0.504418
588.25,0.504418
588.5,0.504418
588.75,0.504418
589,0.504412
589.25,0.504411
589.5,0.504411
589.75,0.504411
590,0.504411
590.25,0.504411
590.5,0.504411
590.75,0.504411
591,0.504411
591.25,0.504411
591.5,0.504411
591.75,0.504411
592,0.504411
592.25,0.504411
592.5,0.504411
592.75,0.504411
593,0.504411
593.25,0.504411
593.5,0.504411
593.75,0.504411
594,0.504411
594.25,0.504411
594.5,0.504411
594.75,0.504411
595,0.504411
595.25,0.504411
595.5,0.504411
595.75,0.504418
596,0.504418
596.25,0.504424
596.5,0.504418
596.75,0.504424
597,0.504443
597.25,0.504449
597.5,0.504449
597.75,0.504449
598,0.504449
598.25,0.504449
598.5,0.504449
598.75,0.504449
599,0.504456
599.25,0.504456
599.5,0.504456
599.75,0.504456
