Time,num_cumulative_infective
0,0
0.25,8
0.5,18
0.75,27
1,35
1.25,42
1.5,47
1.75,49
2,53
2.25,59
2.5,60
2.75,63
3,67
3.25,72
3.5,76
3.75,77
4,81
4.25,85
4.5,86
4.75,89
5,92
5.25,96
5.5,97
5.75,100
6,104
6.25,107
6.5,111
6.75,115
7,120
7.25,124
7.5,125
7.75,131
8,133
8.25,134
8.5,139
8.75,140
9,144
9.25,149
9.5,154
9.75,159
10,160
10.25,163
10.5,166
10.75,170
11,173
11.25,179
11.5,181
11.75,183
12,185
12.25,190
12.5,195
12.75,198
13,204
13.25,208
13.5,210
13.75,215
14,220
14.25,222
14.5,225
14.75,229
15,237
15.25,243
15.5,246
15.75,246
16,250
16.25,257
16.5,261
16.75,268
17,273
17.25,279
17.5,281
17.75,285
18,294
18.25,300
18.5,303
18.75,309
19,314
19.25,320
19.5,325
19.75,331
20,339
20.25,346
20.5,356
20.75,362
21,370
21.25,374
21.5,378
21.75,382
22,390
22.25,395
22.5,408
22.75,415
23,423
23.25,430
23.5,434
23.75,441
24,448
24.25,450
24.5,458
24.75,466
25,472
25.25,478
25.5,483
25.75,491
26,500
26.25,509
26.5,515
26.75,522
27,525
27.25,537
27.5,544
27.75,551
28,562
28.25,572
28.5,577
28.75,586
29,595
29.25,603
29.5,606
29.75,615
30,629
30.25,636
30.5,650
30.75,656
31,663
31.25,674
31.5,686
31.75,698
32,711
32.25,729
32.5,740
32.75,751
33,762
33.25,772
33.5,784
33.75,792
34,801
34.25,809
34.5,820
34.75,831
35,842
35.25,856
35.5,875
35.75,887
36,898
36.25,911
36.5,928
36.75,945
37,956
37.25,978
37.5,992
37.75,1003
38,1022
38.25,1038
38.5,1055
38.75,1079
39,1094
39.25,1112
39.5,1127
39.75,1144
40,1159
40.25,1175
40.5,1187
40.75,1209
41,1227
41.25,1252
41.5,1269
41.75,1287
42,1302
42.25,1325
42.5,1348
42.75,1369
43,1388
43.25,1413
43.5,1432
43.75,1446
44,1466
44.25,1479
44.5,1499
44.75,1519
45,1545
45.25,1563
45.5,1578
45.75,1606
46,1627
46.25,1646
46.5,1665
46.75,1693
47,1709
47.25,1730
47.5,1747
47.75,1766
48,1794
48.25,1810
48.5,1838
48.75,1860
49,1887
49.25,1914
49.5,1937
49.75,1959
50,1978
50.25,2006
50.5,2032
50.75,2055
51,2079
51.25,2107
51.5,2130
51.75,2165
52,2194
52.25,2213
52.5,2237
52.75,2253
53,2282
53.25,2306
53.5,2325
53.75,2348
54,2373
54.25,2400
54.5,2427
54.75,2460
55,2483
55.25,2521
55.5,2556
55.75,2586
56,2619
56.25,2652
56.5,2687
56.75,2716
57,2750
57.25,2784
57.5,2828
57.75,2869
58,2916
58.25,2959
58.5,2986
58.75,3034
59,3070
59.25,3111
59.5,3151
59.75,3191
60,3242
60.25,3281
60.5,3324
60.75,3374
61,3412
61.25,3464
61.5,3516
61.75,3572
62,3627
62.25,3687
62.5,3745
62.75,3799
63,3856
63.25,3921
63.5,3978
63.75,4031
64,4100
64.25,4174
64.5,4248
64.75,4305
65,4368
65.25,4436
65.5,4508
65.75,4571
66,4624
66.25,4672
66.5,4736
66.75,4806
67,4874
67.25,4932
67.5,5001
67.75,5063
68,5129
68.25,5210
68.5,5289
68.75,5375
69,5455
69.25,5534
69.5,5611
69.75,5702
70,5790
70.25,5872
70.5,5953
70.75,6035
71,6132
71.25,6220
71.5,6310
71.75,6398
72,6484
72.25,6571
72.5,6651
72.75,6746
73,6823
73.25,6908
73.5,7002
73.75,7078
74,7166
74.25,7243
74.5,7336
74.75,7420
75,7497
75.25,7566
75.5,7641
75.75,7712
76,7795
76.25,7891
76.5,7968
76.75,8043
77,8128
77.25,8199
77.5,8274
77.75,8355
78,8417
78.25,8496
78.5,8569
78.75,8646
79,8708
79.25,8785
79.5,8858
79.75,8944
80,9035
80.25,9105
80.5,9172
80.75,9243
81,9309
81.25,9380
81.5,9449
81.75,9508
82,9563
82.25,9642
82.5,9698
82.75,9763
83,9816
83.25,9880
83.5,9955
83.75,10032
84,10099
84.25,10160
84.5,10234
84.75,10305
85,10371
85.25,10435
85.5,10495
85.75,10562
86,10632
86.25,10701
86.5,10772
86.75,10843
87,10908
87.25,10975
87.5,11054
87.75,11117
88,11186
88.25,11258
88.5,11335
88.75,11397
89,11487
89.25,11557
89.5,11623
89.75,11686
90,11771
90.25,11835
90.5,11900
90.75,11966
91,12030
91.25,12100
91.5,12162
91.75,12223
92,12292
92.25,12359
92.5,12427
92.75,12484
93,12556
93.25,12627
93.5,12687
93.75,12762
94,12823
94.25,12890
94.5,12958
94.75,13026
95,13110
95.25,13187
95.5,13257
95.75,13337
96,13400
96.25,13477
96.5,13530
96.75,13584
97,13649
97.25,13722
97.5,13791
97.75,13859
98,13933
98.25,14011
98.5,14081
98.75,14139
99,14204
99.25,14266
99.5,14332
99.75,14403
100,14477
100.25,14544
100.5,14620
100.75,14701
101,14764
101.25,14831
101.5,14893
101.75,14954
102,15030
102.25,15094
102.5,15144
102.75,15211
103,15280
103.25,15346
103.5,15408
103.75,15478
104,15562
104.25,15624
104.5,15698
104.75,15768
105,15832
105.25,15902
105.5,15974
105.75,16038
106,16122
106.25,16187
106.5,16249
106.75,16306
107,16386
107.25,16458
107.5,16527
107.75,16590
108,16656
108.25,16723
108.5,16781
108.75,16855
109,16920
109.25,16989
109.5,17046
109.75,17113
110,17175
110.25,17242
110.5,17323
110.75,17378
111,17440
111.25,17524
111.5,17588
111.75,17641
112,17708
112.25,17779
112.5,17850
112.75,17923
113,17992
113.25,18065
113.5,18128
113.75,18192
114,18265
114.25,18333
114.5,18400
114.75,18462
115,18545
115.25,18607
115.5,18681
115.75,18743
116,18823
116.25,18887
116.5,18956
116.75,19026
117,19089
117.25,19175
117.5,19255
117.75,19311
118,19378
118.25,19441
118.5,19509
118.75,19578
119,19648
119.25,19719
119.5,19796
119.75,19868
120,19935
120.25,20017
120.5,20074
120.75,20145
121,20220
121.25,20282
121.5,20350
121.75,20421
122,20508
122.25,20587
122.5,20660
122.75,20742
123,20806
123.25,20874
123.5,20943
123.75,21017
124,21076
124.25,21142
124.5,21206
124.75,21265
125,21360
125.25,21435
125.5,21515
125.75,21591
126,21660
126.25,21742
126.5,21817
126.75,21880
127,21951
127.25,22019
127.5,22094
127.75,22151
128,22223
128.25,22298
128.5,22379
128.75,22450
129,22530
129.25,22622
129.5,22701
129.75,22775
130,22841
130.25,22902
130.5,22974
130.75,23053
131,23133
131.25,23197
131.5,23291
131.75,23372
132,23450
132.25,23522
132.5,23600
132.75,23674
133,23743
133.25,23819
133.5,23905
133.75,23972
134,24039
134.25,24133
134.5,24214
134.75,24280
135,24359
135.25,24435
135.5,24512
135.75,24572
136,24647
136.25,24718
136.5,24793
136.75,24856
137,24930
137.25,25006
137.5,25081
137.75,25163
138,25252
138.25,25325
138.5,25404
138.75,25472
139,25537
139.25,25594
139.5,25653
139.75,25729
140,25794
140.25,25868
140.5,25939
140.75,26012
141,26085
141.25,26162
141.5,26233
141.75,26298
142,26379
142.25,26442
142.5,26508
142.75,26581
143,26660
143.25,26732
143.5,26804
143.75,26871
144,26943
144.25,27011
144.5,27096
144.75,27173
145,27252
145.25,27330
145.5,27407
145.75,27471
146,27545
146.25,27612
146.5,27682
146.75,27757
147,27831
147.25,27933
147.5,28001
147.75,28079
148,28157
148.25,28214
148.5,28296
148.75,28371
149,28444
149.25,28524
149.5,28595
149.75,28675
150,28743
150.25,28822
150.5,28881
150.75,28954
151,29033
151.25,29117
151.5,29181
151.75,29253
152,29331
152.25,29407
152.5,29481
152.75,29542
153,29621
153.25,29700
153.5,29782
153.75,29850
154,29924
154.25,30004
154.5,30073
154.75,30143
155,30216
155.25,30294
155.5,30360
155.75,30443
156,30515
156.25,30612
156.5,30686
156.75,30776
157,30860
157.25,30931
157.5,31006
157.75,31079
158,31153
158.25,31237
158.5,31322
158.75,31419
159,31503
159.25,31577
159.5,31660
159.75,31739
160,31810
160.25,31891
160.5,31968
160.75,32058
161,32137
161.25,32223
161.5,32308
161.75,32386
162,32452
162.25,32524
162.5,32613
162.75,32691
163,32771
163.25,32851
163.5,32935
163.75,33013
164,33097
164.25,33170
164.5,33241
164.75,33323
165,33413
165.25,33480
165.5,33565
165.75,33651
166,33728
166.25,33803
166.5,33871
166.75,33930
167,34003
167.25,34082
167.5,34130
167.75,34200
168,34271
168.25,34343
168.5,34409
168.75,34492
169,34554
169.25,34619
169.5,34697
169.75,34758
170,34829
170.25,34891
170.5,34950
170.75,35017
171,35089
171.25,35157
171.5,35244
171.75,35321
172,35394
172.25,35465
172.5,35533
172.75,35626
173,35682
173.25,35748
173.5,35832
173.75,35899
174,35982
174.25,36049
174.5,36128
174.75,36197
175,36271
175.25,36337
175.5,36416
175.75,36491
176,36554
176.25,36637
176.5,36711
176.75,36776
177,36846
177.25,36929
177.5,36995
177.75,37060
178,37135
178.25,37221
178.5,37286
178.75,37368
179,37443
179.25,37534
179.5,37605
179.75,37685
180,37775
180.25,37858
180.5,37925
180.75,37994
181,38062
181.25,38147
181.5,38213
181.75,38292
182,38377
182.25,38479
182.5,38559
182.75,38633
183,38718
183.25,38784
183.5,38864
183.75,38939
184,39017
184.25,39088
184.5,39164
184.75,39237
185,39320
185.25,39413
185.5,39490
185.75,39584
186,39653
186.25,39749
186.5,39815
186.75,39893
187,39972
187.25,40050
187.5,40133
187.75,40203
188,40278
188.25,40374
188.5,40461
188.75,40535
189,40603
189.25,40685
189.5,40766
189.75,40831
190,40901
190.25,40977
190.5,41055
190.75,41137
191,41229
191.25,41310
191.5,41401
191.75,41485
192,41563
192.25,41651
192.5,41728
192.75,41814
193,41892
193.25,41971
193.5,42044
193.75,42126
194,42199
194.25,42275
194.5,42357
194.75,42432
195,42504
195.25,42589
195.5,42640
195.75,42712
196,42786
196.25,42856
196.5,42937
196.75,43017
197,43096
197.25,43190
197.5,43256
197.75,43327
198,43402
198.25,43477
198.5,43563
198.75,43638
199,43707
199.25,43772
199.5,43844
199.75,43925
200,43993
200.25,44075
200.5,44141
200.75,44200
201,44270
201.25,44327
201.5,44403
201.75,44458
202,44527
202.25,44590
202.5,44648
202.75,44716
203,44778
203.25,44848
203.5,44913
203.75,44988
204,45062
204.25,45117
204.5,45189
204.75,45251
205,45311
205.25,45383
205.5,45440
205.75,45509
206,45585
206.25,45659
206.5,45729
206.75,45798
207,45876
207.25,45931
207.5,45994
207.75,46050
208,46127
208.25,46188
208.5,46258
208.75,46318
209,46388
209.25,46447
209.5,46501
209.75,46569
210,46630
210.25,46687
210.5,46759
210.75,46831
211,46909
211.25,46969
211.5,47027
211.75,47095
212,47171
212.25,47238
212.5,47307
212.75,47367
213,47425
213.25,47498
213.5,47575
213.75,47650
214,47725
214.25,47797
214.5,47874
214.75,47950
215,48042
215.25,48112
215.5,48168
215.75,48250
216,48316
216.25,48403
216.5,48467
216.75,48526
217,48592
217.25,48652
217.5,48726
217.75,48793
218,48872
218.25,48937
218.5,49007
218.75,49074
219,49135
219.25,49203
219.5,49271
219.75,49340
220,49400
220.25,49467
220.5,49536
220.75,49605
221,49666
221.25,49722
221.5,49781
221.75,49848
222,49918
222.25,49975
222.5,50036
222.75,50111
223,50178
223.25,50242
223.5,50311
223.75,50371
224,50448
224.25,50504
224.5,50571
224.75,50629
225,50706
225.25,50773
225.5,50846
225.75,50912
226,50974
226.25,51036
226.5,51101
226.75,51173
227,51237
227.25,51303
227.5,51372
227.75,51429
228,51489
228.25,51551
228.5,51602
228.75,51668
229,51736
229.25,51813
229.5,51875
229.75,51947
230,52018
230.25,52076
230.5,52136
230.75,52195
231,52259
231.25,52324
231.5,52381
231.75,52438
232,52504
232.25,52568
232.5,52638
232.75,52707
233,52771
233.25,52833
233.5,52908
233.75,52965
234,53030
234.25,53089
234.5,53144
234.75,53202
235,53258
235.25,53314
235.5,53368
235.75,53432
236,53489
236.25,53555
236.5,53610
236.75,53663
237,53730
237.25,53792
237.5,53855
237.75,53902
238,53950
238.25,54015
238.5,54084
238.75,54160
239,54221
239.25,54286
239.5,54345
239.75,54400
240,54465
240.25,54525
240.5,54583
240.75,54638
241,54690
241.25,54755
241.5,54817
241.75,54864
242,54919
242.25,54986
242.5,55036
242.75,55074
243,55135
243.25,55190
243.5,55252
243.75,55308
244,55363
244.25,55422
244.5,55476
244.75,55538
245,55592
245.25,55654
245.5,55715
245.75,55784
246,55832
246.25,55899
246.5,55959
246.75,56033
247,56079
247.25,56135
247.5,56191
247.75,56245
248,56303
248.25,56349
248.5,56403
248.75,56447
249,56515
249.25,56566
249.5,56622
249.75,56670
250,56734
250.25,56789
250.5,56853
250.75,56911
251,56964
251.25,57004
251.5,57060
251.75,57112
252,57159
252.25,57216
252.5,57276
252.75,57334
253,57396
253.25,57453
253.5,57520
253.75,57563
254,57616
254.25,57675
254.5,57716
254.75,57762
255,57825
255.25,57895
255.5,57946
255.75,58012
256,58066
256.25,58117
256.5,58182
256.75,58242
257,58314
257.25,58361
257.5,58412
257.75,58470
258,58536
258.25,58597
258.5,58659
258.75,58721
259,58778
259.25,58826
259.5,58878
259.75,58942
260,59010
260.25,59076
260.5,59138
260.75,59187
261,59236
261.25,59295
261.5,59354
261.75,59409
262,59470
262.25,59526
262.5,59588
262.75,59642
263,59691
263.25,59753
263.5,59808
263.75,59869
264,59914
264.25,59972
264.5,60017
264.75,60068
265,60115
265.25,60164
265.5,60217
265.75,60265
266,60303
266.25,60361
266.5,60423
266.75,60467
267,60513
267.25,60561
267.5,60614
267.75,60662
268,60709
268.25,60762
268.5,60830
268.75,60877
269,60929
269.25,60977
269.5,61022
269.75,61085
270,61130
270.25,61185
270.5,61247
270.75,61296
271,61355
271.25,61409
271.5,61451
271.75,61497
272,61546
272.25,61586
272.5,61623
272.75,61673
273,61719
273.25,61763
273.5,61806
273.75,61871
274,61928
274.25,61975
274.5,62021
274.75,62061
275,62095
275.25,62144
275.5,62179
275.75,62241
276,62296
276.25,62340
276.5,62392
276.75,62439
277,62485
277.25,62530
277.5,62573
277.75,62620
278,62663
278.25,62712
278.5,62755
278.75,62800
279,62849
279.25,62900
279.5,62932
279.75,62977
280,63011
280.25,63052
280.5,63081
280.75,63125
281,63165
281.25,63211
281.5,63252
281.75,63294
282,63343
282.25,63393
282.5,63434
282.75,63473
283,63514
283.25,63556
283.5,63594
283.75,63647
284,63687
284.25,63726
284.5,63765
284.75,63811
285,63866
285.25,63917
285.5,63958
285.75,63996
286,64039
286.25,64075
286.5,64116
286.75,64151
287,64210
287.25,64246
287.5,64298
287.75,64340
288,64377
288.25,64419
288.5,64459
288.75,64498
289,64530
289.25,64566
289.5,64611
289.75,64660
290,64700
290.25,64740
290.5,64791
290.75,64839
291,64880
291.25,64919
291.5,64961
291.75,64998
292,65049
292.25,65077
292.5,65113
292.75,65148
293,65188
293.25,65224
293.5,65264
293.75,65305
294,65348
294.25,65382
294.5,65412
294.75,65449
295,65496
295.25,65539
295.5,65580
295.75,65608
296,65652
296.25,65690
296.5,65728
296.75,65757
297,65796
297.25,65830
297.5,65865
297.75,65903
298,65943
298.25,65977
298.5,66011
298.75,66031
299,66061
299.25,66085
299.5,66116
299.75,66150
300,66193
300.25,66233
300.5,66266
300.75,66305
301,66332
301.25,66362
301.5,66388
301.75,66421
302,66452
302.25,66481
302.5,66515
302.75,66552
303,66583
303.25,66611
303.5,66648
303.75,66675
304,66706
304.25,66742
304.5,66772
304.75,66804
305,66840
305.25,66871
305.5,66902
305.75,66923
306,66962
306.25,66994
306.5,67031
306.75,67059
307,67085
307.25,67104
307.5,67140
307.75,67179
308,67203
308.25,67242
308.5,67268
308.75,67299
309,67331
309.25,67357
309.5,67386
309.75,67414
310,67441
310.25,67465
310.5,67504
310.75,67524
311,67549
311.25,67578
311.5,67609
311.75,67644
312,67678
312.25,67702
312.5,67734
312.75,67764
313,67791
313.25,67814
313.5,67849
313.75,67877
314,67899
314.25,67937
314.5,67981
314.75,68017
315,68056
315.25,68080
315.5,68114
315.75,68137
316,68169
316.25,68204
316.5,68241
316.75,68281
317,68313
317.25,68341
317.5,68376
317.75,68418
318,68450
318.25,68475
318.5,68510
318.75,68548
319,68596
319.25,68620
319.5,68648
319.75,68686
320,68718
320.25,68752
320.5,68776
320.75,68805
321,68841
321.25,68881
321.5,68912
321.75,68950
322,68991
322.25,69016
322.5,69054
322.75,69088
323,69117
323.25,69148
323.5,69183
323.75,69216
324,69250
324.25,69277
324.5,69305
324.75,69335
325,69365
325.25,69402
325.5,69429
325.75,69457
326,69487
326.25,69520
326.5,69547
326.75,69577
327,69605
327.25,69636
327.5,69653
327.75,69677
328,69705
328.25,69731
328.5,69767
328.75,69792
329,69817
329.25,69850
329.5,69874
329.75,69911
330,69934
330.25,69959
330.5,69987
330.75,70024
331,70055
331.25,70092
331.5,70111
331.75,70141
332,70170
332.25,70196
332.5,70229
332.75,70244
333,70271
333.25,70301
333.5,70332
333.75,70370
334,70394
334.25,70423
334.5,70448
334.75,70480
335,70495
335.25,70528
335.5,70564
335.75,70597
336,70616
336.25,70644
336.5,70668
336.75,70699
337,70730
337.25,70768
337.5,70790
337.75,70822
338,70847
338.25,70876
338.5,70906
338.75,70925
339,70947
339.25,70978
339.5,71002
339.75,71025
340,71050
340.25,71075
340.5,71096
340.75,71120
341,71142
341.25,71161
341.5,71184
341.75,71216
342,71237
342.25,71261
342.5,71280
342.75,71301
343,71323
343.25,71346
343.5,71360
343.75,71386
344,71411
344.25,71441
344.5,71464
344.75,71486
345,71506
345.25,71524
345.5,71545
345.75,71569
346,71592
346.25,71614
346.5,71631
346.75,71653
347,71675
347.25,71698
347.5,71712
347.75,71740
348,71765
348.25,71780
348.5,71797
348.75,71812
349,71827
349.25,71856
349.5,71872
349.75,71889
350,71908
350.25,71927
350.5,71944
350.75,71962
351,71979
351.25,71998
351.5,72011
351.75,72032
352,72048
352.25,72068
352.5,72086
352.75,72110
353,72133
353.25,72154
353.5,72177
353.75,72203
354,72221
354.25,72241
354.5,72265
354.75,72280
355,72293
355.25,72321
355.5,72342
355.75,72368
356,72387
356.25,72408
356.5,72434
356.75,72476
357,72492
357.25,72506
357.5,72526
357.75,72539
358,72565
358.25,72584
358.5,72598
358.75,72618
359,72634
359.25,72649
359.5,72669
359.75,72687
360,72702
360.25,72718
360.5,72741
360.75,72757
361,72770
361.25,72788
361.5,72807
361.75,72830
362,72851
362.25,72880
362.5,72900
362.75,72930
363,72949
363.25,72959
363.5,72971
363.75,72988
364,73010
364.25,73023
364.5,73041
364.75,73057
365,73074
365.25,73089
365.5,73104
365.75,73125
366,73152
366.25,73172
366.5,73194
366.75,73220
367,73233
367.25,73249
367.5,73268
367.75,73288
368,73308
368.25,73323
368.5,73352
368.75,73373
369,73395
369.25,73414
369.5,73437
369.75,73454
370,73479
370.25,73489
370.5,73512
370.75,73531
371,73553
371.25,73566
371.5,73587
371.75,73602
372,73621
372.25,73640
372.5,73655
372.75,73673
373,73688
373.25,73705
373.5,73717
373.75,73741
374,73764
374.25,73782
374.5,73801
374.75,73820
375,73835
375.25,73852
375.5,73866
375.75,73882
376,73896
376.25,73912
376.5,73926
376.75,73938
377,73953
377.25,73974
377.5,73990
377.75,74008
378,74034
378.25,74050
378.5,74065
378.75,74079
379,74096
379.25,74108
379.5,74124
379.75,74138
380,74152
380.25,74165
380.5,74187
380.75,74197
381,74211
381.25,74230
381.5,74252
381.75,74270
382,74284
382.25,74307
382.5,74321
382.75,74335
383,74341
383.25,74350
383.5,74371
383.75,74384
384,74400
384.25,74415
384.5,74425
384.75,74437
385,74448
385.25,74459
385.5,74475
385.75,74488
386,74497
386.25,74520
386.5,74538
386.75,74554
387,74570
387.25,74587
387.5,74602
387.75,74617
388,74632
388.25,74644
388.5,74655
388.75,74673
389,74686
389.25,74697
389.5,74708
389.75,74723
390,74730
390.25,74739
390.5,74752
390.75,74762
391,74778
391.25,74792
391.5,74807
391.75,74819
392,74827
392.25,74836
392.5,74848
392.75,74861
393,74874
393.25,74886
393.5,74896
393.75,74914
394,74926
394.25,74940
394.5,74951
394.75,74963
395,74971
395.25,74981
395.5,74989
395.75,74997
396,75002
396.25,75018
396.5,75026
396.75,75041
397,75056
397.25,75064
397.5,75081
397.75,75091
398,75101
398.25,75114
398.5,75121
398.75,75132
399,75140
399.25,75151
399.5,75158
399.75,75166
400,75175
400.25,75185
400.5,75190
400.75,75199
401,75210
401.25,75220
401.5,75225
401.75,75234
402,75244
402.25,75250
402.5,75257
402.75,75262
403,75268
403.25,75281
403.5,75294
403.75,75298
404,75307
404.25,75316
404.5,75322
404.75,75326
405,75342
405.25,75350
405.5,75355
405.75,75360
406,75370
406.25,75384
406.5,75390
406.75,75400
407,75408
407.25,75413
407.5,75423
407.75,75437
408,75442
408.25,75447
408.5,75462
408.75,75471
409,75479
409.25,75491
409.5,75501
409.75,75510
410,75520
410.25,75524
410.5,75536
410.75,75544
411,75552
411.25,75559
411.5,75563
411.75,75571
412,75577
412.25,75583
412.5,75590
412.75,75601
413,75612
413.25,75621
413.5,75627
413.75,75631
414,75637
414.25,75641
414.5,75649
414.75,75657
415,75666
415.25,75673
415.5,75681
415.75,75689
416,75697
416.25,75705
416.5,75711
416.75,75717
417,75720
417.25,75725
417.5,75732
417.75,75743
418,75753
418.25,75763
418.5,75769
418.75,75774
419,75780
419.25,75786
419.5,75791
419.75,75797
420,75808
420.25,75817
420.5,75825
420.75,75832
421,75839
421.25,75847
421.5,75852
421.75,75854
422,75863
422.25,75871
422.5,75876
422.75,75880
423,75885
423.25,75892
423.5,75899
423.75,75902
424,75906
424.25,75913
424.5,75920
424.75,75929
425,75942
425.25,75946
425.5,75952
425.75,75959
426,75966
426.25,75974
426.5,75982
426.75,75989
427,75999
427.25,76001
427.5,76005
427.75,76011
428,76018
428.25,76029
428.5,76034
428.75,76039
429,76045
429.25,76048
429.5,76054
429.75,76060
430,76065
430.25,76073
430.5,76080
430.75,76087
431,76093
431.25,76099
431.5,76104
431.75,76109
432,76111
432.25,76114
432.5,76123
432.75,76129
433,76137
433.25,76146
433.5,76158
433.75,76165
434,76172
434.25,76178
434.5,76186
434.75,76191
435,76197
435.25,76204
435.5,76211
435.75,76218
436,76225
436.25,76231
436.5,76235
436.75,76244
437,76253
437.25,76256
437.5,76264
437.75,76274
438,76281
438.25,76285
438.5,76292
438.75,76297
439,76301
439.25,76304
439.5,76308
439.75,76309
440,76316
440.25,76320
440.5,76323
440.75,76327
441,76333
441.25,76347
441.5,76350
441.75,76356
442,76363
442.25,76367
442.5,76372
442.75,76380
443,76384
443.25,76386
443.5,76388
443.75,76393
444,76398
444.25,76404
444.5,76411
444.75,76416
445,76423
445.25,76428
445.5,76437
445.75,76437
446,76439
446.25,76445
446.5,76454
446.75,76458
447,76462
447.25,76467
447.5,76472
447.75,76472
448,76475
448.25,76479
448.5,76484
448.75,76487
449,76489
449.25,76494
449.5,76496
449.75,76502
450,76505
450.25,76508
450.5,76517
450.75,76526
451,76528
451.25,76531
451.5,76536
451.75,76539
452,76544
452.25,76550
452.5,76558
452.75,76559
453,76561
453.25,76567
453.5,76575
453.75,76575
454,76580
454.25,76583
454.5,76588
454.75,76590
455,76594
455.25,76601
455.5,76605
455.75,76609
456,76614
456.25,76617
456.5,76619
456.75,76619
457,76624
457.25,76631
457.5,76633
457.75,76637
458,76641
458.25,76642
458.5,76644
458.75,76646
459,76650
459.25,76652
459.5,76656
459.75,76660
460,76661
460.25,76663
460.5,76665
460.75,76669
461,76676
461.25,76682
461.5,76683
461.75,76689
462,76693
462.25,76696
462.5,76699
462.75,76700
463,76704
463.25,76708
463.5,76710
463.75,76711
464,76716
464.25,76716
464.5,76720
464.75,76724
465,76726
465.25,76727
465.5,76732
465.75,76733
466,76737
466.25,76740
466.5,76742
466.75,76744
467,76751
467.25,76752
467.5,76757
467.75,76759
468,76759
468.25,76762
468.5,76767
468.75,76769
469,76771
469.25,76772
469.5,76776
469.75,76778
470,76778
470.25,76780
470.5,76783
470.75,76784
471,76785
471.25,76790
471.5,76793
471.75,76796
472,76799
472.25,76802
472.5,76805
472.75,76806
473,76810
473.25,76810
473.5,76816
473.75,76818
474,76820
474.25,76821
474.5,76823
474.75,76827
475,76827
475.25,76829
475.5,76831
475.75,76834
476,76836
476.25,76836
476.5,76839
476.75,76840
477,76841
477.25,76846
477.5,76846
477.75,76846
478,76846
478.25,76846
478.5,76849
478.75,76850
479,76850
479.25,76852
479.5,76856
479.75,76860
480,76863
480.25,76863
480.5,76868
480.75,76869
481,76869
481.25,76873
481.5,76874
481.75,76877
482,76877
482.25,76877
482.5,76878
482.75,76880
483,76883
483.25,76883
483.5,76884
483.75,76888
484,76892
484.25,76895
484.5,76896
484.75,76898
485,76899
485.25,76899
485.5,76901
485.75,76901
486,76902
486.25,76904
486.5,76906
486.75,76906
487,76911
487.25,76912
487.5,76917
487.75,76918
488,76921
488.25,76921
488.5,76922
488.75,76922
489,76923
489.25,76925
489.5,76926
489.75,76927
490,76930
490.25,76930
490.5,76930
490.75,76931
491,76932
491.25,76934
491.5,76935
491.75,76937
492,76939
492.25,76941
492.5,76945
492.75,76947
493,76947
493.25,76949
493.5,76951
493.75,76952
494,76954
494.25,76956
494.5,76958
494.75,76960
495,76961
495.25,76965
495.5,76969
495.75,76969
496,76971
496.25,76972
496.5,76976
496.75,76979
497,76983
497.25,76985
497.5,76987
497.75,76989
498,76991
498.25,76993
498.5,76997
498.75,76999
499,77003
499.25,77005
499.5,77008
499.75,77010
500,77013
500.25,77015
500.5,77019
500.75,77021
501,77023
501.25,77023
501.5,77025
501.75,77026
502,77029
502.25,77034
502.5,77036
502.75,77039
503,77045
503.25,77047
503.5,77047
503.75,77050
504,77052
504.25,77054
504.5,77058
504.75,77060
505,77063
505.25,77065
505.5,77065
505.75,77067
506,77070
506.25,77072
506.5,77077
506.75,77080
507,77087
507.25,77091
507.5,77095
507.75,77097
508,77098
508.25,77105
508.5,77112
508.75,77113
509,77117
509.25,77122
509.5,77127
509.75,77128
510,77137
510.25,77141
510.5,77143
510.75,77147
511,77154
511.25,77158
511.5,77163
511.75,77167
512,77172
512.25,77180
512.5,77188
512.75,77192
513,77198
513.25,77206
513.5,77208
513.75,77214
514,77218
514.25,77225
514.5,77227
514.75,77230
515,77237
515.25,77243
515.5,77248
515.75,77253
516,77255
516.25,77262
516.5,77268
516.75,77271
517,77278
517.25,77289
517.5,77293
517.75,77298
518,77303
518.25,77307
518.5,77315
518.75,77322
519,77327
519.25,77334
519.5,77340
519.75,77350
520,77355
520.25,77362
520.5,77370
520.75,77373
521,77382
521.25,77386
521.5,77396
521.75,77398
522,77402
522.25,77406
522.5,77409
522.75,77412
523,77415
523.25,77421
523.5,77426
523.75,77429
524,77435
524.25,77441
524.5,77452
524.75,77453
525,77460
525.25,77467
525.5,77473
525.75,77476
526,77479
526.25,77483
526.5,77489
526.75,77494
527,77498
527.25,77502
527.5,77505
527.75,77510
528,77512
528.25,77516
528.5,77520
528.75,77524
529,77527
529.25,77530
529.5,77533
529.75,77536
530,77537
530.25,77544
530.5,77550
530.75,77554
531,77558
531.25,77564
531.5,77564
531.75,77565
532,77567
532.25,77571
532.5,77575
532.75,77586
533,77589
533.25,77594
533.5,77597
533.75,77598
534,77601
534.25,77605
534.5,77606
534.75,77607
535,77608
535.25,77613
535.5,77615
535.75,77618
536,77622
536.25,77625
536.5,77625
536.75,77630
537,77632
537.25,77634
537.5,77639
537.75,77641
538,77644
538.25,77645
538.5,77647
538.75,77651
539,77653
539.25,77653
539.5,77653
539.75,77655
540,77657
540.25,77659
540.5,77661
540.75,77664
541,77666
541.25,77669
541.5,77670
541.75,77672
542,77673
542.25,77675
542.5,77677
542.75,77678
543,77678
543.25,77683
543.5,77686
543.75,77686
544,77688
544.25,77689
544.5,77691
544.75,77693
545,77696
545.25,77696
545.5,77697
545.75,77699
546,77700
546.25,77705
546.5,77706
546.75,77706
547,77708
547.25,77710
547.5,77710
547.75,77714
548,77717
548.25,77719
548.5,77720
548.75,77722
549,77724
549.25,77727
549.5,77729
549.75,77731
550,77737
550.25,77738
550.5,77742
550.75,77744
551,77745
551.25,77745
551.5,77746
551.75,77747
552,77749
552.25,77750
552.5,77752
552.75,77754
553,77755
553.25,77758
553.5,77761
553.75,77763
554,77765
554.25,77767
554.5,77771
554.75,77775
555,77775
555.25,77776
555.5,77777
555.75,77778
556,77779
556.25,77779
556.5,77780
556.75,77782
557,77782
557.25,77783
557.5,77788
557.75,77788
558,77788
558.25,77789
558.5,77792
558.75,77795
559,77799
559.25,77802
559.5,77803
559.75,77806
560,77807
560.25,77808
560.5,77808
560.75,77811
561,77813
561.25,77814
561.5,77816
561.75,77817
562,77817
562.25,77817
562.5,77819
562.75,77822
563,77825
563.25,77825
563.5,77827
563.75,77827
564,77827
564.25,77830
564.5,77830
564.75,77830
565,77831
565.25,77832
565.5,77832
565.75,77833
566,77834
566.25,77836
566.5,77837
566.75,77838
567,77840
567.25,77840
567.5,77842
567.75,77843
568,77845
568.25,77850
568.5,77852
568.75,77857
569,77858
569.25,77860
569.5,77861
569.75,77863
570,77863
570.25,77863
570.5,77863
570.75,77866
571,77867
571.25,77868
571.5,77870
571.75,77871
572,77874
572.25,77875
572.5,77877
572.75,77878
573,77879
573.25,77880
573.5,77883
573.75,77886
574,77887
574.25,77889
574.5,77892
574.75,77894
575,77894
575.25,77896
575.5,77896
575.75,77896
576,77897
576.25,77900
576.5,77902
576.75,77902
577,77903
577.25,77906
577.5,77908
577.75,77910
578,77910
578.25,77910
578.5,77911
578.75,77912
579,77912
579.25,77912
579.5,77913
579.75,77917
580,77917
580.25,77918
580.5,77919
580.75,77921
581,77921
581.25,77922
581.5,77923
581.75,77925
582,77926
582.25,77927
582.5,77928
582.75,77928
583,77929
583.25,77930
583.5,77931
583.75,77935
584,77936
584.25,77937
584.5,77937
584.75,77937
585,77940
585.25,77940
585.5,77940
585.75,77940
586,77940
586.25,77943
586.5,77944
586.75,77945
587,77947
587.25,77947
587.5,77947
587.75,77947
588,77948
588.25,77948
588.5,77948
588.75,77948
589,77949
589.25,77949
589.5,77950
589.75,77950
590,77950
590.25,77950
590.5,77950
590.75,77950
591,77950
591.25,77950
591.5,77950
591.75,77951
592,77951
592.25,77951
592.5,77951
592.75,77951
593,77952
593.25,77952
593.5,77953
593.75,77953
594,77953
594.25,77953
594.5,77953
594.75,77953
595,77953
595.25,77954
595.5,77954
595.75,77954
596,77954
596.25,77954
596.5,77954
596.75,77954
597,77954
597.25,77954
597.5,77954
597.75,77955
598,77955
598.25,77955
598.5,77956
598.75,77956
599,77956
599.25,77956
599.5,77956
599.75,77957
