Time,cumulative_mean_fraction_lambda_H
0,0
0.25,0
0.5,0
0.75,0
1,0
1.25,0.999994
1.5,0.499997
1.75,0.499997
2,0.499995
2.25,0.499994
2.5,0.473678
2.75,0.428556
3,0.399987
3.25,0.394725
3.5,0.414623
3.75,0.425521
4,0.408153
4.25,0.41999
4.5,0.407398
4.75,0.418173
5,0.399991
5.25,0.384607
5.5,0.38666
5.75,0.396449
6,0.389715
6.25,0.363596
6.5,0.375299
6.75,0.356296
7,0.355697
7.25,0.361251
7.5,0.354588
7.75,0.345424
8,0.337632
8.25,0.327893
8.5,0.33038
8.75,0.303197
9,0.30713
9.25,0.317639
9.5,0.302186
9.75,0.294234
10,0.290329
10.25,0.290169
10.5,0.290021
10.75,0.289272
11,0.289054
11.25,0.289514
11.5,0.283013
11.75,0.281483
12,0.284779
12.25,0.27818
12.5,0.28534
12.75,0.300294
13,0.301776
13.25,0.298701
13.5,0.288251
13.75,0.282972
14,0.284596
14.25,0.277584
14.5,0.27938
14.75,0.275221
15,0.280873
15.25,0.282878
15.5,0.282553
15.75,0.27923
16,0.279721
16.25,0.276907
16.5,0.27674
16.75,0.275805
17,0.270001
17.25,0.266277
17.5,0.26097
17.75,0.260964
18,0.262665
18.25,0.261176
18.5,0.256641
18.75,0.256462
19,0.264993
19.25,0.263541
19.5,0.260287
19.75,0.255581
20,0.257918
20.25,0.255086
20.5,0.251971
20.75,0.25495
21,0.263003
21.25,0.262854
21.5,0.262364
21.75,0.265451
22,0.265301
22.25,0.264536
22.5,0.268299
22.75,0.265924
23,0.264087
23.25,0.268581
23.5,0.268942
23.75,0.268483
24,0.267921
24.25,0.265051
24.5,0.262895
24.75,0.263546
25,0.26325
25.25,0.265733
25.5,0.26617
25.75,0.268419
26,0.267475
26.25,0.268703
26.5,0.270145
26.75,0.27405
27,0.272492
27.25,0.273112
27.5,0.276708
27.75,0.27766
28,0.281242
28.25,0.281688
28.5,0.281263
28.75,0.283036
29,0.282381
29.25,0.284018
29.5,0.286057
29.75,0.287592
30,0.284903
30.25,0.285602
30.5,0.286706
30.75,0.288652
31,0.286642
31.25,0.28445
31.5,0.283147
31.75,0.279434
32,0.281467
32.25,0.280964
32.5,0.280293
32.75,0.28153
33,0.283218
33.25,0.283748
33.5,0.283883
33.75,0.283475
34,0.284796
34.25,0.286258
34.5,0.285604
34.75,0.2875
35,0.287692
35.25,0.289491
35.5,0.289726
35.75,0.29099
36,0.293023
36.25,0.293259
36.5,0.293179
36.75,0.292785
37,0.293686
37.25,0.291337
37.5,0.290792
37.75,0.290883
38,0.289454
38.25,0.287909
38.5,0.287952
38.75,0.287489
39,0.287341
39.25,0.28685
39.5,0.28558
39.75,0.284874
40,0.285031
40.25,0.2843
40.5,0.284831
40.75,0.286535
41,0.286879
41.25,0.287721
41.5,0.286557
41.75,0.286034
42,0.28587
42.25,0.284939
42.5,0.285059
42.75,0.284456
43,0.28285
43.25,0.280418
43.5,0.28062
43.75,0.280497
44,0.281735
44.25,0.281956
44.5,0.282214
44.75,0.281556
45,0.281013
45.25,0.28094
45.5,0.281138
45.75,0.280337
46,0.280648
46.25,0.279852
46.5,0.281145
46.75,0.280003
47,0.280067
47.25,0.280786
47.5,0.28242
47.75,0.283038
48,0.281733
48.25,0.280866
48.5,0.280952
48.75,0.280406
49,0.279828
49.25,0.278711
49.5,0.27784
49.75,0.27856
50,0.278236
50.25,0.277308
50.5,0.27753
50.75,0.277168
51,0.277085
51.25,0.276643
51.5,0.276575
51.75,0.274846
52,0.27499
52.25,0.275533
52.5,0.275234
52.75,0.274215
53,0.274182
53.25,0.274601
53.5,0.274868
53.75,0.274546
54,0.274069
54.25,0.272878
54.5,0.272472
54.75,0.273135
55,0.272963
55.25,0.273034
55.5,0.272617
55.75,0.273139
56,0.273561
56.25,0.273962
56.5,0.273734
56.75,0.273286
57,0.273174
57.25,0.272574
57.5,0.272115
57.75,0.272573
58,0.272682
58.25,0.272016
58.5,0.271877
58.75,0.27204
59,0.273066
59.25,0.272739
59.5,0.27306
59.75,0.273506
60,0.273681
60.25,0.274482
60.5,0.27446
60.75,0.274561
61,0.275091
61.25,0.275077
61.5,0.276028
61.75,0.276559
62,0.276629
62.25,0.276921
62.5,0.276814
62.75,0.276965
63,0.276874
63.25,0.275706
63.5,0.275066
63.75,0.274929
64,0.274828
64.25,0.274824
64.5,0.274815
64.75,0.275146
65,0.274671
65.25,0.274851
65.5,0.275047
65.75,0.274339
66,0.274727
66.25,0.274487
66.5,0.274331
66.75,0.274423
67,0.27449
67.25,0.274677
67.5,0.275077
67.75,0.275211
68,0.274853
68.25,0.27464
68.5,0.274691
68.75,0.274583
69,0.274522
69.25,0.27391
69.5,0.273711
69.75,0.273135
70,0.272751
70.25,0.272832
70.5,0.273293
70.75,0.273501
71,0.273594
71.25,0.273199
71.5,0.273144
71.75,0.272982
72,0.273192
72.25,0.2731
72.5,0.273013
72.75,0.272785
73,0.272396
73.25,0.272066
73.5,0.271817
73.75,0.271775
74,0.271919
74.25,0.272
74.5,0.272173
74.75,0.272527
75,0.27293
75.25,0.2734
75.5,0.273388
75.75,0.273391
76,0.273865
76.25,0.273879
76.5,0.273657
76.75,0.273785
77,0.273915
77.25,0.273888
77.5,0.273942
77.75,0.273717
78,0.273975
78.25,0.273831
78.5,0.273901
78.75,0.274394
79,0.274545
79.25,0.274538
79.5,0.274584
79.75,0.274469
80,0.274295
80.25,0.274209
80.5,0.274103
80.75,0.274053
81,0.2742
81.25,0.274541
81.5,0.275029
81.75,0.275708
82,0.276079
82.25,0.27602
82.5,0.276145
82.75,0.276232
83,0.276134
83.25,0.276014
83.5,0.275897
83.75,0.275832
84,0.276005
84.25,0.276119
84.5,0.276234
84.75,0.276438
85,0.276462
85.25,0.276399
85.5,0.276401
85.75,0.276442
86,0.276448
86.25,0.276341
86.5,0.276485
86.75,0.2766
87,0.27677
87.25,0.276704
87.5,0.276747
87.75,0.276823
88,0.276808
88.25,0.276864
88.5,0.277007
88.75,0.277095
89,0.277106
89.25,0.27704
89.5,0.277104
89.75,0.277183
90,0.277033
90.25,0.27682
90.5,0.276702
90.75,0.27673
91,0.276669
91.25,0.276947
91.5,0.277084
91.75,0.277144
92,0.277147
92.25,0.276972
92.5,0.277051
92.75,0.277054
93,0.277287
93.25,0.277305
93.5,0.277363
93.75,0.277237
94,0.277123
94.25,0.277258
94.5,0.277353
94.75,0.277567
95,0.277846
95.25,0.278179
95.5,0.278223
95.75,0.278428
96,0.278392
96.25,0.278588
96.5,0.278793
96.75,0.278896
97,0.279007
97.25,0.279026
97.5,0.279095
97.75,0.279131
98,0.279222
98.25,0.279291
98.5,0.279409
98.75,0.279535
99,0.279587
99.25,0.27977
99.5,0.279859
99.75,0.280025
100,0.280128
100.25,0.280312
100.5,0.280514
100.75,0.280783
101,0.28093
101.25,0.281044
101.5,0.281176
101.75,0.281324
102,0.281447
102.25,0.281566
102.5,0.281724
102.75,0.281708
103,0.281754
103.25,0.281801
103.5,0.281906
103.75,0.282037
104,0.282159
104.25,0.282268
104.5,0.282469
104.75,0.282434
105,0.282543
105.25,0.282674
105.5,0.282849
105.75,0.282999
106,0.283099
106.25,0.283326
106.5,0.283457
106.75,0.283469
107,0.283532
107.25,0.283641
107.5,0.283806
107.75,0.283908
108,0.283982
108.25,0.284095
108.5,0.284144
108.75,0.284246
109,0.284362
109.25,0.284504
109.5,0.284607
109.75,0.284656
110,0.284751
110.25,0.28486
110.5,0.28489
110.75,0.284949
111,0.285049
111.25,0.285185
111.5,0.285269
111.75,0.285325
112,0.285357
112.25,0.285362
112.5,0.285526
112.75,0.285701
113,0.285809
113.25,0.285971
113.5,0.286127
113.75,0.286316
114,0.286387
114.25,0.286471
114.5,0.286599
114.75,0.28672
115,0.286915
115.25,0.286964
115.5,0.287076
115.75,0.287216
116,0.287383
116.25,0.28745
116.5,0.287602
116.75,0.287686
117,0.28776
117.25,0.287869
117.5,0.287924
117.75,0.288012
118,0.288022
118.25,0.288172
118.5,0.288254
118.75,0.288373
119,0.288458
119.25,0.288503
119.5,0.288632
119.75,0.288797
120,0.288893
120.25,0.288953
120.5,0.289058
120.75,0.289113
121,0.28917
121.25,0.289258
121.5,0.289411
121.75,0.289494
122,0.289557
122.25,0.28964
122.5,0.289726
122.75,0.289797
123,0.2899
123.25,0.290022
123.5,0.290106
123.75,0.290179
124,0.290218
124.25,0.290315
124.5,0.290363
124.75,0.29042
125,0.290456
125.25,0.290504
125.5,0.290534
125.75,0.290616
126,0.290719
126.25,0.290784
126.5,0.290857
126.75,0.290917
127,0.290971
127.25,0.291013
127.5,0.291074
127.75,0.29116
128,0.291204
128.25,0.291247
128.5,0.291255
128.75,0.29131
129,0.291345
129.25,0.291402
129.5,0.291489
129.75,0.291576
130,0.291596
130.25,0.291665
130.5,0.2917
130.75,0.291751
131,0.291779
131.25,0.291843
131.5,0.29188
131.75,0.291931
132,0.291972
132.25,0.292014
132.5,0.292079
132.75,0.292134
133,0.292184
133.25,0.292239
133.5,0.29226
133.75,0.292276
134,0.292316
134.25,0.29235
134.5,0.2924
134.75,0.292438
135,0.292463
135.25,0.292517
135.5,0.292549
135.75,0.292587
136,0.292642
136.25,0.292683
136.5,0.292702
136.75,0.292755
137,0.292818
137.25,0.292847
137.5,0.292851
137.75,0.292888
138,0.292934
138.25,0.292973
138.5,0.293005
138.75,0.293062
139,0.2931
139.25,0.293142
139.5,0.293171
139.75,0.29317
140,0.293183
140.25,0.293174
140.5,0.293184
140.75,0.293242
141,0.293265
141.25,0.293311
141.5,0.293316
141.75,0.293338
142,0.293358
142.25,0.293397
142.5,0.293433
142.75,0.293475
143,0.293516
143.25,0.293541
143.5,0.293577
143.75,0.293595
144,0.293621
144.25,0.293626
144.5,0.293633
144.75,0.293642
145,0.293674
145.25,0.293695
145.5,0.293725
145.75,0.293736
146,0.29378
146.25,0.293811
146.5,0.293866
146.75,0.293867
147,0.293902
147.25,0.293936
147.5,0.293959
147.75,0.293965
148,0.293993
148.25,0.294001
148.5,0.294022
148.75,0.294023
149,0.294029
149.25,0.294045
149.5,0.29406
149.75,0.294068
150,0.294088
150.25,0.294111
150.5,0.294119
150.75,0.294132
151,0.29414
151.25,0.294127
151.5,0.294149
151.75,0.294185
152,0.294203
152.25,0.29422
152.5,0.29423
152.75,0.294252
153,0.294279
153.25,0.294263
153.5,0.294271
153.75,0.294283
154,0.294294
154.25,0.294306
154.5,0.294321
154.75,0.294329
155,0.294326
155.25,0.294344
155.5,0.294343
155.75,0.294344
156,0.294362
156.25,0.294368
156.5,0.294373
156.75,0.294384
157,0.294397
157.25,0.294409
157.5,0.2944
157.75,0.294399
158,0.294416
158.25,0.29443
158.5,0.29444
158.75,0.294436
159,0.294442
159.25,0.294436
159.5,0.294449
159.75,0.294445
160,0.294435
160.25,0.294438
160.5,0.294444
160.75,0.294448
161,0.294466
161.25,0.294459
161.5,0.294463
161.75,0.294479
162,0.294481
162.25,0.294488
162.5,0.294495
162.75,0.294502
163,0.294503
163.25,0.29451
163.5,0.294522
163.75,0.29452
164,0.294522
164.25,0.294518
164.5,0.294521
164.75,0.294534
165,0.294544
165.25,0.29455
165.5,0.294547
165.75,0.294541
166,0.294551
166.25,0.294549
166.5,0.294554
166.75,0.294552
167,0.294553
167.25,0.294565
167.5,0.294561
167.75,0.294555
168,0.294555
168.25,0.294565
168.5,0.294565
168.75,0.294564
169,0.294561
169.25,0.29457
169.5,0.294568
169.75,0.294572
170,0.294568
170.25,0.294571
170.5,0.294571
170.75,0.294573
171,0.294564
171.25,0.294568
171.5,0.294562
171.75,0.294568
172,0.294562
172.25,0.294576
172.5,0.29458
172.75,0.294579
173,0.294582
173.25,0.294585
173.5,0.294582
173.75,0.294591
174,0.294591
174.25,0.294588
174.5,0.294591
174.75,0.294592
175,0.294594
175.25,0.294597
175.5,0.294599
175.75,0.294597
176,0.294598
176.25,0.294599
176.5,0.294601
176.75,0.294608
177,0.294613
177.25,0.294611
177.5,0.294609
177.75,0.294617
178,0.294619
178.25,0.294619
178.5,0.294624
178.75,0.294622
179,0.294621
179.25,0.294625
179.5,0.294631
179.75,0.29463
180,0.29463
180.25,0.294632
180.5,0.294634
180.75,0.294635
181,0.294629
181.25,0.294634
181.5,0.294636
181.75,0.294638
182,0.294643
182.25,0.294647
182.5,0.294652
182.75,0.294654
183,0.294649
183.25,0.294648
183.5,0.294658
183.75,0.294659
184,0.294654
184.25,0.294659
184.5,0.294666
184.75,0.294677
185,0.29468
185.25,0.294679
185.5,0.294681
185.75,0.294676
186,0.29468
186.25,0.29468
186.5,0.29468
186.75,0.294685
187,0.294687
187.25,0.29469
187.5,0.294692
187.75,0.294693
188,0.294689
188.25,0.294686
188.5,0.294686
188.75,0.294685
189,0.294683
189.25,0.294686
189.5,0.294685
189.75,0.294692
190,0.294699
190.25,0.294696
190.5,0.294699
190.75,0.294703
191,0.294704
191.25,0.294705
191.5,0.294707
191.75,0.294708
192,0.294707
192.25,0.294708
192.5,0.294708
192.75,0.29471
193,0.294713
193.25,0.294714
193.5,0.294713
193.75,0.294713
194,0.294715
194.25,0.294714
194.5,0.294716
194.75,0.294712
195,0.294716
195.25,0.294718
195.5,0.294718
195.75,0.294717
196,0.294717
196.25,0.294717
196.5,0.294719
196.75,0.294718
197,0.294719
197.25,0.294718
197.5,0.29472
197.75,0.294719
198,0.29472
198.25,0.294721
198.5,0.294721
198.75,0.29472
199,0.294723
199.25,0.294725
199.5,0.294725
199.75,0.294726
200,0.29473
200.25,0.294731
200.5,0.294732
200.75,0.294733
201,0.294732
201.25,0.294734
201.5,0.294735
201.75,0.294736
202,0.294744
202.25,0.294748
202.5,0.294747
202.75,0.29475
203,0.294752
203.25,0.294752
203.5,0.294753
203.75,0.294755
204,0.294752
204.25,0.294752
204.5,0.294749
204.75,0.294749
205,0.294749
205.25,0.29475
205.5,0.294753
205.75,0.294752
206,0.294752
206.25,0.294752
206.5,0.294751
206.75,0.294752
207,0.294753
207.25,0.294753
207.5,0.294753
207.75,0.294755
208,0.294756
208.25,0.294756
208.5,0.294757
208.75,0.294756
209,0.29476
209.25,0.294759
209.5,0.294761
209.75,0.29476
210,0.294763
210.25,0.294762
210.5,0.294761
210.75,0.294762
211,0.294764
211.25,0.294764
211.5,0.294763
211.75,0.294764
212,0.294764
212.25,0.294764
212.5,0.294763
212.75,0.294764
213,0.294763
213.25,0.294765
213.5,0.294766
213.75,0.294768
214,0.294768
214.25,0.294768
214.5,0.294769
214.75,0.294771
215,0.294772
215.25,0.294772
215.5,0.294774
215.75,0.294774
216,0.294775
216.25,0.294774
216.5,0.294775
216.75,0.294775
217,0.294775
217.25,0.294775
217.5,0.294777
217.75,0.294779
218,0.294779
218.25,0.294778
218.5,0.294777
218.75,0.294777
219,0.294777
219.25,0.294777
219.5,0.294777
219.75,0.294777
220,0.294777
220.25,0.294778
220.5,0.294778
220.75,0.294779
221,0.294779
221.25,0.294779
221.5,0.294779
221.75,0.294779
222,0.294779
222.25,0.29478
222.5,0.29478
222.75,0.29478
223,0.29478
223.25,0.294781
223.5,0.294781
223.75,0.294781
224,0.294781
224.25,0.294781
224.5,0.294781
224.75,0.29478
225,0.294781
225.25,0.294781
225.5,0.294781
225.75,0.294783
226,0.294783
226.25,0.294783
226.5,0.294783
226.75,0.294783
227,0.294783
227.25,0.294783
227.5,0.294783
227.75,0.294783
228,0.294783
228.25,0.294783
228.5,0.294784
228.75,0.294783
229,0.294783
229.25,0.294783
229.5,0.294783
229.75,0.294783
230,0.294782
230.25,0.294782
230.5,0.294782
230.75,0.294782
231,0.294782
231.25,0.294782
231.5,0.294782
231.75,0.294782
232,0.294782
232.25,0.294782
232.5,0.294782
232.75,0.294782
233,0.294783
233.25,0.294783
233.5,0.294783
233.75,0.294783
234,0.294783
234.25,0.294783
234.5,0.294783
234.75,0.294783
235,0.294783
235.25,0.294783
235.5,0.294783
235.75,0.294783
236,0.294783
236.25,0.294783
236.5,0.294783
236.75,0.294783
237,0.294782
237.25,0.294782
237.5,0.294782
237.75,0.294782
238,0.294782
238.25,0.294782
238.5,0.294781
238.75,0.294781
239,0.294782
239.25,0.294782
239.5,0.294782
239.75,0.294782
240,0.294782
240.25,0.294782
240.5,0.294782
240.75,0.294782
241,0.294782
241.25,0.294782
241.5,0.294783
241.75,0.294783
242,0.294783
242.25,0.294783
242.5,0.294783
242.75,0.294783
243,0.294783
243.25,0.294783
243.5,0.294783
243.75,0.294783
244,0.294783
244.25,0.294783
244.5,0.294783
244.75,0.294783
245,0.294783
245.25,0.294783
245.5,0.294783
245.75,0.294783
246,0.294783
246.25,0.294783
246.5,0.294783
246.75,0.294783
247,0.294783
247.25,0.294783
247.5,0.294783
247.75,0.294783
248,0.294783
248.25,0.294783
248.5,0.294783
248.75,0.294783
249,0.294783
249.25,0.294783
249.5,0.294783
249.75,0.294783
250,0.294783
250.25,0.294783
250.5,0.294783
250.75,0.294783
251,0.294783
251.25,0.294783
251.5,0.294783
251.75,0.294783
252,0.294783
252.25,0.294783
252.5,0.294783
252.75,0.294783
253,0.294783
253.25,0.294783
253.5,0.294783
253.75,0.294783
254,0.294783
254.25,0.294783
254.5,0.294783
254.75,0.294783
255,0.294783
255.25,0.294783
255.5,0.294783
255.75,0.294783
256,0.294783
256.25,0.294783
256.5,0.294783
256.75,0.294783
257,0.294783
257.25,0.294783
257.5,0.294783
257.75,0.294783
258,0.294783
258.25,0.294783
258.5,0.294783
258.75,0.294783
259,0.294783
259.25,0.294783
259.5,0.294783
259.75,0.294783
260,0.294783
260.25,0.294783
260.5,0.294783
260.75,0.294783
261,0.294783
261.25,0.294783
261.5,0.294783
261.75,0.294783
262,0.294783
262.25,0.294783
262.5,0.294783
262.75,0.294783
263,0.294783
263.25,0.294783
263.5,0.294783
263.75,0.294783
264,0.294783
264.25,0.294783
264.5,0.294783
264.75,0.294783
265,0.294783
265.25,0.294783
265.5,0.294783
265.75,0.294783
266,0.294783
266.25,0.294783
266.5,0.294783
266.75,0.294783
267,0.294783
267.25,0.294783
267.5,0.294783
267.75,0.294783
268,0.294783
268.25,0.294783
268.5,0.294783
268.75,0.294783
269,0.294783
269.25,0.294783
269.5,0.294783
269.75,0.294783
270,0.294783
270.25,0.294783
270.5,0.294783
270.75,0.294783
271,0.294783
271.25,0.294783
271.5,0.294783
271.75,0.294783
272,0.294783
272.25,0.294783
272.5,0.294783
272.75,0.294783
273,0.294783
273.25,0.294783
273.5,0.294783
273.75,0.294783
274,0.294783
274.25,0.294783
274.5,0.294783
274.75,0.294783
275,0.294783
275.25,0.294783
275.5,0.294783
275.75,0.294783
276,0.294783
276.25,0.294783
276.5,0.294783
276.75,0.294783
277,0.294783
277.25,0.294783
277.5,0.294783
277.75,0.294783
278,0.294783
278.25,0.294783
278.5,0.294783
278.75,0.294783
279,0.294783
279.25,0.294783
279.5,0.294783
279.75,0.294783
280,0.294783
280.25,0.294783
280.5,0.294783
280.75,0.294783
281,0.294783
281.25,0.294783
281.5,0.294783
281.75,0.294783
282,0.294783
282.25,0.294783
282.5,0.294783
282.75,0.294783
283,0.294783
283.25,0.294783
283.5,0.294783
283.75,0.294783
284,0.294783
284.25,0.294783
284.5,0.294783
284.75,0.294783
285,0.294783
285.25,0.294783
285.5,0.294783
285.75,0.294783
286,0.294783
286.25,0.294783
286.5,0.294783
286.75,0.294783
287,0.294783
287.25,0.294783
287.5,0.294783
287.75,0.294783
288,0.294783
288.25,0.294783
288.5,0.294783
288.75,0.294783
289,0.294783
289.25,0.294783
289.5,0.294783
289.75,0.294783
290,0.294783
290.25,0.294783
290.5,0.294783
290.75,0.294783
291,0.294783
291.25,0.294783
291.5,0.294783
291.75,0.294783
292,0.294783
292.25,0.294783
292.5,0.294783
292.75,0.294783
293,0.294783
293.25,0.294783
293.5,0.294783
293.75,0.294783
294,0.294783
294.25,0.294783
294.5,0.294783
294.75,0.294783
295,0.294783
295.25,0.294783
295.5,0.294783
295.75,0.294783
296,0.294783
296.25,0.294783
296.5,0.294783
296.75,0.294783
297,0.294783
297.25,0.294783
297.5,0.294783
297.75,0.294783
298,0.294783
298.25,0.294783
298.5,0.294783
298.75,0.294783
299,0.294783
299.25,0.294783
299.5,0.294783
299.75,0.294783
300,0.294783
300.25,0.294783
300.5,0.294783
300.75,0.294783
301,0.294783
301.25,0.294783
301.5,0.294783
301.75,0.294783
302,0.294783
302.25,0.294783
302.5,0.294783
302.75,0.294783
303,0.294783
303.25,0.294783
303.5,0.294783
303.75,0.294783
304,0.294783
304.25,0.294783
304.5,0.294783
304.75,0.294783
305,0.294783
305.25,0.294783
305.5,0.294783
305.75,0.294783
306,0.294783
306.25,0.294783
306.5,0.294783
306.75,0.294783
307,0.294783
307.25,0.294783
307.5,0.294783
307.75,0.294783
308,0.294783
308.25,0.294783
308.5,0.294783
308.75,0.294783
309,0.294783
309.25,0.294783
309.5,0.294783
309.75,0.294783
310,0.294783
310.25,0.294783
310.5,0.294783
310.75,0.294783
311,0.294783
311.25,0.294783
311.5,0.294783
311.75,0.294783
312,0.294783
312.25,0.294783
312.5,0.294783
312.75,0.294783
313,0.294783
313.25,0.294783
313.5,0.294783
313.75,0.294783
314,0.294783
314.25,0.294783
314.5,0.294783
314.75,0.294783
315,0.294783
315.25,0.294783
315.5,0.294783
315.75,0.294783
316,0.294783
316.25,0.294783
316.5,0.294783
316.75,0.294783
317,0.294783
317.25,0.294783
317.5,0.294783
317.75,0.294783
318,0.294783
318.25,0.294783
318.5,0.294783
318.75,0.294783
319,0.294783
319.25,0.294783
319.5,0.294783
319.75,0.294783
320,0.294783
320.25,0.294783
320.5,0.294783
320.75,0.294783
321,0.294783
321.25,0.294783
321.5,0.294783
321.75,0.294783
322,0.294783
322.25,0.294783
322.5,0.294783
322.75,0.294783
323,0.294783
323.25,0.294783
323.5,0.294783
323.75,0.294783
324,0.294783
324.25,0.294783
324.5,0.294783
324.75,0.294783
325,0.294783
325.25,0.294783
325.5,0.294783
325.75,0.294783
326,0.294783
326.25,0.294783
326.5,0.294783
326.75,0.294783
327,0.294783
327.25,0.294783
327.5,0.294783
327.75,0.294783
328,0.294783
328.25,0.294783
328.5,0.294783
328.75,0.294783
329,0.294783
329.25,0.294783
329.5,0.294783
329.75,0.294783
330,0.294783
330.25,0.294783
330.5,0.294783
330.75,0.294783
331,0.294783
331.25,0.294783
331.5,0.294783
331.75,0.294783
332,0.294783
332.25,0.294783
332.5,0.294783
332.75,0.294783
333,0.294783
333.25,0.294783
333.5,0.294783
333.75,0.294783
334,0.294783
334.25,0.294783
334.5,0.294783
334.75,0.294783
335,0.294783
335.25,0.294783
335.5,0.294783
335.75,0.294783
336,0.294783
336.25,0.294783
336.5,0.294783
336.75,0.294783
337,0.294783
337.25,0.294783
337.5,0.294783
337.75,0.294783
338,0.294783
338.25,0.294783
338.5,0.294783
338.75,0.294783
339,0.294783
339.25,0.294783
339.5,0.294783
339.75,0.294783
340,0.294783
340.25,0.294783
340.5,0.294783
340.75,0.294783
341,0.294783
341.25,0.294783
341.5,0.294783
341.75,0.294783
342,0.294783
342.25,0.294783
342.5,0.294783
342.75,0.294783
343,0.294783
343.25,0.294783
343.5,0.294783
343.75,0.294783
344,0.294783
344.25,0.294783
344.5,0.294783
344.75,0.294783
345,0.294783
345.25,0.294783
345.5,0.294783
345.75,0.294783
346,0.294783
346.25,0.294783
346.5,0.294783
346.75,0.294783
347,0.294783
347.25,0.294783
347.5,0.294783
347.75,0.294783
348,0.294783
348.25,0.294783
348.5,0.294783
348.75,0.294783
349,0.294783
349.25,0.294783
349.5,0.294783
349.75,0.294783
350,0.294783
350.25,0.294783
350.5,0.294783
350.75,0.294783
351,0.294783
351.25,0.294783
351.5,0.294783
351.75,0.294783
352,0.294783
352.25,0.294783
352.5,0.294783
352.75,0.294783
353,0.294783
353.25,0.294783
353.5,0.294783
353.75,0.294783
354,0.294783
354.25,0.294783
354.5,0.294783
354.75,0.294783
355,0.294783
355.25,0.294783
355.5,0.294783
355.75,0.294783
356,0.294783
356.25,0.294783
356.5,0.294783
356.75,0.294783
357,0.294783
357.25,0.294783
357.5,0.294783
357.75,0.294783
358,0.294783
358.25,0.294783
358.5,0.294783
358.75,0.294783
359,0.294783
359.25,0.294783
359.5,0.294783
359.75,0.294783
360,0.294783
360.25,0.294783
360.5,0.294783
360.75,0.294783
361,0.294783
361.25,0.294783
361.5,0.294783
361.75,0.294783
362,0.294783
362.25,0.294783
362.5,0.294783
362.75,0.294783
363,0.294783
363.25,0.294783
363.5,0.294783
363.75,0.294783
364,0.294783
364.25,0.294783
364.5,0.294783
364.75,0.294783
365,0.294783
365.25,0.294783
365.5,0.294783
365.75,0.294783
366,0.294783
366.25,0.294783
366.5,0.294783
366.75,0.294783
367,0.294783
367.25,0.294783
367.5,0.294783
367.75,0.294783
368,0.294783
368.25,0.294783
368.5,0.294783
368.75,0.294783
369,0.294783
369.25,0.294783
369.5,0.294783
369.75,0.294783
370,0.294783
370.25,0.294783
370.5,0.294783
370.75,0.294783
371,0.294783
371.25,0.294783
371.5,0.294783
371.75,0.294783
372,0.294783
372.25,0.294783
372.5,0.294783
372.75,0.294783
373,0.294783
373.25,0.294783
373.5,0.294783
373.75,0.294783
374,0.294783
374.25,0.294783
374.5,0.294783
374.75,0.294783
375,0.294783
375.25,0.294783
375.5,0.294783
375.75,0.294783
376,0.294783
376.25,0.294783
376.5,0.294783
376.75,0.294783
377,0.294783
377.25,0.294783
377.5,0.294783
377.75,0.294783
378,0.294783
378.25,0.294783
378.5,0.294783
378.75,0.294783
379,0.294783
379.25,0.294783
379.5,0.294783
379.75,0.294783
380,0.294783
380.25,0.294783
380.5,0.294783
380.75,0.294783
381,0.294783
381.25,0.294783
381.5,0.294783
381.75,0.294783
382,0.294783
382.25,0.294783
382.5,0.294783
382.75,0.294783
383,0.294783
383.25,0.294783
383.5,0.294783
383.75,0.294783
384,0.294783
384.25,0.294783
384.5,0.294783
384.75,0.294783
385,0.294783
385.25,0.294783
385.5,0.294783
385.75,0.294783
386,0.294783
386.25,0.294783
386.5,0.294783
386.75,0.294783
387,0.294783
387.25,0.294783
387.5,0.294783
387.75,0.294783
388,0.294783
388.25,0.294783
388.5,0.294783
388.75,0.294783
389,0.294783
389.25,0.294783
389.5,0.294783
389.75,0.294783
390,0.294783
390.25,0.294783
390.5,0.294783
390.75,0.294783
391,0.294783
391.25,0.294783
391.5,0.294783
391.75,0.294783
392,0.294783
392.25,0.294783
392.5,0.294783
392.75,0.294783
393,0.294783
393.25,0.294783
393.5,0.294783
393.75,0.294783
394,0.294783
394.25,0.294783
394.5,0.294783
394.75,0.294783
395,0.294783
395.25,0.294783
395.5,0.294783
395.75,0.294783
396,0.294783
396.25,0.294783
396.5,0.294783
396.75,0.294783
397,0.294783
397.25,0.294783
397.5,0.294783
397.75,0.294783
398,0.294783
398.25,0.294783
398.5,0.294783
398.75,0.294783
399,0.294783
399.25,0.294783
399.5,0.294783
399.75,0.294783
400,0.294783
400.25,0.294783
400.5,0.294783
400.75,0.294783
401,0.294783
401.25,0.294783
401.5,0.294783
401.75,0.294783
402,0.294783
402.25,0.294783
402.5,0.294783
402.75,0.294783
403,0.294783
403.25,0.294783
403.5,0.294783
403.75,0.294783
404,0.294783
404.25,0.294783
404.5,0.294783
404.75,0.294783
405,0.294783
405.25,0.294783
405.5,0.294783
405.75,0.294783
406,0.294783
406.25,0.294783
406.5,0.294783
406.75,0.294783
407,0.294783
407.25,0.294783
407.5,0.294783
407.75,0.294783
408,0.294783
408.25,0.294783
408.5,0.294783
408.75,0.294783
409,0.294783
409.25,0.294783
409.5,0.294783
409.75,0.294783
410,0.294783
410.25,0.294783
410.5,0.294783
410.75,0.294783
411,0.294783
411.25,0.294783
411.5,0.294783
411.75,0.294783
412,0.294783
412.25,0.294783
412.5,0.294783
412.75,0.294783
413,0.294783
413.25,0.294783
413.5,0.294783
413.75,0.294783
414,0.294783
414.25,0.294783
414.5,0.294783
414.75,0.294783
415,0.294783
415.25,0.294783
415.5,0.294783
415.75,0.294783
416,0.294783
416.25,0.294783
416.5,0.294783
416.75,0.294783
417,0.294783
417.25,0.294783
417.5,0.294783
417.75,0.294783
418,0.294783
418.25,0.294783
418.5,0.294783
418.75,0.294783
419,0.294783
419.25,0.294783
419.5,0.294783
419.75,0.294783
420,0.294783
420.25,0.294783
420.5,0.294783
420.75,0.294783
421,0.294783
421.25,0.294783
421.5,0.294783
421.75,0.294783
422,0.294783
422.25,0.294783
422.5,0.294783
422.75,0.294783
423,0.294783
423.25,0.294783
423.5,0.294783
423.75,0.294783
424,0.294783
424.25,0.294783
424.5,0.294783
424.75,0.294783
425,0.294783
425.25,0.294783
425.5,0.294783
425.75,0.294783
426,0.294783
426.25,0.294783
426.5,0.294783
426.75,0.294783
427,0.294783
427.25,0.294783
427.5,0.294783
427.75,0.294783
428,0.294783
428.25,0.294783
428.5,0.294783
428.75,0.294783
429,0.294783
429.25,0.294783
429.5,0.294783
429.75,0.294783
430,0.294783
430.25,0.294783
430.5,0.294783
430.75,0.294783
431,0.294783
431.25,0.294783
431.5,0.294783
431.75,0.294783
432,0.294783
432.25,0.294783
432.5,0.294783
432.75,0.294783
433,0.294783
433.25,0.294783
433.5,0.294783
433.75,0.294783
434,0.294783
434.25,0.294783
434.5,0.294783
434.75,0.294783
435,0.294783
435.25,0.294783
435.5,0.294783
435.75,0.294783
436,0.294783
436.25,0.294783
436.5,0.294783
436.75,0.294783
437,0.294783
437.25,0.294783
437.5,0.294783
437.75,0.294783
438,0.294783
438.25,0.294783
438.5,0.294783
438.75,0.294783
439,0.294783
439.25,0.294783
439.5,0.294783
439.75,0.294783
440,0.294783
440.25,0.294783
440.5,0.294783
440.75,0.294783
441,0.294783
441.25,0.294783
441.5,0.294783
441.75,0.294783
442,0.294783
442.25,0.294783
442.5,0.294783
442.75,0.294783
443,0.294783
443.25,0.294783
443.5,0.294783
443.75,0.294783
444,0.294783
444.25,0.294783
444.5,0.294783
444.75,0.294783
445,0.294783
445.25,0.294783
445.5,0.294783
445.75,0.294783
446,0.294783
446.25,0.294783
446.5,0.294783
446.75,0.294783
447,0.294783
447.25,0.294783
447.5,0.294783
447.75,0.294783
448,0.294783
448.25,0.294783
448.5,0.294783
448.75,0.294783
449,0.294783
449.25,0.294783
449.5,0.294783
449.75,0.294783
450,0.294783
450.25,0.294783
450.5,0.294783
450.75,0.294783
451,0.294783
451.25,0.294783
451.5,0.294783
451.75,0.294783
452,0.294783
452.25,0.294783
452.5,0.294783
452.75,0.294783
453,0.294783
453.25,0.294783
453.5,0.294783
453.75,0.294783
454,0.294783
454.25,0.294783
454.5,0.294783
454.75,0.294783
455,0.294783
455.25,0.294783
455.5,0.294783
455.75,0.294783
456,0.294783
456.25,0.294783
456.5,0.294783
456.75,0.294783
457,0.294783
457.25,0.294783
457.5,0.294783
457.75,0.294783
458,0.294783
458.25,0.294783
458.5,0.294783
458.75,0.294783
459,0.294783
459.25,0.294783
459.5,0.294783
459.75,0.294783
460,0.294783
460.25,0.294783
460.5,0.294783
460.75,0.294783
461,0.294783
461.25,0.294783
461.5,0.294783
461.75,0.294783
462,0.294783
462.25,0.294783
462.5,0.294783
462.75,0.294783
463,0.294783
463.25,0.294783
463.5,0.294783
463.75,0.294783
464,0.294783
464.25,0.294783
464.5,0.294783
464.75,0.294783
465,0.294783
465.25,0.294783
465.5,0.294783
465.75,0.294783
466,0.294783
466.25,0.294783
466.5,0.294783
466.75,0.294783
467,0.294783
467.25,0.294783
467.5,0.294783
467.75,0.294783
468,0.294783
468.25,0.294783
468.5,0.294783
468.75,0.294783
469,0.294783
469.25,0.294783
469.5,0.294783
469.75,0.294783
470,0.294783
470.25,0.294783
470.5,0.294783
470.75,0.294783
471,0.294783
471.25,0.294783
471.5,0.294783
471.75,0.294783
472,0.294783
472.25,0.294783
472.5,0.294783
472.75,0.294783
473,0.294783
473.25,0.294783
473.5,0.294783
473.75,0.294783
474,0.294783
474.25,0.294783
474.5,0.294783
474.75,0.294783
475,0.294783
475.25,0.294783
475.5,0.294783
475.75,0.294783
476,0.294783
476.25,0.294783
476.5,0.294783
476.75,0.294783
477,0.294783
477.25,0.294783
477.5,0.294783
477.75,0.294783
478,0.294783
478.25,0.294783
478.5,0.294783
478.75,0.294783
479,0.294783
479.25,0.294783
479.5,0.294783
479.75,0.294783
480,0.294783
480.25,0.294783
480.5,0.294783
480.75,0.294783
481,0.294783
481.25,0.294783
481.5,0.294783
481.75,0.294783
482,0.294783
482.25,0.294783
482.5,0.294783
482.75,0.294783
483,0.294783
483.25,0.294783
483.5,0.294783
483.75,0.294783
484,0.294783
484.25,0.294783
484.5,0.294783
484.75,0.294783
485,0.294783
485.25,0.294783
485.5,0.294783
485.75,0.294783
486,0.294783
486.25,0.294783
486.5,0.294783
486.75,0.294783
487,0.294783
487.25,0.294783
487.5,0.294783
487.75,0.294783
488,0.294783
488.25,0.294783
488.5,0.294783
488.75,0.294783
489,0.294783
489.25,0.294783
489.5,0.294783
489.75,0.294783
490,0.294783
490.25,0.294783
490.5,0.294783
490.75,0.294783
491,0.294783
491.25,0.294783
491.5,0.294783
491.75,0.294783
492,0.294783
492.25,0.294783
492.5,0.294783
492.75,0.294783
493,0.294783
493.25,0.294783
493.5,0.294783
493.75,0.294783
494,0.294783
494.25,0.294783
494.5,0.294783
494.75,0.294783
495,0.294783
495.25,0.294783
495.5,0.294783
495.75,0.294783
496,0.294783
496.25,0.294783
496.5,0.294783
496.75,0.294783
497,0.294783
497.25,0.294783
497.5,0.294783
497.75,0.294783
498,0.294783
498.25,0.294783
498.5,0.294783
498.75,0.294783
499,0.294783
499.25,0.294783
499.5,0.294783
499.75,0.294783
500,0.294783
500.25,0.294783
500.5,0.294783
500.75,0.294783
501,0.294783
501.25,0.294783
501.5,0.294783
501.75,0.294783
502,0.294783
502.25,0.294783
502.5,0.294783
502.75,0.294783
503,0.294783
503.25,0.294783
503.5,0.294783
503.75,0.294783
504,0.294783
504.25,0.294783
504.5,0.294783
504.75,0.294783
505,0.294783
505.25,0.294783
505.5,0.294783
505.75,0.294783
506,0.294783
506.25,0.294783
506.5,0.294783
506.75,0.294783
507,0.294783
507.25,0.294783
507.5,0.294783
507.75,0.294783
508,0.294783
508.25,0.294783
508.5,0.294783
508.75,0.294783
509,0.294783
509.25,0.294783
509.5,0.294783
509.75,0.294783
510,0.294783
510.25,0.294783
510.5,0.294783
510.75,0.294783
511,0.294783
511.25,0.294783
511.5,0.294783
511.75,0.294783
512,0.294783
512.25,0.294783
512.5,0.294783
512.75,0.294783
513,0.294783
513.25,0.294783
513.5,0.294783
513.75,0.294783
514,0.294783
514.25,0.294783
514.5,0.294783
514.75,0.294783
515,0.294783
515.25,0.294783
515.5,0.294783
515.75,0.294783
516,0.294783
516.25,0.294783
516.5,0.294783
516.75,0.294783
517,0.294783
517.25,0.294783
517.5,0.294783
517.75,0.294783
518,0.294783
518.25,0.294783
518.5,0.294783
518.75,0.294783
519,0.294783
519.25,0.294783
519.5,0.294783
519.75,0.294783
520,0.294783
520.25,0.294783
520.5,0.294783
520.75,0.294783
521,0.294783
521.25,0.294783
521.5,0.294783
521.75,0.294783
522,0.294783
522.25,0.294783
522.5,0.294783
522.75,0.294783
523,0.294783
523.25,0.294783
523.5,0.294783
523.75,0.294783
524,0.294783
524.25,0.294783
524.5,0.294783
524.75,0.294783
525,0.294783
525.25,0.294783
525.5,0.294783
525.75,0.294783
526,0.294783
526.25,0.294783
526.5,0.294783
526.75,0.294783
527,0.294783
527.25,0.294783
527.5,0.294783
527.75,0.294783
528,0.294783
528.25,0.294783
528.5,0.294783
528.75,0.294783
529,0.294783
529.25,0.294783
529.5,0.294783
529.75,0.294783
530,0.294783
530.25,0.294783
530.5,0.294783
530.75,0.294783
531,0.294783
531.25,0.294783
531.5,0.294783
531.75,0.294783
532,0.294783
532.25,0.294783
532.5,0.294783
532.75,0.294783
533,0.294783
533.25,0.294783
533.5,0.294783
533.75,0.294783
534,0.294783
534.25,0.294783
534.5,0.294783
534.75,0.294783
535,0.294783
535.25,0.294783
535.5,0.294783
535.75,0.294783
536,0.294783
536.25,0.294783
536.5,0.294783
536.75,0.294783
537,0.294783
537.25,0.294783
537.5,0.294783
537.75,0.294783
538,0.294783
538.25,0.294783
538.5,0.294783
538.75,0.294783
539,0.294783
539.25,0.294783
539.5,0.294783
539.75,0.294783
540,0.294783
540.25,0.294783
540.5,0.294783
540.75,0.294783
541,0.294783
541.25,0.294783
541.5,0.294783
541.75,0.294783
542,0.294783
542.25,0.294783
542.5,0.294783
542.75,0.294783
543,0.294783
543.25,0.294783
543.5,0.294783
543.75,0.294783
544,0.294783
544.25,0.294783
544.5,0.294783
544.75,0.294783
545,0.294783
545.25,0.294783
545.5,0.294783
545.75,0.294783
546,0.294783
546.25,0.294783
546.5,0.294783
546.75,0.294783
547,0.294783
547.25,0.294783
547.5,0.294783
547.75,0.294783
548,0.294783
548.25,0.294783
548.5,0.294783
548.75,0.294783
549,0.294783
549.25,0.294783
549.5,0.294783
549.75,0.294783
550,0.294783
550.25,0.294783
550.5,0.294783
550.75,0.294783
551,0.294783
551.25,0.294783
551.5,0.294783
551.75,0.294783
552,0.294783
552.25,0.294783
552.5,0.294783
552.75,0.294783
553,0.294783
553.25,0.294783
553.5,0.294783
553.75,0.294783
554,0.294783
554.25,0.294783
554.5,0.294783
554.75,0.294783
555,0.294783
555.25,0.294783
555.5,0.294783
555.75,0.294783
556,0.294783
556.25,0.294783
556.5,0.294783
556.75,0.294783
557,0.294783
557.25,0.294783
557.5,0.294783
557.75,0.294783
558,0.294783
558.25,0.294783
558.5,0.294783
558.75,0.294783
559,0.294783
559.25,0.294783
559.5,0.294783
559.75,0.294783
560,0.294783
560.25,0.294783
560.5,0.294783
560.75,0.294783
561,0.294783
561.25,0.294783
561.5,0.294783
561.75,0.294783
562,0.294783
562.25,0.294783
562.5,0.294783
562.75,0.294783
563,0.294783
563.25,0.294783
563.5,0.294783
563.75,0.294783
564,0.294783
564.25,0.294783
564.5,0.294783
564.75,0.294783
565,0.294783
565.25,0.294783
565.5,0.294783
565.75,0.294783
566,0.294783
566.25,0.294783
566.5,0.294783
566.75,0.294783
567,0.294783
567.25,0.294783
567.5,0.294783
567.75,0.294783
568,0.294783
568.25,0.294783
568.5,0.294783
568.75,0.294783
569,0.294783
569.25,0.294783
569.5,0.294783
569.75,0.294783
570,0.294783
570.25,0.294783
570.5,0.294783
570.75,0.294783
571,0.294783
571.25,0.294783
571.5,0.294783
571.75,0.294783
572,0.294783
572.25,0.294783
572.5,0.294783
572.75,0.294783
573,0.294783
573.25,0.294783
573.5,0.294783
573.75,0.294783
574,0.294783
574.25,0.294783
574.5,0.294783
574.75,0.294783
575,0.294783
575.25,0.294783
575.5,0.294783
575.75,0.294783
576,0.294783
576.25,0.294783
576.5,0.294783
576.75,0.294783
577,0.294783
577.25,0.294783
577.5,0.294783
577.75,0.294783
578,0.294783
578.25,0.294783
578.5,0.294783
578.75,0.294783
579,0.294783
579.25,0.294783
579.5,0.294783
579.75,0.294783
580,0.294783
580.25,0.294783
580.5,0.294783
580.75,0.294783
581,0.294783
581.25,0.294783
581.5,0.294783
581.75,0.294783
582,0.294783
582.25,0.294783
582.5,0.294783
582.75,0.294783
583,0.294783
583.25,0.294783
583.5,0.294783
583.75,0.294783
584,0.294783
584.25,0.294783
584.5,0.294783
584.75,0.294783
585,0.294783
585.25,0.294783
585.5,0.294783
585.75,0.294783
586,0.294783
586.25,0.294783
586.5,0.294783
586.75,0.294783
587,0.294783
587.25,0.294783
587.5,0.294783
587.75,0.294783
588,0.294783
588.25,0.294783
588.5,0.294783
588.75,0.294783
589,0.294783
589.25,0.294783
589.5,0.294783
589.75,0.294783
590,0.294783
590.25,0.294783
590.5,0.294783
590.75,0.294783
591,0.294783
591.25,0.294783
591.5,0.294783
591.75,0.294783
592,0.294783
592.25,0.294783
592.5,0.294783
592.75,0.294783
593,0.294783
593.25,0.294783
593.5,0.294783
593.75,0.294783
594,0.294783
594.25,0.294783
594.5,0.294783
594.75,0.294783
595,0.294783
595.25,0.294783
595.5,0.294783
595.75,0.294783
596,0.294783
596.25,0.294783
596.5,0.294783
596.75,0.294783
597,0.294783
597.25,0.294783
597.5,0.294783
597.75,0.294783
598,0.294783
598.25,0.294783
598.5,0.294783
598.75,0.294783
599,0.294783
599.25,0.294783
599.5,0.294783
599.75,0.294783
