Time,mean_fraction_lambda_C
0,0
0.25,0
0.5,0
0.75,0
1,0
1.25,6.07721e-06
1.5,1
1.75,0
2,5.27627e-05
2.25,8.35322e-05
2.5,0.000352259
2.75,0.113935
3,0.285957
3.25,0.333725
3.5,0.000426681
3.75,0.000631202
4,0.50052
4.25,4.32459e-07
4.5,0.000865975
4.75,6.75061e-06
5,0.400182
5.25,0.400037
5.5,0.200358
5.75,0.128113
6,0.25019
6.25,0.111478
6.5,0.000178507
6.75,0.182619
7,0.334428
7.25,8.81216e-06
7.5,0.200129
7.75,0.111863
8,0.000503632
8.25,0.286494
8.5,0.400331
8.75,0.232308
9,0.0912827
9.25,0.000147133
9.5,0.222631
9.75,0.200293
10,0.000935151
10.25,0.000194619
10.5,0.142949
10.75,0.000342952
11,0.214395
11.25,0.000207728
11.5,0.333464
11.75,0.16681
12,0.00103017
12.25,0.300076
12.5,0.000490252
12.75,7.77295e-05
13,0.0668972
13.25,0.200229
13.5,0.000642821
13.75,0.235516
14,0.083498
14.25,0.000593636
14.5,0.052877
14.75,0.176658
15,0.0374196
15.25,0.00174584
15.5,0.0911446
15.75,0.200193
16,0.118
16.25,0.187697
16.5,0.0947105
16.75,0.100409
17,0.250755
17.25,0.296469
17.5,0.126404
17.75,0.0697636
18,0.043736
18.25,0.218096
18.5,0.209154
18.75,0.103261
19,0.160221
19.25,0.226296
19.5,0.30373
19.75,0.148399
20,0.112804
20.25,0.168351
20.5,0.195068
20.75,0.00287015
21,0.119929
21.25,0.0654549
21.5,0.143203
21.75,0.104712
22,0.185618
22.25,0.0610044
22.5,0.228801
22.75,0.278343
23,0.162448
23.25,0.105841
23.5,0.322672
23.75,0.0943567
24,0.214833
24.25,0.195373
24.5,0.264007
24.75,0.226761
25,0.0945925
25.25,0.201224
25.5,0.0624843
25.75,0.140491
26,0.148622
26.25,0.156151
26.5,0.0886513
26.75,0.0804529
27,0.0961912
27.25,0.248297
27.5,0.124403
27.75,0.217704
28,0.0710626
28.25,0.169425
28.5,0.193128
28.75,0.139887
29,0.21728
29.25,0.239325
29.5,0.230239
29.75,0.141513
30,0.23918
30.25,0.300472
30.5,0.102316
30.75,0.186928
31,0.219071
31.25,0.259382
31.5,0.334639
31.75,0.24466
32,0.146833
32.25,0.235592
32.5,0.230948
32.75,0.203975
33,0.13718
33.25,0.187113
33.5,0.220915
33.75,0.204705
34,0.161888
34.25,0.182236
34.5,0.255112
34.75,0.183286
35,0.204959
35.25,0.147023
35.5,0.192028
35.75,0.147515
36,0.101095
36.25,0.175221
36.5,0.204179
36.75,0.216225
37,0.162692
37.25,0.206133
37.5,0.155191
37.75,0.155162
38,0.273151
38.25,0.154848
38.5,0.198326
38.75,0.129511
39,0.0807546
39.25,0.111838
39.5,0.154317
39.75,0.180981
40,0.160127
40.25,0.155838
40.5,0.195971
40.75,0.0941456
41,0.118781
41.25,0.0952134
41.5,0.171935
41.75,0.131097
42,0.100918
42.25,0.141201
42.5,0.194488
42.75,0.112526
43,0.163544
43.25,0.197262
43.5,0.117792
43.75,0.184149
44,0.138072
44.25,0.173545
44.5,0.158212
44.75,0.128437
45,0.14322
45.25,0.155383
45.5,0.185427
45.75,0.193785
46,0.159601
46.25,0.16924
46.5,0.0954481
46.75,0.135681
47,0.171124
47.25,0.129621
47.5,0.160478
47.75,0.162653
48,0.146777
48.25,0.173175
48.5,0.118416
48.75,0.151508
49,0.122207
49.25,0.197377
49.5,0.133958
49.75,0.131448
50,0.173572
50.25,0.157897
50.5,0.171114
50.75,0.181826
51,0.144331
51.25,0.181407
51.5,0.128306
51.75,0.173885
52,0.182931
52.25,0.181471
52.5,0.146383
52.75,0.15788
53,0.166721
53.25,0.172869
53.5,0.152115
53.75,0.141434
54,0.168255
54.25,0.190925
54.5,0.18664
54.75,0.157791
55,0.181638
55.25,0.158558
55.5,0.131321
55.75,0.149306
56,0.137366
56.25,0.140833
56.5,0.190603
56.75,0.158607
57,0.166153
57.25,0.174164
57.5,0.150748
57.75,0.134771
58,0.146962
58.25,0.198077
58.5,0.131884
58.75,0.162063
59,0.14789
59.25,0.156554
59.5,0.143065
59.75,0.148818
60,0.144241
60.25,0.115123
60.5,0.156908
60.75,0.145697
61,0.134724
61.25,0.139693
61.5,0.114318
61.75,0.172733
62,0.154571
62.25,0.164516
62.5,0.142853
62.75,0.144514
63,0.158501
63.25,0.171663
63.5,0.137462
63.75,0.159561
64,0.157235
64.25,0.136846
64.5,0.157489
64.75,0.141728
65,0.157714
65.25,0.165185
65.5,0.155523
65.75,0.170031
66,0.139433
66.25,0.154426
66.5,0.158514
66.75,0.151954
67,0.153051
67.25,0.15124
67.5,0.150433
67.75,0.169014
68,0.1509
68.25,0.159376
68.5,0.162223
68.75,0.145795
69,0.171186
69.25,0.16856
69.5,0.149697
69.75,0.192438
70,0.148552
70.25,0.151472
70.5,0.131073
70.75,0.153224
71,0.144217
71.25,0.148255
71.5,0.146647
71.75,0.148928
72,0.146111
72.25,0.14028
72.5,0.152843
72.75,0.13868
73,0.139372
73.25,0.142696
73.5,0.164974
73.75,0.150661
74,0.143329
74.25,0.1323
74.5,0.149636
74.75,0.130137
75,0.139558
75.25,0.148335
75.5,0.144301
75.75,0.136117
76,0.130672
76.25,0.146915
76.5,0.158078
76.75,0.147065
77,0.14609
77.25,0.145054
77.5,0.151739
77.75,0.15723
78,0.142036
78.25,0.143533
78.5,0.152229
78.75,0.141234
79,0.14262
79.25,0.154167
79.5,0.141269
79.75,0.145437
80,0.15557
80.25,0.147201
80.5,0.159488
80.75,0.152564
81,0.145049
81.25,0.148887
81.5,0.142819
81.75,0.138253
82,0.140579
82.25,0.149691
82.5,0.136648
82.75,0.153619
83,0.155049
83.25,0.15603
83.5,0.147893
83.75,0.154154
84,0.142822
84.25,0.140837
84.5,0.149613
84.75,0.144307
85,0.159587
85.25,0.145073
85.5,0.154176
85.75,0.147422
86,0.147308
86.25,0.145795
86.5,0.151255
86.75,0.152676
87,0.152506
87.25,0.151538
87.5,0.153871
87.75,0.15596
88,0.15212
88.25,0.141695
88.5,0.149233
88.75,0.15542
89,0.146561
89.25,0.149266
89.5,0.148727
89.75,0.159302
90,0.161582
90.25,0.166885
90.5,0.164757
90.75,0.15469
91,0.164698
91.25,0.155617
91.5,0.144855
91.75,0.153489
92,0.156157
92.25,0.153419
92.5,0.156697
92.75,0.14985
93,0.14381
93.25,0.158255
93.5,0.159937
93.75,0.166138
94,0.152262
94.25,0.158118
94.5,0.16251
94.75,0.15766
95,0.16083
95.25,0.153535
95.5,0.156673
95.75,0.157143
96,0.157102
96.25,0.151308
96.5,0.161042
96.75,0.161007
97,0.167074
97.25,0.163926
97.5,0.169249
97.75,0.164256
98,0.172166
98.25,0.162465
98.5,0.169404
98.75,0.164649
99,0.170977
99.25,0.163752
99.5,0.163461
99.75,0.166085
100,0.165205
100.25,0.165676
100.5,0.158539
100.75,0.162862
101,0.169337
101.25,0.162839
101.5,0.16181
101.75,0.168888
102,0.166052
102.25,0.156552
102.5,0.174404
102.75,0.169199
103,0.176815
103.25,0.17644
103.5,0.174491
103.75,0.160653
104,0.174883
104.25,0.17463
104.5,0.159794
104.75,0.17624
105,0.171416
105.25,0.163516
105.5,0.161264
105.75,0.16476
106,0.183757
106.25,0.165397
106.5,0.174723
106.75,0.180714
107,0.177988
107.25,0.174774
107.5,0.177263
107.75,0.17776
108,0.171144
108.25,0.170748
108.5,0.180265
108.75,0.182658
109,0.174565
109.25,0.183753
109.5,0.194588
109.75,0.17992
110,0.188791
110.25,0.182278
110.5,0.184437
110.75,0.193845
111,0.18424
111.25,0.187902
111.5,0.187158
111.75,0.183786
112,0.188856
112.25,0.187719
112.5,0.19752
112.75,0.187466
113,0.190204
113.25,0.179694
113.5,0.18803
113.75,0.195984
114,0.187457
114.25,0.182284
114.5,0.183446
114.75,0.202244
115,0.187901
115.25,0.189108
115.5,0.184741
115.75,0.189546
116,0.184862
116.25,0.190982
116.5,0.17949
116.75,0.211812
117,0.177377
117.25,0.185016
117.5,0.185769
117.75,0.175797
118,0.203752
118.25,0.19599
118.5,0.201243
118.75,0.197994
119,0.197254
119.25,0.210682
119.5,0.20545
119.75,0.192505
120,0.201332
120.25,0.195842
120.5,0.182841
120.75,0.20721
121,0.201779
121.25,0.202546
121.5,0.185817
121.75,0.212892
122,0.214073
122.25,0.214429
122.5,0.213079
122.75,0.20194
123,0.21287
123.25,0.203039
123.5,0.202725
123.75,0.224752
124,0.216158
124.25,0.202576
124.5,0.215281
124.75,0.205388
125,0.224735
125.25,0.216463
125.5,0.218203
125.75,0.186114
126,0.21745
126.25,0.212307
126.5,0.216252
126.75,0.210386
127,0.216576
127.25,0.209123
127.5,0.221803
127.75,0.194835
128,0.209919
128.25,0.230063
128.5,0.20671
128.75,0.231566
129,0.22667
129.25,0.2173
129.5,0.210823
129.75,0.21384
130,0.220475
130.25,0.206132
130.5,0.226165
130.75,0.22954
131,0.231415
131.25,0.212286
131.5,0.228867
131.75,0.207633
132,0.231542
132.25,0.236785
132.5,0.219882
132.75,0.202832
133,0.212693
133.25,0.209723
133.5,0.212807
133.75,0.213462
134,0.236776
134.25,0.2274
134.5,0.225945
134.75,0.2077
135,0.227771
135.25,0.203667
135.5,0.211359
135.75,0.220706
136,0.233152
136.25,0.229753
136.5,0.24669
136.75,0.213949
137,0.242263
137.25,0.22366
137.5,0.238115
137.75,0.223241
138,0.241883
138.25,0.216978
138.5,0.217311
138.75,0.206928
139,0.224653
139.25,0.241557
139.5,0.225888
139.75,0.231403
140,0.235942
140.25,0.264149
140.5,0.246226
140.75,0.228758
141,0.230032
141.25,0.217523
141.5,0.216137
141.75,0.240163
142,0.254919
142.25,0.230781
142.5,0.238019
142.75,0.221786
143,0.197074
143.25,0.217908
143.5,0.220412
143.75,0.230825
144,0.221013
144.25,0.245006
144.5,0.228711
144.75,0.247331
145,0.207389
145.25,0.224103
145.5,0.256681
145.75,0.221037
146,0.225216
146.25,0.230134
146.5,0.222238
146.75,0.278345
147,0.203143
147.25,0.241234
147.5,0.211759
147.75,0.202618
148,0.231818
148.25,0.247573
148.5,0.217837
148.75,0.273053
149,0.22811
149.25,0.218293
149.5,0.239883
149.75,0.257395
150,0.262071
150.25,0.235949
150.5,0.219533
150.75,0.257065
151,0.252949
151.25,0.282478
151.5,0.249431
151.75,0.223424
152,0.218656
152.25,0.251851
152.5,0.26976
152.75,0.255779
153,0.229666
153.25,0.275562
153.5,0.214885
153.75,0.234186
154,0.209073
154.25,0.169186
154.5,0.24841
154.75,0.268185
155,0.255663
155.25,0.168919
155.5,0.235106
155.75,0.262487
156,0.204756
156.25,0.243984
156.5,0.141967
156.75,0.243457
157,0.274655
157.25,0.213186
157.5,0.280427
157.75,0.318323
158,0.163467
158.25,0.242865
158.5,0.220616
158.75,0.265542
159,0.25167
159.25,0.254513
159.5,0.269093
159.75,0.179338
160,0.235067
160.25,0.219804
160.5,0.26692
160.75,0.275414
161,0.161854
161.25,0.241063
161.5,0.312649
161.75,0.327855
162,0.289894
162.25,0.25753
162.5,0.220783
162.75,0.25063
163,0.282704
163.25,0.185823
163.5,0.195574
163.75,0.288624
164,0.31647
164.25,0.257801
164.5,0.226656
164.75,0.228686
165,0.223325
165.25,0.223281
165.5,0.351923
165.75,0.294187
166,0.250471
166.25,0.190272
166.5,0.234042
166.75,0.293174
167,0.172381
167.25,0.239438
167.5,0.419595
167.75,0.223154
168,0.274404
168.25,0.129359
168.5,0.236188
168.75,0.257526
169,0.303232
169.25,0.183418
169.5,0.218728
169.75,0.170223
170,0.22516
170.25,0.181385
170.5,0.192704
170.75,0.290038
171,0.374533
171.25,0.1824
171.5,0.2197
171.75,0.208142
172,0.23439
172.25,0.205985
172.5,0.28199
172.75,0.21325
173,0.20368
173.25,0.256745
173.5,0.304189
173.75,0.189211
174,0.200061
174.25,0.330419
174.5,0.195756
174.75,0.230397
175,0.321293
175.25,0.27707
175.5,0.167631
175.75,0.274361
176,0.400165
176.25,0.374671
176.5,0.186708
176.75,0.194721
177,0.213683
177.25,0.300078
177.5,0.267933
177.75,0.22918
178,0.225976
178.25,0.219022
178.5,0.15958
178.75,0.349635
179,0.126369
179.25,0.0968373
179.5,0.235027
179.75,0.190144
180,0.144491
180.25,0.213309
180.5,0.296319
180.75,0.271942
181,0.311327
181.25,0.205453
181.5,0.229666
181.75,0.352164
182,0.022462
182.25,0.221293
182.5,0.201913
182.75,0.149415
183,0.424445
183.25,0.213664
183.5,0.00169719
183.75,0.144964
184,0.291918
184.25,0.263124
184.5,0.209957
184.75,0.214715
185,0.306673
185.25,0.0466854
185.5,0.0865802
185.75,0.294222
186,0.301306
186.25,0.321429
186.5,0.413185
186.75,0.0800002
187,0.251799
187.25,0.263691
187.5,0.337412
187.75,0.420402
188,0.215434
188.25,0.10969
188.5,0.251071
188.75,0.501326
189,0.298951
189.25,0.287971
189.5,0.555844
189.75,0.11191
190,0.0590488
190.25,0.297968
190.5,0.144925
190.75,0.143514
191,0.251483
191.25,0.428819
191.5,0.215095
191.75,0.375718
192,0.418428
192.25,0.500117
192.5,0.201835
192.75,0.250164
193,0.30162
193.25,0.216025
193.5,0.269399
193.75,0.286391
194,0.143167
194.25,0.25188
194.5,0.461853
194.75,0.338745
195,0.12542
195.25,0.22245
195.5,0.666682
195.75,0.401515
196,0.168231
196.25,0.16803
196.5,0.111883
196.75,0.57185
197,0.400033
197.25,0.286547
197.5,0.200273
197.75,0.250456
198,0.000138963
198.25,0.50004
198.5,0.00138894
198.75,0.400713
199,0.000739714
199.25,0.250336
199.5,0.25055
199.75,1.08013e-05
200,7.46328e-05
200.25,6.44352e-05
200.5,0.000311786
200.75,0.000874377
201,0.667499
201.25,0.000328416
201.5,0.000134193
201.75,0.00236867
202,0.0911115
202.25,0.333601
202.5,0.500136
202.75,0.000360175
203,0.333433
203.25,9.53987e-05
203.5,0.500056
203.75,0.333382
204,0.5008
204.25,0.017012
204.5,0.358086
204.75,0.500001
205,1
205.25,0.000221195
205.5,0.375388
205.75,1
206,0.000382315
206.25,0
206.5,9.62695e-05
206.75,0.400183
207,3.07234e-05
207.25,1
207.5,3.6451e-05
207.75,0.333374
208,3.61338e-05
208.25,7.40581e-05
208.5,0.333497
208.75,0.600018
209,1.37634e-05
209.25,0.3348
209.5,1.09571e-05
209.75,0.500162
210,0.000195265
210.25,0.500029
210.5,0.500112
210.75,0.00032867
211,0.333403
211.25,0.000161313
211.5,0.000388346
211.75,1.35487e-05
212,1
212.25,0.400032
212.5,0.666678
212.75,4.44032e-05
213,2.37623e-05
213.25,1.11281e-05
213.5,0.200016
213.75,0.166716
214,0
214.25,0
214.5,0.500004
214.75,1.13999e-05
215,2.86001e-05
215.25,0.500191
215.5,0.333351
215.75,0
216,0.500011
216.25,0.50001
216.5,0.333351
216.75,0
217,0
217.25,0
217.5,0.000132265
217.75,1.37384e-05
218,0
218.25,0.500756
218.5,0.00390765
218.75,0
219,0
219.25,6.18276e-05
219.5,0
219.75,0
220,0
220.25,7.97054e-06
220.5,0
220.75,9.61351e-06
221,0
221.25,0
221.5,0
221.75,0
222,1
222.25,3.79427e-06
222.5,0
222.75,0
223,0
223.25,8.78024e-05
223.5,0
223.75,0
224,0
224.25,0
224.5,0
224.75,3.32522e-05
225,1.88114e-05
225.25,0
225.5,0
225.75,1.36182e-05
226,0
226.25,0
226.5,0
226.75,0
227,0
227.25,0
227.5,1
227.75,0
228,1
228.25,0.666668
228.5,2.78124e-05
228.75,3.87056e-05
229,0
229.25,0
229.5,0
229.75,1
230,1
230.25,1
230.5,0
230.75,0
231,0
231.25,0
231.5,0
231.75,0
232,0
232.25,0
232.5,0
232.75,0
233,1.19359e-06
233.25,0
233.5,0
233.75,0
234,1
234.25,0
234.5,0
234.75,0
235,0
235.25,0
235.5,0
235.75,0
236,0
236.25,0
236.5,0
236.75,0
237,1
237.25,0
237.5,0
237.75,0
238,0.000108081
238.25,0
238.5,1
238.75,0
239,9.93681e-06
239.25,0
239.5,0
239.75,0
240,0
240.25,3.63766e-05
240.5,0
240.75,0
241,0
241.25,0
241.5,9.53157e-06
241.75,0
242,0
242.25,0
242.5,0
242.75,0
243,5.27741e-07
243.25,0
243.5,0
243.75,0
244,0
244.25,0
244.5,0
244.75,0
245,0
245.25,0
245.5,0
245.75,0
246,0
246.25,0
246.5,0
246.75,0
247,0
247.25,0
247.5,0
247.75,0
248,0
248.25,0
248.5,0
248.75,0
249,0
249.25,0
249.5,0
249.75,0
250,0
250.25,0
250.5,0
250.75,0
251,0
251.25,0
251.5,0
251.75,0
252,0
252.25,0
252.5,0
252.75,0
253,0
253.25,0
253.5,0
253.75,0
254,0
254.25,0
254.5,0
254.75,0
255,0
255.25,0
255.5,0
255.75,0
256,0
256.25,0
256.5,0
256.75,0
257,0
257.25,0
257.5,0
257.75,0
258,0
258.25,0
258.5,0
258.75,0
259,0
259.25,0
259.5,0
259.75,0
260,0
260.25,0
260.5,0
260.75,0
261,0
261.25,0
261.5,0
261.75,0
262,0
262.25,0
262.5,0
262.75,0
263,0
263.25,0
263.5,0
263.75,0
264,0
264.25,0
264.5,0
264.75,0
265,0
265.25,0
265.5,0
265.75,0
266,0
266.25,0
266.5,0
266.75,0
267,0
267.25,0
267.5,0
267.75,0
268,0
268.25,0
268.5,0
268.75,0
269,0
269.25,0
269.5,0
269.75,0
270,0
270.25,0
270.5,0
270.75,0
271,0
271.25,0
271.5,0
271.75,0
272,0
272.25,0
272.5,0
272.75,0
273,0
273.25,0
273.5,0
273.75,0
274,0
274.25,0
274.5,0
274.75,0
275,0
275.25,0
275.5,0
275.75,0
276,0
276.25,0
276.5,0
276.75,0
277,0
277.25,0
277.5,0
277.75,0
278,0
278.25,0
278.5,0
278.75,0
279,0
279.25,0
279.5,0
279.75,0
280,0
280.25,0
280.5,0
280.75,0
281,0
281.25,0
281.5,0
281.75,0
282,0
282.25,0
282.5,0
282.75,0
283,0
283.25,0
283.5,0
283.75,0
284,0
284.25,0
284.5,0
284.75,0
285,0
285.25,0
285.5,0
285.75,0
286,0
286.25,0
286.5,0
286.75,0
287,0
287.25,0
287.5,0
287.75,0
288,0
288.25,0
288.5,0
288.75,0
289,0
289.25,0
289.5,0
289.75,0
290,0
290.25,0
290.5,0
290.75,0
291,0
291.25,0
291.5,0
291.75,0
292,0
292.25,0
292.5,0
292.75,0
293,0
293.25,0
293.5,0
293.75,0
294,0
294.25,0
294.5,0
294.75,0
295,0
295.25,0
295.5,0
295.75,0
296,0
296.25,0
296.5,0
296.75,0
297,0
297.25,0
297.5,0
297.75,0
298,0
298.25,0
298.5,0
298.75,0
299,0
299.25,0
299.5,0
299.75,0
300,0
300.25,0
300.5,0
300.75,0
301,0
301.25,0
301.5,0
301.75,0
302,0
302.25,0
302.5,0
302.75,0
303,0
303.25,0
303.5,0
303.75,0
304,0
304.25,0
304.5,0
304.75,0
305,0
305.25,0
305.5,0
305.75,0
306,0
306.25,0
306.5,0
306.75,0
307,0
307.25,0
307.5,0
307.75,0
308,0
308.25,0
308.5,0
308.75,0
309,0
309.25,0
309.5,0
309.75,0
310,0
310.25,0
310.5,0
310.75,0
311,0
311.25,0
311.5,0
311.75,0
312,0
312.25,0
312.5,0
312.75,0
313,0
313.25,0
313.5,0
313.75,0
314,0
314.25,0
314.5,0
314.75,0
315,0
315.25,0
315.5,0
315.75,0
316,0
316.25,0
316.5,0
316.75,0
317,0
317.25,0
317.5,0
317.75,0
318,0
318.25,0
318.5,0
318.75,0
319,0
319.25,0
319.5,0
319.75,0
320,0
320.25,0
320.5,0
320.75,0
321,0
321.25,0
321.5,0
321.75,0
322,0
322.25,0
322.5,0
322.75,0
323,0
323.25,0
323.5,0
323.75,0
324,0
324.25,0
324.5,0
324.75,0
325,0
325.25,0
325.5,0
325.75,0
326,0
326.25,0
326.5,0
326.75,0
327,0
327.25,0
327.5,0
327.75,0
328,0
328.25,0
328.5,0
328.75,0
329,0
329.25,0
329.5,0
329.75,0
330,0
330.25,0
330.5,0
330.75,0
331,0
331.25,0
331.5,0
331.75,0
332,0
332.25,0
332.5,0
332.75,0
333,0
333.25,0
333.5,0
333.75,0
334,0
334.25,0
334.5,0
334.75,0
335,0
335.25,0
335.5,0
335.75,0
336,0
336.25,0
336.5,0
336.75,0
337,0
337.25,0
337.5,0
337.75,0
338,0
338.25,0
338.5,0
338.75,0
339,0
339.25,0
339.5,0
339.75,0
340,0
340.25,0
340.5,0
340.75,0
341,0
341.25,0
341.5,0
341.75,0
342,0
342.25,0
342.5,0
342.75,0
343,0
343.25,0
343.5,0
343.75,0
344,0
344.25,0
344.5,0
344.75,0
345,0
345.25,0
345.5,0
345.75,0
346,0
346.25,0
346.5,0
346.75,0
347,0
347.25,0
347.5,0
347.75,0
348,0
348.25,0
348.5,0
348.75,0
349,0
349.25,0
349.5,0
349.75,0
350,0
350.25,0
350.5,0
350.75,0
351,0
351.25,0
351.5,0
351.75,0
352,0
352.25,0
352.5,0
352.75,0
353,0
353.25,0
353.5,0
353.75,0
354,0
354.25,0
354.5,0
354.75,0
355,0
355.25,0
355.5,0
355.75,0
356,0
356.25,0
356.5,0
356.75,0
357,0
357.25,0
357.5,0
357.75,0
358,0
358.25,0
358.5,0
358.75,0
359,0
359.25,0
359.5,0
359.75,0
360,0
360.25,0
360.5,0
360.75,0
361,0
361.25,0
361.5,0
361.75,0
362,0
362.25,0
362.5,0
362.75,0
363,0
363.25,0
363.5,0
363.75,0
364,0
364.25,0
364.5,0
364.75,0
365,0
365.25,0
365.5,0
365.75,0
366,0
366.25,0
366.5,0
366.75,0
367,0
367.25,0
367.5,0
367.75,0
368,0
368.25,0
368.5,0
368.75,0
369,0
369.25,0
369.5,0
369.75,0
370,0
370.25,0
370.5,0
370.75,0
371,0
371.25,0
371.5,0
371.75,0
372,0
372.25,0
372.5,0
372.75,0
373,0
373.25,0
373.5,0
373.75,0
374,0
374.25,0
374.5,0
374.75,0
375,0
375.25,0
375.5,0
375.75,0
376,0
376.25,0
376.5,0
376.75,0
377,0
377.25,0
377.5,0
377.75,0
378,0
378.25,0
378.5,0
378.75,0
379,0
379.25,0
379.5,0
379.75,0
380,0
380.25,0
380.5,0
380.75,0
381,0
381.25,0
381.5,0
381.75,0
382,0
382.25,0
382.5,0
382.75,0
383,0
383.25,0
383.5,0
383.75,0
384,0
384.25,0
384.5,0
384.75,0
385,0
385.25,0
385.5,0
385.75,0
386,0
386.25,0
386.5,0
386.75,0
387,0
387.25,0
387.5,0
387.75,0
388,0
388.25,0
388.5,0
388.75,0
389,0
389.25,0
389.5,0
389.75,0
390,0
390.25,0
390.5,0
390.75,0
391,0
391.25,0
391.5,0
391.75,0
392,0
392.25,0
392.5,0
392.75,0
393,0
393.25,0
393.5,0
393.75,0
394,0
394.25,0
394.5,0
394.75,0
395,0
395.25,0
395.5,0
395.75,0
396,0
396.25,0
396.5,0
396.75,0
397,0
397.25,0
397.5,0
397.75,0
398,0
398.25,0
398.5,0
398.75,0
399,0
399.25,0
399.5,0
399.75,0
400,0
400.25,0
400.5,0
400.75,0
401,0
401.25,0
401.5,0
401.75,0
402,0
402.25,0
402.5,0
402.75,0
403,0
403.25,0
403.5,0
403.75,0
404,0
404.25,0
404.5,0
404.75,0
405,0
405.25,0
405.5,0
405.75,0
406,0
406.25,0
406.5,0
406.75,0
407,0
407.25,0
407.5,0
407.75,0
408,0
408.25,0
408.5,0
408.75,0
409,0
409.25,0
409.5,0
409.75,0
410,0
410.25,0
410.5,0
410.75,0
411,0
411.25,0
411.5,0
411.75,0
412,0
412.25,0
412.5,0
412.75,0
413,0
413.25,0
413.5,0
413.75,0
414,0
414.25,0
414.5,0
414.75,0
415,0
415.25,0
415.5,0
415.75,0
416,0
416.25,0
416.5,0
416.75,0
417,0
417.25,0
417.5,0
417.75,0
418,0
418.25,0
418.5,0
418.75,0
419,0
419.25,0
419.5,0
419.75,0
420,0
420.25,0
420.5,0
420.75,0
421,0
421.25,0
421.5,0
421.75,0
422,0
422.25,0
422.5,0
422.75,0
423,0
423.25,0
423.5,0
423.75,0
424,0
424.25,0
424.5,0
424.75,0
425,0
425.25,0
425.5,0
425.75,0
426,0
426.25,0
426.5,0
426.75,0
427,0
427.25,0
427.5,0
427.75,0
428,0
428.25,0
428.5,0
428.75,0
429,0
429.25,0
429.5,0
429.75,0
430,0
430.25,0
430.5,0
430.75,0
431,0
431.25,0
431.5,0
431.75,0
432,0
432.25,0
432.5,0
432.75,0
433,0
433.25,0
433.5,0
433.75,0
434,0
434.25,0
434.5,0
434.75,0
435,0
435.25,0
435.5,0
435.75,0
436,0
436.25,0
436.5,0
436.75,0
437,0
437.25,0
437.5,0
437.75,0
438,0
438.25,0
438.5,0
438.75,0
439,0
439.25,0
439.5,0
439.75,0
440,0
440.25,0
440.5,0
440.75,0
441,0
441.25,0
441.5,0
441.75,0
442,0
442.25,0
442.5,0
442.75,0
443,0
443.25,0
443.5,0
443.75,0
444,0
444.25,0
444.5,0
444.75,0
445,0
445.25,0
445.5,0
445.75,0
446,0
446.25,0
446.5,0
446.75,0
447,0
447.25,0
447.5,0
447.75,0
448,0
448.25,0
448.5,0
448.75,0
449,0
449.25,0
449.5,0
449.75,0
450,0
450.25,0
450.5,0
450.75,0
451,0
451.25,0
451.5,0
451.75,0
452,0
452.25,0
452.5,0
452.75,0
453,0
453.25,0
453.5,0
453.75,0
454,0
454.25,0
454.5,0
454.75,0
455,0
455.25,0
455.5,0
455.75,0
456,0
456.25,0
456.5,0
456.75,0
457,0
457.25,0
457.5,0
457.75,0
458,0
458.25,0
458.5,0
458.75,0
459,0
459.25,0
459.5,0
459.75,0
460,0
460.25,0
460.5,0
460.75,0
461,0
461.25,0
461.5,0
461.75,0
462,0
462.25,0
462.5,0
462.75,0
463,0
463.25,0
463.5,0
463.75,0
464,0
464.25,0
464.5,0
464.75,0
465,0
465.25,0
465.5,0
465.75,0
466,0
466.25,0
466.5,0
466.75,0
467,0
467.25,0
467.5,0
467.75,0
468,0
468.25,0
468.5,0
468.75,0
469,0
469.25,0
469.5,0
469.75,0
470,0
470.25,0
470.5,0
470.75,0
471,0
471.25,0
471.5,0
471.75,0
472,0
472.25,0
472.5,0
472.75,0
473,0
473.25,0
473.5,0
473.75,0
474,0
474.25,0
474.5,0
474.75,0
475,0
475.25,0
475.5,0
475.75,0
476,0
476.25,0
476.5,0
476.75,0
477,0
477.25,0
477.5,0
477.75,0
478,0
478.25,0
478.5,0
478.75,0
479,0
479.25,0
479.5,0
479.75,0
480,0
480.25,0
480.5,0
480.75,0
481,0
481.25,0
481.5,0
481.75,0
482,0
482.25,0
482.5,0
482.75,0
483,0
483.25,0
483.5,0
483.75,0
484,0
484.25,0
484.5,0
484.75,0
485,0
485.25,0
485.5,0
485.75,0
486,0
486.25,0
486.5,0
486.75,0
487,0
487.25,0
487.5,0
487.75,0
488,0
488.25,0
488.5,0
488.75,0
489,0
489.25,0
489.5,0
489.75,0
490,0
490.25,0
490.5,0
490.75,0
491,0
491.25,0
491.5,0
491.75,0
492,0
492.25,0
492.5,0
492.75,0
493,0
493.25,0
493.5,0
493.75,0
494,0
494.25,0
494.5,0
494.75,0
495,0
495.25,0
495.5,0
495.75,0
496,0
496.25,0
496.5,0
496.75,0
497,0
497.25,0
497.5,0
497.75,0
498,0
498.25,0
498.5,0
498.75,0
499,0
499.25,0
499.5,0
499.75,0
500,0
500.25,0
500.5,0
500.75,0
501,0
501.25,0
501.5,0
501.75,0
502,0
502.25,0
502.5,0
502.75,0
503,0
503.25,0
503.5,0
503.75,0
504,0
504.25,0
504.5,0
504.75,0
505,0
505.25,0
505.5,0
505.75,0
506,0
506.25,0
506.5,0
506.75,0
507,0
507.25,0
507.5,0
507.75,0
508,0
508.25,0
508.5,0
508.75,0
509,0
509.25,0
509.5,0
509.75,0
510,0
510.25,0
510.5,0
510.75,0
511,0
511.25,0
511.5,0
511.75,0
512,0
512.25,0
512.5,0
512.75,0
513,0
513.25,0
513.5,0
513.75,0
514,0
514.25,0
514.5,0
514.75,0
515,0
515.25,0
515.5,0
515.75,0
516,0
516.25,0
516.5,0
516.75,0
517,0
517.25,0
517.5,0
517.75,0
518,0
518.25,0
518.5,0
518.75,0
519,0
519.25,0
519.5,0
519.75,0
520,0
520.25,0
520.5,0
520.75,0
521,0
521.25,0
521.5,0
521.75,0
522,0
522.25,0
522.5,0
522.75,0
523,0
523.25,0
523.5,0
523.75,0
524,0
524.25,0
524.5,0
524.75,0
525,0
525.25,0
525.5,0
525.75,0
526,0
526.25,0
526.5,0
526.75,0
527,0
527.25,0
527.5,0
527.75,0
528,0
528.25,0
528.5,0
528.75,0
529,0
529.25,0
529.5,0
529.75,0
530,0
530.25,0
530.5,0
530.75,0
531,0
531.25,0
531.5,0
531.75,0
532,0
532.25,0
532.5,0
532.75,0
533,0
533.25,0
533.5,0
533.75,0
534,0
534.25,0
534.5,0
534.75,0
535,0
535.25,0
535.5,0
535.75,0
536,0
536.25,0
536.5,0
536.75,0
537,0
537.25,0
537.5,0
537.75,0
538,0
538.25,0
538.5,0
538.75,0
539,0
539.25,0
539.5,0
539.75,0
540,0
540.25,0
540.5,0
540.75,0
541,0
541.25,0
541.5,0
541.75,0
542,0
542.25,0
542.5,0
542.75,0
543,0
543.25,0
543.5,0
543.75,0
544,0
544.25,0
544.5,0
544.75,0
545,0
545.25,0
545.5,0
545.75,0
546,0
546.25,0
546.5,0
546.75,0
547,0
547.25,0
547.5,0
547.75,0
548,0
548.25,0
548.5,0
548.75,0
549,0
549.25,0
549.5,0
549.75,0
550,0
550.25,0
550.5,0
550.75,0
551,0
551.25,0
551.5,0
551.75,0
552,0
552.25,0
552.5,0
552.75,0
553,0
553.25,0
553.5,0
553.75,0
554,0
554.25,0
554.5,0
554.75,0
555,0
555.25,0
555.5,0
555.75,0
556,0
556.25,0
556.5,0
556.75,0
557,0
557.25,0
557.5,0
557.75,0
558,0
558.25,0
558.5,0
558.75,0
559,0
559.25,0
559.5,0
559.75,0
560,0
560.25,0
560.5,0
560.75,0
561,0
561.25,0
561.5,0
561.75,0
562,0
562.25,0
562.5,0
562.75,0
563,0
563.25,0
563.5,0
563.75,0
564,0
564.25,0
564.5,0
564.75,0
565,0
565.25,0
565.5,0
565.75,0
566,0
566.25,0
566.5,0
566.75,0
567,0
567.25,0
567.5,0
567.75,0
568,0
568.25,0
568.5,0
568.75,0
569,0
569.25,0
569.5,0
569.75,0
570,0
570.25,0
570.5,0
570.75,0
571,0
571.25,0
571.5,0
571.75,0
572,0
572.25,0
572.5,0
572.75,0
573,0
573.25,0
573.5,0
573.75,0
574,0
574.25,0
574.5,0
574.75,0
575,0
575.25,0
575.5,0
575.75,0
576,0
576.25,0
576.5,0
576.75,0
577,0
577.25,0
577.5,0
577.75,0
578,0
578.25,0
578.5,0
578.75,0
579,0
579.25,0
579.5,0
579.75,0
580,0
580.25,0
580.5,0
580.75,0
581,0
581.25,0
581.5,0
581.75,0
582,0
582.25,0
582.5,0
582.75,0
583,0
583.25,0
583.5,0
583.75,0
584,0
584.25,0
584.5,0
584.75,0
585,0
585.25,0
585.5,0
585.75,0
586,0
586.25,0
586.5,0
586.75,0
587,0
587.25,0
587.5,0
587.75,0
588,0
588.25,0
588.5,0
588.75,0
589,0
589.25,0
589.5,0
589.75,0
590,0
590.25,0
590.5,0
590.75,0
591,0
591.25,0
591.5,0
591.75,0
592,0
592.25,0
592.5,0
592.75,0
593,0
593.25,0
593.5,0
593.75,0
594,0
594.25,0
594.5,0
594.75,0
595,0
595.25,0
595.5,0
595.75,0
596,0
596.25,0
596.5,0
596.75,0
597,0
597.25,0
597.5,0
597.75,0
598,0
598.25,0
598.5,0
598.75,0
599,0
599.25,0
599.5,0
599.75,0
