Time,susceptible_lambda
0,0
0.25,0
0.5,0.903501
0.75,2.7254
1,5.67267
1.25,8.95969
1.5,11.5075
1.75,15.3847
2,21.81
2.25,19.6351
2.5,24.7034
2.75,25.3226
3,24.2823
3.25,20.8779
3.5,19.9688
3.75,18.3651
4,17.3205
4.25,17.648
4.5,17.6035
4.75,17.36
5,19.2316
5.25,24.1565
5.5,19.9853
5.75,16.3668
6,21.9058
6.25,16.1814
6.5,17.086
6.75,16.424
7,15.1139
7.25,29.7373
7.5,25.0656
7.75,29.8676
8,35.8204
8.25,34.0027
8.5,33.9099
8.75,32.8108
9,28.0713
9.25,28.6491
9.5,25.7074
9.75,27.2087
10,25.9374
10.25,29.0778
10.5,35.9511
10.75,36.2413
11,38.3118
11.25,33.7491
11.5,32.1729
11.75,37.1095
12,51.5123
12.25,54.4069
12.5,56.5093
12.75,52.2747
13,49.1123
13.25,61.0831
13.5,63.0149
13.75,59.3047
14,64.0269
14.25,60.9015
14.5,71.5809
14.75,70.6982
15,60.3498
15.25,53.3163
15.5,64.2925
15.75,70.4107
16,77.4645
16.25,86.0754
16.5,94.6189
16.75,83.8441
17,100.204
17.25,91.9448
17.5,105.199
17.75,116.128
18,100.162
18.25,101.49
18.5,104.233
18.75,108.622
19,100.874
19.25,107.339
19.5,114.16
19.75,117.175
20,115.643
20.25,123.24
20.5,113.044
20.75,114.548
21,111.546
21.25,120.889
21.5,136.133
21.75,126.014
22,114.182
22.25,110.725
22.5,103.862
22.75,116.153
23,117.251
23.25,110.683
23.5,108.136
23.75,116.941
24,118.871
24.25,115.622
24.5,115.427
24.75,127.607
25,142.376
25.25,140.909
25.5,144.094
25.75,123.793
26,121.757
26.25,131.837
26.5,138.86
26.75,132.249
27,154.336
27.25,155.807
27.5,162.791
27.75,181.603
28,152.997
28.25,165.301
28.5,171.159
28.75,159.686
29,162.954
29.25,199.862
29.5,185.183
29.75,183.854
30,178.207
30.25,181.221
30.5,215.154
30.75,175.202
31,182.7
31.25,185.258
31.5,200.365
31.75,200.884
32,207.098
32.25,210.065
32.5,213.556
32.75,209.186
33,229.802
33.25,219.179
33.5,214.004
33.75,224.917
34,237.048
34.25,226.16
34.5,233.363
34.75,234.033
35,270.322
35.25,266.042
35.5,289.726
35.75,286.097
36,320.876
36.25,304.531
36.5,287.11
36.75,259.091
37,264.326
37.25,292.272
37.5,294.999
37.75,290.288
38,298.504
38.25,343.911
38.5,382.066
38.75,373.514
39,386.865
39.25,377.926
39.5,371.961
39.75,349.035
40,358.796
40.25,357.567
40.5,373.289
40.75,424.819
41,424.208
41.25,418.273
41.5,429.506
41.75,463.9
42,463.252
42.25,488.145
42.5,447.46
42.75,437.291
43,478.953
43.25,459.509
43.5,534.864
43.75,487.444
44,509.595
44.25,540.058
44.5,533.34
44.75,554.191
45,593.538
45.25,593.305
45.5,602.089
45.75,611.262
46,632.795
46.25,656.091
46.5,686.887
46.75,730.396
47,762.884
47.25,834.296
47.5,826.995
47.75,834.484
48,811.304
48.25,821.881
48.5,855.486
48.75,819.754
49,827.418
49.25,818.362
49.5,857.657
49.75,899.678
50,883.184
50.25,869.94
50.5,872.501
50.75,936.051
51,914.761
51.25,974.286
51.5,970.85
51.75,1061.1
52,1077.91
52.25,1073.19
52.5,1078.62
52.75,1078.48
53,1185.12
53.25,1214.26
53.5,1201.96
53.75,1208.42
54,1211.78
54.25,1289.39
54.5,1355.51
54.75,1367.38
55,1350.02
55.25,1363.96
55.5,1490.52
55.75,1471.54
56,1491.02
56.25,1518.4
56.5,1584.62
56.75,1599.91
57,1641.03
57.25,1671.91
57.5,1701.25
57.75,1690.95
58,1659.62
58.25,1625.45
58.5,1733.83
58.75,1756.85
59,1745.44
59.25,1743.78
59.5,1856.69
59.75,1854.2
60,1875.2
60.25,1938.18
60.5,1956.75
60.75,1989.01
61,2060.46
61.25,2163.87
61.5,2182.1
61.75,2243.37
62,2257.92
62.25,2314.9
62.5,2380.72
62.75,2431.21
63,2400.02
63.25,2390.8
63.5,2395.98
63.75,2429.44
64,2486.06
64.25,2586.36
64.5,2723.08
64.75,2749.2
65,2929.11
65.25,2991.57
65.5,3023.82
65.75,3122.42
66,3178.56
66.25,3176.75
66.5,3179.31
66.75,3190.59
67,3290.54
67.25,3332.79
67.5,3336.72
67.75,3387.07
68,3542.87
68.25,3659.6
68.5,3605.04
68.75,3684.16
69,3819.54
69.25,3936.8
69.5,3972.08
69.75,4026.62
70,4183.93
70.25,4315.39
70.5,4385.71
70.75,4402.02
71,4413.17
71.25,4514.55
71.5,4592.43
71.75,4636.87
72,4671.63
72.25,4790.02
72.5,4781.04
72.75,4795.28
73,4807.53
73.25,4961.95
73.5,5016.57
73.75,5235.94
74,5426.98
74.25,5485.43
74.5,5598.96
74.75,5806.04
75,5791.46
75.25,5821.15
75.5,5869.76
75.75,5935.28
76,6028.04
76.25,6128.2
76.5,6282.42
76.75,6294.98
77,6399.3
77.25,6435.27
77.5,6485.56
77.75,6601.3
78,6669.16
78.25,6902.34
78.5,7067.34
78.75,7016.25
79,7337.77
79.25,7313.12
79.5,7420.44
79.75,7432.92
80,7611.06
80.25,7808.71
80.5,7953.81
80.75,8049
81,8150.86
81.25,8318.36
81.5,8401.05
81.75,8381.33
82,8364.72
82.25,8634.68
82.5,8836.81
82.75,8795.09
83,8774.47
83.25,8810.75
83.5,8802.16
83.75,9090.37
84,9248.32
84.25,9499
84.5,9439.65
84.75,9538.47
85,9569.61
85.25,9628.62
85.5,9934.82
85.75,10242
86,10499.9
86.25,10531.7
86.5,10519.3
86.75,10885.8
87,10797.6
87.25,10825.4
87.5,10818.4
87.75,10875.9
88,10992.3
88.25,11050.9
88.5,11286.3
88.75,11553.8
89,11486.5
89.25,11571.5
89.5,11770.7
89.75,11822.3
90,12086.7
90.25,12237.4
90.5,12337.4
90.75,12495.2
91,12677.7
91.25,12789.4
91.5,12746.8
91.75,12794.7
92,12974.6
92.25,13034.5
92.5,13034.5
92.75,13182.9
93,13222.4
93.25,13245.9
93.5,13311.1
93.75,13156.7
94,13185.1
94.25,13238.6
94.5,13321.3
94.75,13362.7
95,13540.2
95.25,13582.9
95.5,13722.7
95.75,13747.5
96,13896.6
96.25,14010.8
96.5,14091
96.75,14050.9
97,14225.4
97.25,14420.1
97.5,14333.9
97.75,14312.5
98,14272.3
98.25,14223.4
98.5,14239.8
98.75,14242.9
99,14386.3
99.25,14291
99.5,14095.7
99.75,14156
100,14099.2
100.25,14219
100.5,14326.4
100.75,14212.8
101,14185.9
101.25,14204.6
101.5,14127.1
101.75,14086.6
102,14071.6
102.25,14048.4
102.5,13947.3
102.75,14051.6
103,14053.7
103.25,13902.8
103.5,13856.4
103.75,13764.8
104,13772.6
104.25,13770.2
104.5,13591.7
104.75,13790.7
105,13625.1
105.25,13483.7
105.5,13324.7
105.75,13259.8
106,13177.9
106.25,12959.4
106.5,12881
106.75,12946
107,12855.8
107.25,12915
107.5,12782.2
107.75,12644.1
108,12648
108.25,12543.1
108.5,12491.5
108.75,12403.5
109,12335.1
109.25,12265.3
109.5,12239.9
109.75,12118.7
110,11915.8
110.25,11737.5
110.5,11708.5
110.75,11674.6
111,11529
111.25,11476.5
111.5,11353.5
111.75,11181.3
112,11095.1
112.25,10963.5
112.5,11028.2
112.75,10782.5
113,10781.5
113.25,10715.2
113.5,10475.3
113.75,10219.6
114,10223.1
114.25,10091.9
114.5,9970.1
114.75,9888.19
115,9756.73
115.25,9552.02
115.5,9464.5
115.75,9485.07
116,9376.74
116.25,9238.62
116.5,9066.96
116.75,9017.14
117,8895.46
117.25,8673.34
117.5,8569.02
117.75,8447.62
118,8277.59
118.25,8167.29
118.5,8103.65
118.75,7984.43
119,7840.01
119.25,7740.1
119.5,7655.81
119.75,7550.05
120,7497.89
120.25,7507.23
120.5,7312.96
120.75,7093.53
121,7076.65
121.25,6908.45
121.5,6759.43
121.75,6722.15
122,6643.99
122.25,6526.47
122.5,6463.37
122.75,6444.43
123,6342.31
123.25,6298.5
123.5,6218.44
123.75,6167.71
124,6042.04
124.25,5924.46
124.5,5755.89
124.75,5761.09
125,5662.82
125.25,5518.9
125.5,5331.48
125.75,5379.7
126,5307.31
126.25,5205.34
126.5,5138.57
126.75,5050.4
127,4951.07
127.25,4849.25
127.5,4751.96
127.75,4609.23
128,4607.64
128.25,4505.68
128.5,4437.34
128.75,4353.17
129,4382.34
129.25,4265.28
129.5,4169.69
129.75,4050.22
130,4007.97
130.25,3881.52
130.5,3887.64
130.75,3804.19
131,3732.52
131.25,3620.77
131.5,3615.89
131.75,3592.85
132,3446.73
132.25,3406.66
132.5,3359.76
132.75,3296.59
133,3205.43
133.25,3186.46
133.5,3158.92
133.75,3138.73
134,3079.29
134.25,3025.86
134.5,2977.95
134.75,2915.06
135,2881.83
135.25,2769.6
135.5,2770.08
135.75,2705.81
136,2624.62
136.25,2547.3
136.5,2458.24
136.75,2433.11
137,2365.67
137.25,2339.26
137.5,2308
137.75,2293.54
138,2227.16
138.25,2205.25
138.5,2187.08
138.75,2186.68
139,2117.54
139.25,2076.98
139.5,2051.92
139.75,1984.42
140,1943.23
140.25,1892.38
140.5,1863.33
140.75,1821
141,1800.51
141.25,1759.48
141.5,1776.98
141.75,1747.07
142,1711.08
142.25,1648.39
142.5,1633.86
142.75,1586.28
143,1540.98
143.25,1513.9
143.5,1479.82
143.75,1474.21
144,1420.87
144.25,1396.09
144.5,1372.61
144.75,1342.36
145,1347.42
145.25,1376.92
145.5,1340.59
145.75,1349.45
146,1254.83
146.25,1212.62
146.5,1201.96
146.75,1214.36
147,1177.48
147.25,1139.48
147.5,1132.03
147.75,1084.82
148,1090.76
148.25,1068.96
148.5,1030.59
148.75,1009.94
149,1001.37
149.25,977.493
149.5,972.892
149.75,991.554
150,968.239
150.25,933.571
150.5,875.432
150.75,867.377
151,866.935
151.25,827.608
151.5,829.406
151.75,801.142
152,804.171
152.25,800.858
152.5,775.66
152.75,786.304
153,765.253
153.25,745.452
153.5,737.845
153.75,708.729
154,700.695
154.25,685.957
154.5,675.298
154.75,649.891
155,628.976
155.25,597.089
155.5,604.302
155.75,595.39
156,581.881
156.25,572.69
156.5,587.449
156.75,577.4
157,550.547
157.25,548.06
157.5,523.788
157.75,516.327
158,503.968
158.25,514.559
158.5,493.156
158.75,492.86
159,472.843
159.25,444.749
159.5,418.504
159.75,410.656
160,426.343
160.25,431.424
160.5,423.741
160.75,408.31
161,390.412
161.25,393.849
161.5,376.76
161.75,364.146
162,369.339
162.25,366.303
162.5,355.31
162.75,359.024
163,337.466
163.25,326.113
163.5,327.085
163.75,318.65
164,298.953
164.25,290.418
164.5,296.289
164.75,301.552
165,284.76
165.25,283.279
165.5,286.726
165.75,292.853
166,279.974
166.25,282.451
166.5,269.642
166.75,253.616
167,266.988
167.25,249.253
167.5,254.572
167.75,254.81
168,253.001
168.25,233.797
168.5,234.55
168.75,240.002
169,238.015
169.25,229.743
169.5,226.265
169.75,208.345
170,230.595
170.25,211.302
170.5,203.499
170.75,201.878
171,195.735
171.25,190.063
171.5,198.501
171.75,203.886
172,199.1
172.25,180.687
172.5,164.154
172.75,164.15
173,160.008
173.25,157.963
173.5,167.67
173.75,147.577
174,144.807
174.25,144.535
174.5,149.341
174.75,149.645
175,150.792
175.25,140.165
175.5,133.154
175.75,133.963
176,134.769
176.25,155.646
176.5,138.804
176.75,129.449
177,117.352
177.25,119.487
177.5,122.662
177.75,118.347
178,114.98
178.25,113.464
178.5,107.472
178.75,103.604
179,110.453
179.25,115.295
179.5,113.107
179.75,117.331
180,101.327
180.25,96.3732
180.5,96.2136
180.75,87.8479
181,85.1485
181.25,87.3589
181.5,90.445
181.75,89.6844
182,86.1413
182.25,82.8248
182.5,85.7513
182.75,84.1464
183,88.1245
183.25,94.4201
183.5,92.8664
183.75,93.8763
184,94.1141
184.25,89.3804
184.5,96.4432
184.75,91.1021
185,86.1307
185.25,74.5115
185.5,73.0974
185.75,71.2681
186,74.5462
186.25,71.2043
186.5,65.1958
186.75,61.7464
187,59.4877
187.25,60.3502
187.5,54.2169
187.75,52.0373
188,50.3926
188.25,49.8488
188.5,54.368
188.75,47.4669
189,47.559
189.25,49.119
189.5,52.3455
189.75,53.194
190,52.4374
190.25,51.1318
190.5,49.8106
190.75,46.2675
191,44.4799
191.25,42.3965
191.5,36.7889
191.75,41.6619
192,46.6083
192.25,44.864
192.5,39.2003
192.75,41.6984
193,47.2449
193.25,36.2178
193.5,31.1902
193.75,34.3854
194,32.3603
194.25,32.9247
194.5,33.1974
194.75,32.7291
195,29.1311
195.25,29.2806
195.5,30.7804
195.75,27.9637
196,28.7639
196.25,28.1329
196.5,25.4514
196.75,26.4306
197,26.1001
197.25,24.7211
197.5,20.6086
197.75,22.1662
198,22.5593
198.25,20.6971
198.5,18.4206
198.75,17.7574
199,17.0944
199.25,18.2432
199.5,18.2526
199.75,21.6937
200,17.2508
200.25,15.0325
200.5,14.6611
200.75,12.9486
201,18.6991
201.25,17.3731
201.5,33.2882
201.75,34.2577
202,21.2972
202.25,20.5989
202.5,30.8808
202.75,29.9941
203,20.0962
203.25,18.4763
203.5,17.9634
203.75,20.3864
204,16.3265
204.25,15.6959
204.5,11.8671
204.75,11.0266
205,10.6012
205.25,13.2667
205.5,10.9112
205.75,8.9414
206,8.67099
206.25,8.03062
206.5,8.33457
206.75,7.38546
207,8.84397
207.25,11.4527
207.5,10.5325
207.75,13.5733
208,16.0421
208.25,15.6731
208.5,14.5885
208.75,12.0111
209,12.8373
209.25,11.8781
209.5,9.90115
209.75,9.31514
210,7.41989
210.25,7.00199
210.5,6.81643
210.75,9.16295
211,9.18465
211.25,11.0445
211.5,9.73048
211.75,9.53365
212,11.8375
212.25,12.5131
212.5,12.3874
212.75,11.451
213,9.73717
213.25,10.6743
213.5,9.19175
213.75,6.63525
214,7.31951
214.25,6.79173
214.5,8.46881
214.75,6.43431
215,6.56313
215.25,6.5819
215.5,5.56927
215.75,5.30114
216,5.04347
216.25,4.37577
216.5,4.46275
216.75,5.54092
217,5.48326
217.25,5.5629
217.5,5.83154
217.75,5.07336
218,4.64283
218.25,4.85467
218.5,5.59789
218.75,5.48304
219,6.20956
219.25,6.40482
219.5,6.10822
219.75,5.74443
220,4.30613
220.25,3.38531
220.5,3.30993
220.75,3.03401
221,2.70226
221.25,2.76118
221.5,3.05603
221.75,2.81268
222,2.86203
222.25,2.72238
222.5,2.66119
222.75,2.71767
223,2.74059
223.25,2.63618
223.5,2.39181
223.75,1.58624
224,1.69524
224.25,1.69494
224.5,1.72514
224.75,1.59577
225,2.17049
225.25,2.5231
225.5,2.59922
225.75,1.78155
226,1.38547
226.25,1.38585
226.5,1.45391
226.75,1.44683
227,2.62003
227.25,2.62354
227.5,2.62333
227.75,3.07485
228,2.9938
228.25,2.35482
228.5,2.64541
228.75,1.4824
229,1.47556
229.25,1.21832
229.5,1.16195
229.75,1.16194
230,1.06868
230.25,1.09838
230.5,0.940296
230.75,1.11872
231,1.22491
231.25,1.18852
231.5,1.89594
231.75,1.89594
232,1.58827
232.25,1.54948
232.5,1.90443
232.75,1.90443
233,0.689539
233.25,0.672533
233.5,0.666691
233.75,0.529228
234,0.527993
234.25,0.527993
234.5,1.06854
234.75,1.06835
235,1.33863
235.25,1.34492
235.5,1.33863
235.75,1.40382
236,1.43311
236.25,1.42649
236.5,1.42649
236.75,1.42649
237,1.42653
237.25,1.33867
237.5,1.33863
237.75,1.33863
238,1.3062
238.25,1.31613
238.5,1.31613
238.75,1.91953
239,1.08263
239.25,1.34826
239.5,1.34826
239.75,1.18682
240,1.23891
240.25,0.71715
240.5,0.56087
240.75,0.56087
241,0.56087
241.25,0.56087
241.5,0.351928
241.75,0.351928
242,0.351928
242.25,0.351928
242.5,0.351928
242.75,0.351928
243,0.32857
243.25,0.350215
243.5,0.350215
243.75,0.350215
244,0.0273523
244.25,0.0273523
244.5,0.0273523
244.75,0.0273523
245,0.0273523
245.25,0.0273523
245.5,0.0273523
245.75,0.0273523
246,0.0273523
246.25,0.0273523
246.5,0.0273523
246.75,0.0273523
247,0.0273523
247.25,0.0273523
247.5,0.0273523
247.75,0.0273523
248,0.0273523
248.25,0.0273523
248.5,0.0273523
248.75,0.0273523
249,0.0216453
249.25,0.0216453
249.5,0.0216453
249.75,0.0216453
250,0.0216453
250.25,0.0216453
250.5,0.0216453
250.75,0.0216453
251,0.085985
251.25,0.085985
251.5,0.085985
251.75,0.085985
252,0.085985
252.25,0.0643398
252.5,0.0643398
252.75,0.0643398
253,0
253.25,0
253.5,0
253.75,0
254,0
254.25,0
254.5,0
254.75,0
255,0
255.25,0
255.5,0
255.75,0
256,0
256.25,0
256.5,0
256.75,0
257,0
257.25,0
257.5,0
257.75,0
258,0
258.25,0
258.5,0
258.75,0
259,0
259.25,0
259.5,0
259.75,0
260,0
260.25,0
260.5,0
260.75,0
261,0
261.25,0
261.5,0
261.75,0
262,0
262.25,0
262.5,0
262.75,0
263,0
263.25,0
263.5,0
263.75,0
264,0
264.25,0
264.5,0
264.75,0
265,0
265.25,0
265.5,0
265.75,0
266,0
266.25,0
266.5,0
266.75,0
267,0
267.25,0
267.5,0
267.75,0
268,0
268.25,0
268.5,0
268.75,0
269,0
269.25,0
269.5,0
269.75,0
270,0
270.25,0
270.5,0
270.75,0
271,0
271.25,0
271.5,0
271.75,0
272,0
272.25,0
272.5,0
272.75,0
273,0
273.25,0
273.5,0
273.75,0
274,0
274.25,0
274.5,0
274.75,0
275,0
275.25,0
275.5,0
275.75,0
276,0
276.25,0
276.5,0
276.75,0
277,0
277.25,0
277.5,0
277.75,0
278,0
278.25,0
278.5,0
278.75,0
279,0
279.25,0
279.5,0
279.75,0
280,0
280.25,0
280.5,0
280.75,0
281,0
281.25,0
281.5,0
281.75,0
282,0
282.25,0
282.5,0
282.75,0
283,0
283.25,0
283.5,0
283.75,0
284,0
284.25,0
284.5,0
284.75,0
285,0
285.25,0
285.5,0
285.75,0
286,0
286.25,0
286.5,0
286.75,0
287,0
287.25,0
287.5,0
287.75,0
288,0
288.25,0
288.5,0
288.75,0
289,0
289.25,0
289.5,0
289.75,0
290,0
290.25,0
290.5,0
290.75,0
291,0
291.25,0
291.5,0
291.75,0
292,0
292.25,0
292.5,0
292.75,0
293,0
293.25,0
293.5,0
293.75,0
294,0
294.25,0
294.5,0
294.75,0
295,0
295.25,0
295.5,0
295.75,0
296,0
296.25,0
296.5,0
296.75,0
297,0
297.25,0
297.5,0
297.75,0
298,0
298.25,0
298.5,0
298.75,0
299,0
299.25,0
299.5,0
299.75,0
300,0
300.25,0
300.5,0
300.75,0
301,0
301.25,0
301.5,0
301.75,0
302,0
302.25,0
302.5,0
302.75,0
303,0
303.25,0
303.5,0
303.75,0
304,0
304.25,0
304.5,0
304.75,0
305,0
305.25,0
305.5,0
305.75,0
306,0
306.25,0
306.5,0
306.75,0
307,0
307.25,0
307.5,0
307.75,0
308,0
308.25,0
308.5,0
308.75,0
309,0
309.25,0
309.5,0
309.75,0
310,0
310.25,0
310.5,0
310.75,0
311,0
311.25,0
311.5,0
311.75,0
312,0
312.25,0
312.5,0
312.75,0
313,0
313.25,0
313.5,0
313.75,0
314,0
314.25,0
314.5,0
314.75,0
315,0
315.25,0
315.5,0
315.75,0
316,0
316.25,0
316.5,0
316.75,0
317,0
317.25,0
317.5,0
317.75,0
318,0
318.25,0
318.5,0
318.75,0
319,0
319.25,0
319.5,0
319.75,0
320,0
320.25,0
320.5,0
320.75,0
321,0
321.25,0
321.5,0
321.75,0
322,0
322.25,0
322.5,0
322.75,0
323,0
323.25,0
323.5,0
323.75,0
324,0
324.25,0
324.5,0
324.75,0
325,0
325.25,0
325.5,0
325.75,0
326,0
326.25,0
326.5,0
326.75,0
327,0
327.25,0
327.5,0
327.75,0
328,0
328.25,0
328.5,0
328.75,0
329,0
329.25,0
329.5,0
329.75,0
330,0
330.25,0
330.5,0
330.75,0
331,0
331.25,0
331.5,0
331.75,0
332,0
332.25,0
332.5,0
332.75,0
333,0
333.25,0
333.5,0
333.75,0
334,0
334.25,0
334.5,0
334.75,0
335,0
335.25,0
335.5,0
335.75,0
336,0
336.25,0
336.5,0
336.75,0
337,0
337.25,0
337.5,0
337.75,0
338,0
338.25,0
338.5,0
338.75,0
339,0
339.25,0
339.5,0
339.75,0
340,0
340.25,0
340.5,0
340.75,0
341,0
341.25,0
341.5,0
341.75,0
342,0
342.25,0
342.5,0
342.75,0
343,0
343.25,0
343.5,0
343.75,0
344,0
344.25,0
344.5,0
344.75,0
345,0
345.25,0
345.5,0
345.75,0
346,0
346.25,0
346.5,0
346.75,0
347,0
347.25,0
347.5,0
347.75,0
348,0
348.25,0
348.5,0
348.75,0
349,0
349.25,0
349.5,0
349.75,0
350,0
350.25,0
350.5,0
350.75,0
351,0
351.25,0
351.5,0
351.75,0
352,0
352.25,0
352.5,0
352.75,0
353,0
353.25,0
353.5,0
353.75,0
354,0
354.25,0
354.5,0
354.75,0
355,0
355.25,0
355.5,0
355.75,0
356,0
356.25,0
356.5,0
356.75,0
357,0
357.25,0
357.5,0
357.75,0
358,0
358.25,0
358.5,0
358.75,0
359,0
359.25,0
359.5,0
359.75,0
360,0
360.25,0
360.5,0
360.75,0
361,0
361.25,0
361.5,0
361.75,0
362,0
362.25,0
362.5,0
362.75,0
363,0
363.25,0
363.5,0
363.75,0
364,0
364.25,0
364.5,0
364.75,0
365,0
365.25,0
365.5,0
365.75,0
366,0
366.25,0
366.5,0
366.75,0
367,0
367.25,0
367.5,0
367.75,0
368,0
368.25,0
368.5,0
368.75,0
369,0
369.25,0
369.5,0
369.75,0
370,0
370.25,0
370.5,0
370.75,0
371,0
371.25,0
371.5,0
371.75,0
372,0
372.25,0
372.5,0
372.75,0
373,0
373.25,0
373.5,0
373.75,0
374,0
374.25,0
374.5,0
374.75,0
375,0
375.25,0
375.5,0
375.75,0
376,0
376.25,0
376.5,0
376.75,0
377,0
377.25,0
377.5,0
377.75,0
378,0
378.25,0
378.5,0
378.75,0
379,0
379.25,0
379.5,0
379.75,0
380,0
380.25,0
380.5,0
380.75,0
381,0
381.25,0
381.5,0
381.75,0
382,0
382.25,0
382.5,0
382.75,0
383,0
383.25,0
383.5,0
383.75,0
384,0
384.25,0
384.5,0
384.75,0
385,0
385.25,0
385.5,0
385.75,0
386,0
386.25,0
386.5,0
386.75,0
387,0
387.25,0
387.5,0
387.75,0
388,0
388.25,0
388.5,0
388.75,0
389,0
389.25,0
389.5,0
389.75,0
390,0
390.25,0
390.5,0
390.75,0
391,0
391.25,0
391.5,0
391.75,0
392,0
392.25,0
392.5,0
392.75,0
393,0
393.25,0
393.5,0
393.75,0
394,0
394.25,0
394.5,0
394.75,0
395,0
395.25,0
395.5,0
395.75,0
396,0
396.25,0
396.5,0
396.75,0
397,0
397.25,0
397.5,0
397.75,0
398,0
398.25,0
398.5,0
398.75,0
399,0
399.25,0
399.5,0
399.75,0
400,0
400.25,0
400.5,0
400.75,0
401,0
401.25,0
401.5,0
401.75,0
402,0
402.25,0
402.5,0
402.75,0
403,0
403.25,0
403.5,0
403.75,0
404,0
404.25,0
404.5,0
404.75,0
405,0
405.25,0
405.5,0
405.75,0
406,0
406.25,0
406.5,0
406.75,0
407,0
407.25,0
407.5,0
407.75,0
408,0
408.25,0
408.5,0
408.75,0
409,0
409.25,0
409.5,0
409.75,0
410,0
410.25,0
410.5,0
410.75,0
411,0
411.25,0
411.5,0
411.75,0
412,0
412.25,0
412.5,0
412.75,0
413,0
413.25,0
413.5,0
413.75,0
414,0
414.25,0
414.5,0
414.75,0
415,0
415.25,0
415.5,0
415.75,0
416,0
416.25,0
416.5,0
416.75,0
417,0
417.25,0
417.5,0
417.75,0
418,0
418.25,0
418.5,0
418.75,0
419,0
419.25,0
419.5,0
419.75,0
420,0
420.25,0
420.5,0
420.75,0
421,0
421.25,0
421.5,0
421.75,0
422,0
422.25,0
422.5,0
422.75,0
423,0
423.25,0
423.5,0
423.75,0
424,0
424.25,0
424.5,0
424.75,0
425,0
425.25,0
425.5,0
425.75,0
426,0
426.25,0
426.5,0
426.75,0
427,0
427.25,0
427.5,0
427.75,0
428,0
428.25,0
428.5,0
428.75,0
429,0
429.25,0
429.5,0
429.75,0
430,0
430.25,0
430.5,0
430.75,0
431,0
431.25,0
431.5,0
431.75,0
432,0
432.25,0
432.5,0
432.75,0
433,0
433.25,0
433.5,0
433.75,0
434,0
434.25,0
434.5,0
434.75,0
435,0
435.25,0
435.5,0
435.75,0
436,0
436.25,0
436.5,0
436.75,0
437,0
437.25,0
437.5,0
437.75,0
438,0
438.25,0
438.5,0
438.75,0
439,0
439.25,0
439.5,0
439.75,0
440,0
440.25,0
440.5,0
440.75,0
441,0
441.25,0
441.5,0
441.75,0
442,0
442.25,0
442.5,0
442.75,0
443,0
443.25,0
443.5,0
443.75,0
444,0
444.25,0
444.5,0
444.75,0
445,0
445.25,0
445.5,0
445.75,0
446,0
446.25,0
446.5,0
446.75,0
447,0
447.25,0
447.5,0
447.75,0
448,0
448.25,0
448.5,0
448.75,0
449,0
449.25,0
449.5,0
449.75,0
450,0
450.25,0
450.5,0
450.75,0
451,0
451.25,0
451.5,0
451.75,0
452,0
452.25,0
452.5,0
452.75,0
453,0
453.25,0
453.5,0
453.75,0
454,0
454.25,0
454.5,0
454.75,0
455,0
455.25,0
455.5,0
455.75,0
456,0
456.25,0
456.5,0
456.75,0
457,0
457.25,0
457.5,0
457.75,0
458,0
458.25,0
458.5,0
458.75,0
459,0
459.25,0
459.5,0
459.75,0
460,0
460.25,0
460.5,0
460.75,0
461,0
461.25,0
461.5,0
461.75,0
462,0
462.25,0
462.5,0
462.75,0
463,0
463.25,0
463.5,0
463.75,0
464,0
464.25,0
464.5,0
464.75,0
465,0
465.25,0
465.5,0
465.75,0
466,0
466.25,0
466.5,0
466.75,0
467,0
467.25,0
467.5,0
467.75,0
468,0
468.25,0
468.5,0
468.75,0
469,0
469.25,0
469.5,0
469.75,0
470,0
470.25,0
470.5,0
470.75,0
471,0
471.25,0
471.5,0
471.75,0
472,0
472.25,0
472.5,0
472.75,0
473,0
473.25,0
473.5,0
473.75,0
474,0
474.25,0
474.5,0
474.75,0
475,0
475.25,0
475.5,0
475.75,0
476,0
476.25,0
476.5,0
476.75,0
477,0
477.25,0
477.5,0
477.75,0
478,0
478.25,0
478.5,0
478.75,0
479,0
479.25,0
479.5,0
479.75,0
480,0
480.25,0
480.5,0
480.75,0
481,0
481.25,0
481.5,0
481.75,0
482,0
482.25,0
482.5,0
482.75,0
483,0
483.25,0
483.5,0
483.75,0
484,0
484.25,0
484.5,0
484.75,0
485,0
485.25,0
485.5,0
485.75,0
486,0
486.25,0
486.5,0
486.75,0
487,0
487.25,0
487.5,0
487.75,0
488,0
488.25,0
488.5,0
488.75,0
489,0
489.25,0
489.5,0
489.75,0
490,0
490.25,0
490.5,0
490.75,0
491,0
491.25,0
491.5,0
491.75,0
492,0
492.25,0
492.5,0
492.75,0
493,0
493.25,0
493.5,0
493.75,0
494,0
494.25,0
494.5,0
494.75,0
495,0
495.25,0
495.5,0
495.75,0
496,0
496.25,0
496.5,0
496.75,0
497,0
497.25,0
497.5,0
497.75,0
498,0
498.25,0
498.5,0
498.75,0
499,0
499.25,0
499.5,0
499.75,0
500,0
500.25,0
500.5,0
500.75,0
501,0
501.25,0
501.5,0
501.75,0
502,0
502.25,0
502.5,0
502.75,0
503,0
503.25,0
503.5,0
503.75,0
504,0
504.25,0
504.5,0
504.75,0
505,0
505.25,0
505.5,0
505.75,0
506,0
506.25,0
506.5,0
506.75,0
507,0
507.25,0
507.5,0
507.75,0
508,0
508.25,0
508.5,0
508.75,0
509,0
509.25,0
509.5,0
509.75,0
510,0
510.25,0
510.5,0
510.75,0
511,0
511.25,0
511.5,0
511.75,0
512,0
512.25,0
512.5,0
512.75,0
513,0
513.25,0
513.5,0
513.75,0
514,0
514.25,0
514.5,0
514.75,0
515,0
515.25,0
515.5,0
515.75,0
516,0
516.25,0
516.5,0
516.75,0
517,0
517.25,0
517.5,0
517.75,0
518,0
518.25,0
518.5,0
518.75,0
519,0
519.25,0
519.5,0
519.75,0
520,0
520.25,0
520.5,0
520.75,0
521,0
521.25,0
521.5,0
521.75,0
522,0
522.25,0
522.5,0
522.75,0
523,0
523.25,0
523.5,0
523.75,0
524,0
524.25,0
524.5,0
524.75,0
525,0
525.25,0
525.5,0
525.75,0
526,0
526.25,0
526.5,0
526.75,0
527,0
527.25,0
527.5,0
527.75,0
528,0
528.25,0
528.5,0
528.75,0
529,0
529.25,0
529.5,0
529.75,0
530,0
530.25,0
530.5,0
530.75,0
531,0
531.25,0
531.5,0
531.75,0
532,0
532.25,0
532.5,0
532.75,0
533,0
533.25,0
533.5,0
533.75,0
534,0
534.25,0
534.5,0
534.75,0
535,0
535.25,0
535.5,0
535.75,0
536,0
536.25,0
536.5,0
536.75,0
537,0
537.25,0
537.5,0
537.75,0
538,0
538.25,0
538.5,0
538.75,0
539,0
539.25,0
539.5,0
539.75,0
540,0
540.25,0
540.5,0
540.75,0
541,0
541.25,0
541.5,0
541.75,0
542,0
542.25,0
542.5,0
542.75,0
543,0
543.25,0
543.5,0
543.75,0
544,0
544.25,0
544.5,0
544.75,0
545,0
545.25,0
545.5,0
545.75,0
546,0
546.25,0
546.5,0
546.75,0
547,0
547.25,0
547.5,0
547.75,0
548,0
548.25,0
548.5,0
548.75,0
549,0
549.25,0
549.5,0
549.75,0
550,0
550.25,0
550.5,0
550.75,0
551,0
551.25,0
551.5,0
551.75,0
552,0
552.25,0
552.5,0
552.75,0
553,0
553.25,0
553.5,0
553.75,0
554,0
554.25,0
554.5,0
554.75,0
555,0
555.25,0
555.5,0
555.75,0
556,0
556.25,0
556.5,0
556.75,0
557,0
557.25,0
557.5,0
557.75,0
558,0
558.25,0
558.5,0
558.75,0
559,0
559.25,0
559.5,0
559.75,0
560,0
560.25,0
560.5,0
560.75,0
561,0
561.25,0
561.5,0
561.75,0
562,0
562.25,0
562.5,0
562.75,0
563,0
563.25,0
563.5,0
563.75,0
564,0
564.25,0
564.5,0
564.75,0
565,0
565.25,0
565.5,0
565.75,0
566,0
566.25,0
566.5,0
566.75,0
567,0
567.25,0
567.5,0
567.75,0
568,0
568.25,0
568.5,0
568.75,0
569,0
569.25,0
569.5,0
569.75,0
570,0
570.25,0
570.5,0
570.75,0
571,0
571.25,0
571.5,0
571.75,0
572,0
572.25,0
572.5,0
572.75,0
573,0
573.25,0
573.5,0
573.75,0
574,0
574.25,0
574.5,0
574.75,0
575,0
575.25,0
575.5,0
575.75,0
576,0
576.25,0
576.5,0
576.75,0
577,0
577.25,0
577.5,0
577.75,0
578,0
578.25,0
578.5,0
578.75,0
579,0
579.25,0
579.5,0
579.75,0
580,0
580.25,0
580.5,0
580.75,0
581,0
581.25,0
581.5,0
581.75,0
582,0
582.25,0
582.5,0
582.75,0
583,0
583.25,0
583.5,0
583.75,0
584,0
584.25,0
584.5,0
584.75,0
585,0
585.25,0
585.5,0
585.75,0
586,0
586.25,0
586.5,0
586.75,0
587,0
587.25,0
587.5,0
587.75,0
588,0
588.25,0
588.5,0
588.75,0
589,0
589.25,0
589.5,0
589.75,0
590,0
590.25,0
590.5,0
590.75,0
591,0
591.25,0
591.5,0
591.75,0
592,0
592.25,0
592.5,0
592.75,0
593,0
593.25,0
593.5,0
593.75,0
594,0
594.25,0
594.5,0
594.75,0
595,0
595.25,0
595.5,0
595.75,0
596,0
596.25,0
596.5,0
596.75,0
597,0
597.25,0
597.5,0
597.75,0
598,0
598.25,0
598.5,0
598.75,0
599,0
599.25,0
599.5,0
599.75,0
