Time,susceptible_lambda_H
0,0
0.25,0
0.5,0.219882
0.75,1.29242
1,2.04958
1.25,4.40568
1.5,5.99516
1.75,7.15018
2,10.5613
2.25,9.25421
2.5,8.99707
2.75,7.71716
3,7.70406
3.25,7.42121
3.5,7.54352
3.75,6.74346
4,4.64234
4.25,5.81881
4.5,5.89432
4.75,5.50832
5,8.14524
5.25,8.59392
5.5,7.18872
5.75,7.50902
6,8.86617
6.25,10.7261
6.5,10.6552
6.75,6.19368
7,5.61241
7.25,6.94452
7.5,6.17207
7.75,4.24157
8,7.93556
8.25,6.5744
8.5,4.98629
8.75,4.34283
9,4.10843
9.25,5.37288
9.5,6.58717
9.75,6.30393
10,6.40909
10.25,6.54231
10.5,3.02584
10.75,5.97742
11,8.77481
11.25,8.67391
11.5,9.77302
11.75,10.7007
12,8.10741
12.25,4.95618
12.5,5.31403
12.75,3.91084
13,4.16129
13.25,6.19166
13.5,6.88212
13.75,7.47418
14,6.0658
14.25,8.02906
14.5,6.38404
14.75,4.38097
15,4.03063
15.25,8.31842
15.5,7.14127
15.75,7.03769
16,3.75395
16.25,3.46411
16.5,7.31463
16.75,7.30308
17,7.44861
17.25,8.38273
17.5,5.97088
17.75,6.77707
18,6.64958
18.25,5.71914
18.5,8.43886
18.75,11.8649
19,10.9762
19.25,14.2941
19.5,12.7578
19.75,14.2539
20,16.9193
20.25,15.097
20.5,11.827
20.75,12.5446
21,13.0896
21.25,10.7597
21.5,11.6182
21.75,9.94848
22,8.74975
22.25,18.8577
22.5,12.6779
22.75,7.39388
23,9.53928
23.25,8.99813
23.5,7.129
23.75,5.3115
24,5.96493
24.25,8.5997
24.5,7.66495
24.75,8.17685
25,7.93476
25.25,21.6609
25.5,14.2863
25.75,11.0861
26,10.4284
26.25,10.7289
26.5,13.6729
26.75,12.7401
27,17.8146
27.25,15.2923
27.5,19.1044
27.75,15.3078
28,15.6394
28.25,15.4217
28.5,18.8555
28.75,12.5716
29,21.8984
29.25,12.8717
29.5,17.5566
29.75,13.9073
30,13.9963
30.25,17.0075
30.5,11.8033
30.75,13.6287
31,10.8696
31.25,10.5185
31.5,14.6482
31.75,13.0915
32,13.4621
32.25,12.2332
32.5,17.5025
32.75,17.9954
33,24.1039
33.25,24.5221
33.5,21.2689
33.75,19.9538
34,19.7694
34.25,15.562
34.5,26.374
34.75,24.4211
35,31.0495
35.25,35.8249
35.5,32.1731
35.75,32.3912
36,32.9806
36.25,32.7921
36.5,23.8294
36.75,22.7492
37,25.3783
37.25,27.869
37.5,32.816
37.75,25.7395
38,27.4477
38.25,27.326
38.5,23.5152
38.75,25.4541
39,24.8137
39.25,21.6607
39.5,20.3838
39.75,23.4821
40,17.9826
40.25,19.734
40.5,19.7908
40.75,16.5256
41,18.7018
41.25,18.262
41.5,32.1011
41.75,31.0538
42,29.5337
42.25,27.2897
42.5,27.7991
42.75,26.3781
43,28.1268
43.25,31.5776
43.5,40.1332
43.75,33.0848
44,25.6701
44.25,23.7511
44.5,25.4164
44.75,44.9847
45,41.2901
45.25,34.1018
45.5,28.3703
45.75,24.9056
46,18.795
46.25,24.8612
46.5,21.3643
46.75,18.3442
47,24.7065
47.25,26.2475
47.5,33.5987
47.75,36.8332
48,45.4636
48.25,37.4828
48.5,38.4448
48.75,37.8287
49,42.1855
49.25,51.2955
49.5,49.29
49.75,50.907
50,48.3815
50.25,41.0319
50.5,41.5885
50.75,37.7808
51,39.01
51.25,32.6576
51.5,38.4019
51.75,46.371
52,42.796
52.25,49.149
52.5,54.9466
52.75,50.9383
53,48.1101
53.25,58.9516
53.5,53.0779
53.75,48.5313
54,51.3682
54.25,47.8309
54.5,67.6951
54.75,60.7192
55,56.4517
55.25,57.8151
55.5,54.8031
55.75,58.9093
56,53.3024
56.25,58.1149
56.5,57.9146
56.75,54.8355
57,68.7458
57.25,59.3479
57.5,57.5484
57.75,56.5317
58,57.5439
58.25,62.9171
58.5,69.8999
58.75,67.7721
59,71.5595
59.25,87.4485
59.5,92.0257
59.75,112.41
60,85.0757
60.25,74.5755
60.5,81.0308
60.75,72.9115
61,63.9715
61.25,58.1774
61.5,71.0822
61.75,79.8269
62,72.7478
62.25,72.3163
62.5,85.6659
62.75,95.8464
63,91.0265
63.25,89.8199
63.5,100.139
63.75,108.658
64,106.259
64.25,113.097
64.5,108.152
64.75,99.4333
65,112.66
65.25,114.397
65.5,117.192
65.75,119.763
66,113.879
66.25,96.6653
66.5,92.9206
66.75,101.233
67,119.686
67.25,125.746
67.5,128.946
67.75,112.395
68,122.022
68.25,123.973
68.5,129.529
68.75,137.274
69,141.437
69.25,123.84
69.5,134.111
69.75,131.17
70,127.7
70.25,235.888
70.5,248.756
70.75,210.103
71,225.663
71.25,219.037
71.5,222.36
71.75,223.383
72,221.972
72.25,194.805
72.5,226.879
72.75,176.899
73,186.719
73.25,196.709
73.5,179.502
73.75,164.731
74,165.362
74.25,145.362
74.5,132.809
74.75,155.747
75,160.458
75.25,151.187
75.5,197.684
75.75,155.945
76,119.373
76.25,145.781
76.5,132.541
76.75,126.869
77,114.534
77.25,94.7147
77.5,87.5676
77.75,130.205
78,94.4187
78.25,94.5611
78.5,76.6635
78.75,63.2318
79,67.0549
79.25,67.6442
79.5,54.667
79.75,54.6401
80,61.2523
80.25,65.1395
80.5,59.1733
80.75,46.6057
81,56.7112
81.25,72.9098
81.5,68.5481
81.75,73.8904
82,60.5179
82.25,50.0272
82.5,43.4509
82.75,60.9152
83,63.9044
83.25,52.4582
83.5,41.0486
83.75,37.4533
84,30.882
84.25,27.8
84.5,26.5737
84.75,62.0752
85,53.4352
85.25,33.936
85.5,31.6346
85.75,21.4541
86,27.6757
86.25,20.9814
86.5,19.4449
86.75,12.9389
87,16.3891
87.25,16.3535
87.5,25.5232
87.75,39.143
88,38.4745
88.25,27.3979
88.5,21.8506
88.75,28.1384
89,17.1644
89.25,18.9448
89.5,18.3578
89.75,18.9237
90,18.0934
90.25,14.4366
90.5,16.4549
90.75,11.672
91,11.7311
91.25,14.573
91.5,9.64081
91.75,13.7776
92,16.1454
92.25,12.9403
92.5,13.5258
92.75,13.214
93,15.063
93.25,14.162
93.5,17.2121
93.75,15.0419
94,13.1886
94.25,14.0281
94.5,11.6149
94.75,10.9755
95,7.10196
95.25,11.692
95.5,6.85907
95.75,6.61225
96,6.65943
96.25,8.18521
96.5,7.33161
96.75,10.4572
97,8.5674
97.25,7.56842
97.5,4.98787
97.75,4.67018
98,3.43873
98.25,3.51657
98.5,4.03961
98.75,4.69738
99,6.78519
99.25,6.76383
99.5,9.29745
99.75,8.29762
100,3.51665
100.25,3.37012
100.5,3.69216
100.75,3.7128
101,7.87026
101.25,7.99343
101.5,6.31611
101.75,16.0068
102,14.5373
102.25,7.99556
102.5,6.96937
102.75,6.73745
103,3.52551
103.25,2.89859
103.5,2.73551
103.75,4.46421
104,2.42939
104.25,2.42939
104.5,2.76937
104.75,3.20812
105,2.71051
105.25,2.19396
105.5,1.41447
105.75,0.889959
106,0.889959
106.25,2.16359
106.5,3.07447
106.75,1.20979
107,1.2157
107.25,1.43097
107.5,1.44023
107.75,3.31645
108,0.769782
108.25,5.38772
108.5,3.10973
108.75,2.87365
109,2.87365
109.25,2.87324
109.5,2.87324
109.75,2.87324
110,2.87324
110.25,2.87324
110.5,2.86311
110.75,0.58511
111,1.72473
111.25,2.41722
111.5,2.2406
111.75,2.17217
112,3.09239
112.25,3.09239
112.5,2.23324
112.75,2.23324
113,2.23132
113.25,2.23132
113.5,0.16083
113.75,0.16083
114,10.913
114.25,16.1717
114.5,4.07547
114.75,4.07551
115,0.0434495
115.25,0.0434495
115.5,0.0434496
115.75,0.0433971
116,0.0433971
116.25,0.0433971
116.5,0.0424293
116.75,0.685098
117,0.685098
117.25,0.0679586
117.5,0.0706991
117.75,0.0923321
118,0.0923321
118.25,0.0274332
118.5,0.055311
118.75,0.055311
119,0.0685648
119.25,0.0745042
119.5,0.151935
119.75,0.151935
120,0.151935
120.25,0.19065
120.5,0.19065
120.75,0.40186
121,0.39592
121.25,0.714265
121.5,0.873437
121.75,0.833676
122,0.622466
122.25,0.622466
122.5,3.92934
122.75,3.90465
123,5.63132
123.25,5.50877
123.5,0.548467
123.75,0.548467
124,0.548467
124.25,0.548467
124.5,0.548467
124.75,0.273148
125,0.273148
125.25,0.326977
125.5,0.326977
125.75,0.326977
126,0.326977
126.25,0.273148
126.5,0.273148
126.75,0.273148
127,0.163283
127.25,0.163283
127.5,0.163283
127.75,0.163283
128,0.163283
128.25,0.163283
128.5,0.163283
128.75,0.163283
129,0.163283
129.25,0.163283
129.5,0.940468
129.75,0.940468
130,0.940468
130.25,0.00411092
130.5,0.00411092
130.75,0.00411092
131,0.00411092
131.25,0.00411092
131.5,1.79423e-07
131.75,1.79423e-07
132,1.79423e-07
132.25,1.79423e-07
132.5,1.79423e-07
132.75,1.79423e-07
133,1.79423e-07
133.25,1.79423e-07
133.5,1.79423e-07
133.75,1.79423e-07
134,1.79423e-07
134.25,1.79423e-07
134.5,1.79423e-07
134.75,1.79423e-07
135,1.79423e-07
135.25,1.79423e-07
135.5,0.111351
135.75,0.111351
136,0.111351
136.25,0
136.5,0
136.75,0
137,0
137.25,0
137.5,0
137.75,0
138,0
138.25,0
138.5,0
138.75,0
139,0
139.25,0
139.5,0
139.75,0
140,0
140.25,0
140.5,0
140.75,0
141,0
141.25,0
141.5,0
141.75,0
142,0
142.25,0
142.5,0
142.75,0
143,0
143.25,0
143.5,0
143.75,0
144,0
144.25,0
144.5,0
144.75,0
145,0
145.25,0
145.5,0
145.75,0
146,0
146.25,0
146.5,0
146.75,0
147,0
147.25,0
147.5,0
147.75,0
148,0
148.25,0
148.5,0
148.75,0
149,0
149.25,0
149.5,0
149.75,0
150,0
150.25,0
150.5,0
150.75,0
151,0
151.25,0
151.5,0
151.75,0
152,0
152.25,0
152.5,0
152.75,0
153,0
153.25,0
153.5,0
153.75,0
154,0
154.25,0
154.5,0
154.75,0
155,0
155.25,0
155.5,0
155.75,0
156,0
156.25,0
156.5,0
156.75,0
157,0
157.25,0
157.5,0
157.75,0
158,0
158.25,0
158.5,0
158.75,0
159,0
159.25,0
159.5,0
159.75,0
160,0
160.25,0
160.5,0
160.75,0
161,0
161.25,0
161.5,0
161.75,0
162,0
162.25,0
162.5,0
162.75,0
163,0
163.25,0
163.5,0
163.75,0
164,0
164.25,0
164.5,0
164.75,0
165,0
165.25,0
165.5,0
165.75,0
166,0
166.25,0
166.5,0
166.75,0
167,0
167.25,0
167.5,0
167.75,0
168,0
168.25,0
168.5,0
168.75,0
169,0
169.25,0
169.5,0
169.75,0
170,0
170.25,0
170.5,0
170.75,0
171,0
171.25,0
171.5,0
171.75,0
172,0
172.25,0
172.5,0
172.75,0
173,0
173.25,0
173.5,0
173.75,0
174,0
174.25,0
174.5,0
174.75,0
175,0
175.25,0
175.5,0
175.75,0
176,0
176.25,0
176.5,0
176.75,0
177,0
177.25,0
177.5,0
177.75,0
178,0
178.25,0
178.5,0
178.75,0
179,0
179.25,0
179.5,0
179.75,0
180,0
180.25,0
180.5,0
180.75,0
181,0
181.25,0
181.5,0
181.75,0
182,0
182.25,0
182.5,0
182.75,0
183,0
183.25,0
183.5,0
183.75,0
184,0
184.25,0
184.5,0
184.75,0
185,0
185.25,0
185.5,0
185.75,0
186,0
186.25,0
186.5,0
186.75,0
187,0
187.25,0
187.5,0
187.75,0
188,0
188.25,0
188.5,0
188.75,0
189,0
189.25,0
189.5,0
189.75,0
190,0
190.25,0
190.5,0
190.75,0
191,0
191.25,0
191.5,0
191.75,0
192,0
192.25,0
192.5,0
192.75,0
193,0
193.25,0
193.5,0
193.75,0
194,0
194.25,0
194.5,0
194.75,0
195,0
195.25,0
195.5,0
195.75,0
196,0
196.25,0
196.5,0
196.75,0
197,0
197.25,0
197.5,0
197.75,0
198,0
198.25,0
198.5,0
198.75,0
199,0
199.25,0
199.5,0
199.75,0
200,0
200.25,0
200.5,0
200.75,0
201,0
201.25,0
201.5,0
201.75,0
202,0
202.25,0
202.5,0
202.75,0
203,0
203.25,0
203.5,0
203.75,0
204,0
204.25,0
204.5,0
204.75,0
205,0
205.25,0
205.5,0
205.75,0
206,0
206.25,0
206.5,0
206.75,0
207,0
207.25,0
207.5,0
207.75,0
208,0
208.25,0
208.5,0
208.75,0
209,0
209.25,0
209.5,0
209.75,0
210,0
210.25,0
210.5,0
210.75,0
211,0
211.25,0
211.5,0
211.75,0
212,0
212.25,0
212.5,0
212.75,0
213,0
213.25,0
213.5,0
213.75,0
214,0
214.25,0
214.5,0
214.75,0
215,0
215.25,0
215.5,0
215.75,0
216,0
216.25,0
216.5,0
216.75,0
217,0
217.25,0
217.5,0
217.75,0
218,0
218.25,0
218.5,0
218.75,0
219,0
219.25,0
219.5,0
219.75,0
220,0
220.25,0
220.5,0
220.75,0
221,0
221.25,0
221.5,0
221.75,0
222,0
222.25,0
222.5,0
222.75,0
223,0
223.25,0
223.5,0
223.75,0
224,0
224.25,0
224.5,0
224.75,0
225,0
225.25,0
225.5,0
225.75,0
226,0
226.25,0
226.5,0
226.75,0
227,0
227.25,0
227.5,0
227.75,0
228,0
228.25,0
228.5,0
228.75,0
229,0
229.25,0
229.5,0
229.75,0
230,0
230.25,0
230.5,0
230.75,0
231,0
231.25,0
231.5,0
231.75,0
232,0
232.25,0
232.5,0
232.75,0
233,0
233.25,0
233.5,0
233.75,0
234,0
234.25,0
234.5,0
234.75,0
235,0
235.25,0
235.5,0
235.75,0
236,0
236.25,0
236.5,0
236.75,0
237,0
237.25,0
237.5,0
237.75,0
238,0
238.25,0
238.5,0
238.75,0
239,0
239.25,0
239.5,0
239.75,0
240,0
240.25,0
240.5,0
240.75,0
241,0
241.25,0
241.5,0
241.75,0
242,0
242.25,0
242.5,0
242.75,0
243,0
243.25,0
243.5,0
243.75,0
244,0
244.25,0
244.5,0
244.75,0
245,0
245.25,0
245.5,0
245.75,0
246,0
246.25,0
246.5,0
246.75,0
247,0
247.25,0
247.5,0
247.75,0
248,0
248.25,0
248.5,0
248.75,0
249,0
249.25,0
249.5,0
249.75,0
250,0
250.25,0
250.5,0
250.75,0
251,0
251.25,0
251.5,0
251.75,0
252,0
252.25,0
252.5,0
252.75,0
253,0
253.25,0
253.5,0
253.75,0
254,0
254.25,0
254.5,0
254.75,0
255,0
255.25,0
255.5,0
255.75,0
256,0
256.25,0
256.5,0
256.75,0
257,0
257.25,0
257.5,0
257.75,0
258,0
258.25,0
258.5,0
258.75,0
259,0
259.25,0
259.5,0
259.75,0
260,0
260.25,0
260.5,0
260.75,0
261,0
261.25,0
261.5,0
261.75,0
262,0
262.25,0
262.5,0
262.75,0
263,0
263.25,0
263.5,0
263.75,0
264,0
264.25,0
264.5,0
264.75,0
265,0
265.25,0
265.5,0
265.75,0
266,0
266.25,0
266.5,0
266.75,0
267,0
267.25,0
267.5,0
267.75,0
268,0
268.25,0
268.5,0
268.75,0
269,0
269.25,0
269.5,0
269.75,0
270,0
270.25,0
270.5,0
270.75,0
271,0
271.25,0
271.5,0
271.75,0
272,0
272.25,0
272.5,0
272.75,0
273,0
273.25,0
273.5,0
273.75,0
274,0
274.25,0
274.5,0
274.75,0
275,0
275.25,0
275.5,0
275.75,0
276,0
276.25,0
276.5,0
276.75,0
277,0
277.25,0
277.5,0
277.75,0
278,0
278.25,0
278.5,0
278.75,0
279,0
279.25,0
279.5,0
279.75,0
280,0
280.25,0
280.5,0
280.75,0
281,0
281.25,0
281.5,0
281.75,0
282,0
282.25,0
282.5,0
282.75,0
283,0
283.25,0
283.5,0
283.75,0
284,0
284.25,0
284.5,0
284.75,0
285,0
285.25,0
285.5,0
285.75,0
286,0
286.25,0
286.5,0
286.75,0
287,0
287.25,0
287.5,0
287.75,0
288,0
288.25,0
288.5,0
288.75,0
289,0
289.25,0
289.5,0
289.75,0
290,0
290.25,0
290.5,0
290.75,0
291,0
291.25,0
291.5,0
291.75,0
292,0
292.25,0
292.5,0
292.75,0
293,0
293.25,0
293.5,0
293.75,0
294,0
294.25,0
294.5,0
294.75,0
295,0
295.25,0
295.5,0
295.75,0
296,0
296.25,0
296.5,0
296.75,0
297,0
297.25,0
297.5,0
297.75,0
298,0
298.25,0
298.5,0
298.75,0
299,0
299.25,0
299.5,0
299.75,0
300,0
300.25,0
300.5,0
300.75,0
301,0
301.25,0
301.5,0
301.75,0
302,0
302.25,0
302.5,0
302.75,0
303,0
303.25,0
303.5,0
303.75,0
304,0
304.25,0
304.5,0
304.75,0
305,0
305.25,0
305.5,0
305.75,0
306,0
306.25,0
306.5,0
306.75,0
307,0
307.25,0
307.5,0
307.75,0
308,0
308.25,0
308.5,0
308.75,0
309,0
309.25,0
309.5,0
309.75,0
310,0
310.25,0
310.5,0
310.75,0
311,0
311.25,0
311.5,0
311.75,0
312,0
312.25,0
312.5,0
312.75,0
313,0
313.25,0
313.5,0
313.75,0
314,0
314.25,0
314.5,0
314.75,0
315,0
315.25,0
315.5,0
315.75,0
316,0
316.25,0
316.5,0
316.75,0
317,0
317.25,0
317.5,0
317.75,0
318,0
318.25,0
318.5,0
318.75,0
319,0
319.25,0
319.5,0
319.75,0
320,0
320.25,0
320.5,0
320.75,0
321,0
321.25,0
321.5,0
321.75,0
322,0
322.25,0
322.5,0
322.75,0
323,0
323.25,0
323.5,0
323.75,0
324,0
324.25,0
324.5,0
324.75,0
325,0
325.25,0
325.5,0
325.75,0
326,0
326.25,0
326.5,0
326.75,0
327,0
327.25,0
327.5,0
327.75,0
328,0
328.25,0
328.5,0
328.75,0
329,0
329.25,0
329.5,0
329.75,0
330,0
330.25,0
330.5,0
330.75,0
331,0
331.25,0
331.5,0
331.75,0
332,0
332.25,0
332.5,0
332.75,0
333,0
333.25,0
333.5,0
333.75,0
334,0
334.25,0
334.5,0
334.75,0
335,0
335.25,0
335.5,0
335.75,0
336,0
336.25,0
336.5,0
336.75,0
337,0
337.25,0
337.5,0
337.75,0
338,0
338.25,0
338.5,0
338.75,0
339,0
339.25,0
339.5,0
339.75,0
340,0
340.25,0
340.5,0
340.75,0
341,0
341.25,0
341.5,0
341.75,0
342,0
342.25,0
342.5,0
342.75,0
343,0
343.25,0
343.5,0
343.75,0
344,0
344.25,0
344.5,0
344.75,0
345,0
345.25,0
345.5,0
345.75,0
346,0
346.25,0
346.5,0
346.75,0
347,0
347.25,0
347.5,0
347.75,0
348,0
348.25,0
348.5,0
348.75,0
349,0
349.25,0
349.5,0
349.75,0
350,0
350.25,0
350.5,0
350.75,0
351,0
351.25,0
351.5,0
351.75,0
352,0
352.25,0
352.5,0
352.75,0
353,0
353.25,0
353.5,0
353.75,0
354,0
354.25,0
354.5,0
354.75,0
355,0
355.25,0
355.5,0
355.75,0
356,0
356.25,0
356.5,0
356.75,0
357,0
357.25,0
357.5,0
357.75,0
358,0
358.25,0
358.5,0
358.75,0
359,0
359.25,0
359.5,0
359.75,0
360,0
360.25,0
360.5,0
360.75,0
361,0
361.25,0
361.5,0
361.75,0
362,0
362.25,0
362.5,0
362.75,0
363,0
363.25,0
363.5,0
363.75,0
364,0
364.25,0
364.5,0
364.75,0
365,0
365.25,0
365.5,0
365.75,0
366,0
366.25,0
366.5,0
366.75,0
367,0
367.25,0
367.5,0
367.75,0
368,0
368.25,0
368.5,0
368.75,0
369,0
369.25,0
369.5,0
369.75,0
370,0
370.25,0
370.5,0
370.75,0
371,0
371.25,0
371.5,0
371.75,0
372,0
372.25,0
372.5,0
372.75,0
373,0
373.25,0
373.5,0
373.75,0
374,0
374.25,0
374.5,0
374.75,0
375,0
375.25,0
375.5,0
375.75,0
376,0
376.25,0
376.5,0
376.75,0
377,0
377.25,0
377.5,0
377.75,0
378,0
378.25,0
378.5,0
378.75,0
379,0
379.25,0
379.5,0
379.75,0
380,0
380.25,0
380.5,0
380.75,0
381,0
381.25,0
381.5,0
381.75,0
382,0
382.25,0
382.5,0
382.75,0
383,0
383.25,0
383.5,0
383.75,0
384,0
384.25,0
384.5,0
384.75,0
385,0
385.25,0
385.5,0
385.75,0
386,0
386.25,0
386.5,0
386.75,0
387,0
387.25,0
387.5,0
387.75,0
388,0
388.25,0
388.5,0
388.75,0
389,0
389.25,0
389.5,0
389.75,0
390,0
390.25,0
390.5,0
390.75,0
391,0
391.25,0
391.5,0
391.75,0
392,0
392.25,0
392.5,0
392.75,0
393,0
393.25,0
393.5,0
393.75,0
394,0
394.25,0
394.5,0
394.75,0
395,0
395.25,0
395.5,0
395.75,0
396,0
396.25,0
396.5,0
396.75,0
397,0
397.25,0
397.5,0
397.75,0
398,0
398.25,0
398.5,0
398.75,0
399,0
399.25,0
399.5,0
399.75,0
400,0
400.25,0
400.5,0
400.75,0
401,0
401.25,0
401.5,0
401.75,0
402,0
402.25,0
402.5,0
402.75,0
403,0
403.25,0
403.5,0
403.75,0
404,0
404.25,0
404.5,0
404.75,0
405,0
405.25,0
405.5,0
405.75,0
406,0
406.25,0
406.5,0
406.75,0
407,0
407.25,0
407.5,0
407.75,0
408,0
408.25,0
408.5,0
408.75,0
409,0
409.25,0
409.5,0
409.75,0
410,0
410.25,0
410.5,0
410.75,0
411,0
411.25,0
411.5,0
411.75,0
412,0
412.25,0
412.5,0
412.75,0
413,0
413.25,0
413.5,0
413.75,0
414,0
414.25,0
414.5,0
414.75,0
415,0
415.25,0
415.5,0
415.75,0
416,0
416.25,0
416.5,0
416.75,0
417,0
417.25,0
417.5,0
417.75,0
418,0
418.25,0
418.5,0
418.75,0
419,0
419.25,0
419.5,0
419.75,0
420,0
420.25,0
420.5,0
420.75,0
421,0
421.25,0
421.5,0
421.75,0
422,0
422.25,0
422.5,0
422.75,0
423,0
423.25,0
423.5,0
423.75,0
424,0
424.25,0
424.5,0
424.75,0
425,0
425.25,0
425.5,0
425.75,0
426,0
426.25,0
426.5,0
426.75,0
427,0
427.25,0
427.5,0
427.75,0
428,0
428.25,0
428.5,0
428.75,0
429,0
429.25,0
429.5,0
429.75,0
430,0
430.25,0
430.5,0
430.75,0
431,0
431.25,0
431.5,0
431.75,0
432,0
432.25,0
432.5,0
432.75,0
433,0
433.25,0
433.5,0
433.75,0
434,0
434.25,0
434.5,0
434.75,0
435,0
435.25,0
435.5,0
435.75,0
436,0
436.25,0
436.5,0
436.75,0
437,0
437.25,0
437.5,0
437.75,0
438,0
438.25,0
438.5,0
438.75,0
439,0
439.25,0
439.5,0
439.75,0
440,0
440.25,0
440.5,0
440.75,0
441,0
441.25,0
441.5,0
441.75,0
442,0
442.25,0
442.5,0
442.75,0
443,0
443.25,0
443.5,0
443.75,0
444,0
444.25,0
444.5,0
444.75,0
445,0
445.25,0
445.5,0
445.75,0
446,0
446.25,0
446.5,0
446.75,0
447,0
447.25,0
447.5,0
447.75,0
448,0
448.25,0
448.5,0
448.75,0
449,0
449.25,0
449.5,0
449.75,0
450,0
450.25,0
450.5,0
450.75,0
451,0
451.25,0
451.5,0
451.75,0
452,0
452.25,0
452.5,0
452.75,0
453,0
453.25,0
453.5,0
453.75,0
454,0
454.25,0
454.5,0
454.75,0
455,0
455.25,0
455.5,0
455.75,0
456,0
456.25,0
456.5,0
456.75,0
457,0
457.25,0
457.5,0
457.75,0
458,0
458.25,0
458.5,0
458.75,0
459,0
459.25,0
459.5,0
459.75,0
460,0
460.25,0
460.5,0
460.75,0
461,0
461.25,0
461.5,0
461.75,0
462,0
462.25,0
462.5,0
462.75,0
463,0
463.25,0
463.5,0
463.75,0
464,0
464.25,0
464.5,0
464.75,0
465,0
465.25,0
465.5,0
465.75,0
466,0
466.25,0
466.5,0
466.75,0
467,0
467.25,0
467.5,0
467.75,0
468,0
468.25,0
468.5,0
468.75,0
469,0
469.25,0
469.5,0
469.75,0
470,0
470.25,0
470.5,0
470.75,0
471,0
471.25,0
471.5,0
471.75,0
472,0
472.25,0
472.5,0
472.75,0
473,0
473.25,0
473.5,0
473.75,0
474,0
474.25,0
474.5,0
474.75,0
475,0
475.25,0
475.5,0
475.75,0
476,0
476.25,0
476.5,0
476.75,0
477,0
477.25,0
477.5,0
477.75,0
478,0
478.25,0
478.5,0
478.75,0
479,0
479.25,0
479.5,0
479.75,0
480,0
480.25,0
480.5,0
480.75,0
481,0
481.25,0
481.5,0
481.75,0
482,0
482.25,0
482.5,0
482.75,0
483,0
483.25,0
483.5,0
483.75,0
484,0
484.25,0
484.5,0
484.75,0
485,0
485.25,0
485.5,0
485.75,0
486,0
486.25,0
486.5,0
486.75,0
487,0
487.25,0
487.5,0
487.75,0
488,0
488.25,0
488.5,0
488.75,0
489,0
489.25,0
489.5,0
489.75,0
490,0
490.25,0
490.5,0
490.75,0
491,0
491.25,0
491.5,0
491.75,0
492,0
492.25,0
492.5,0
492.75,0
493,0
493.25,0
493.5,0
493.75,0
494,0
494.25,0
494.5,0
494.75,0
495,0
495.25,0
495.5,0
495.75,0
496,0
496.25,0
496.5,0
496.75,0
497,0
497.25,0
497.5,0
497.75,0
498,0
498.25,0
498.5,0
498.75,0
499,0
499.25,0
499.5,0
499.75,0
500,0
500.25,0
500.5,0
500.75,0
501,0
501.25,0
501.5,0
501.75,0
502,0
502.25,0
502.5,0
502.75,0
503,0
503.25,0
503.5,0
503.75,0
504,0
504.25,0
504.5,0
504.75,0
505,0
505.25,0
505.5,0
505.75,0
506,0
506.25,0
506.5,0
506.75,0
507,0
507.25,0
507.5,0
507.75,0
508,0
508.25,0
508.5,0
508.75,0
509,0
509.25,0
509.5,0
509.75,0
510,0
510.25,0
510.5,0
510.75,0
511,0
511.25,0
511.5,0
511.75,0
512,0
512.25,0
512.5,0
512.75,0
513,0
513.25,0
513.5,0
513.75,0
514,0
514.25,0
514.5,0
514.75,0
515,0
515.25,0
515.5,0
515.75,0
516,0
516.25,0
516.5,0
516.75,0
517,0
517.25,0
517.5,0
517.75,0
518,0
518.25,0
518.5,0
518.75,0
519,0
519.25,0
519.5,0
519.75,0
520,0
520.25,0
520.5,0
520.75,0
521,0
521.25,0
521.5,0
521.75,0
522,0
522.25,0
522.5,0
522.75,0
523,0
523.25,0
523.5,0
523.75,0
524,0
524.25,0
524.5,0
524.75,0
525,0
525.25,0
525.5,0
525.75,0
526,0
526.25,0
526.5,0
526.75,0
527,0
527.25,0
527.5,0
527.75,0
528,0
528.25,0
528.5,0
528.75,0
529,0
529.25,0
529.5,0
529.75,0
530,0
530.25,0
530.5,0
530.75,0
531,0
531.25,0
531.5,0
531.75,0
532,0
532.25,0
532.5,0
532.75,0
533,0
533.25,0
533.5,0
533.75,0
534,0
534.25,0
534.5,0
534.75,0
535,0
535.25,0
535.5,0
535.75,0
536,0
536.25,0
536.5,0
536.75,0
537,0
537.25,0
537.5,0
537.75,0
538,0
538.25,0
538.5,0
538.75,0
539,0
539.25,0
539.5,0
539.75,0
540,0
540.25,0
540.5,0
540.75,0
541,0
541.25,0
541.5,0
541.75,0
542,0
542.25,0
542.5,0
542.75,0
543,0
543.25,0
543.5,0
543.75,0
544,0
544.25,0
544.5,0
544.75,0
545,0
545.25,0
545.5,0
545.75,0
546,0
546.25,0
546.5,0
546.75,0
547,0
547.25,0
547.5,0
547.75,0
548,0
548.25,0
548.5,0
548.75,0
549,0
549.25,0
549.5,0
549.75,0
550,0
550.25,0
550.5,0
550.75,0
551,0
551.25,0
551.5,0
551.75,0
552,0
552.25,0
552.5,0
552.75,0
553,0
553.25,0
553.5,0
553.75,0
554,0
554.25,0
554.5,0
554.75,0
555,0
555.25,0
555.5,0
555.75,0
556,0
556.25,0
556.5,0
556.75,0
557,0
557.25,0
557.5,0
557.75,0
558,0
558.25,0
558.5,0
558.75,0
559,0
559.25,0
559.5,0
559.75,0
560,0
560.25,0
560.5,0
560.75,0
561,0
561.25,0
561.5,0
561.75,0
562,0
562.25,0
562.5,0
562.75,0
563,0
563.25,0
563.5,0
563.75,0
564,0
564.25,0
564.5,0
564.75,0
565,0
565.25,0
565.5,0
565.75,0
566,0
566.25,0
566.5,0
566.75,0
567,0
567.25,0
567.5,0
567.75,0
568,0
568.25,0
568.5,0
568.75,0
569,0
569.25,0
569.5,0
569.75,0
570,0
570.25,0
570.5,0
570.75,0
571,0
571.25,0
571.5,0
571.75,0
572,0
572.25,0
572.5,0
572.75,0
573,0
573.25,0
573.5,0
573.75,0
574,0
574.25,0
574.5,0
574.75,0
575,0
575.25,0
575.5,0
575.75,0
576,0
576.25,0
576.5,0
576.75,0
577,0
577.25,0
577.5,0
577.75,0
578,0
578.25,0
578.5,0
578.75,0
579,0
579.25,0
579.5,0
579.75,0
580,0
580.25,0
580.5,0
580.75,0
581,0
581.25,0
581.5,0
581.75,0
582,0
582.25,0
582.5,0
582.75,0
583,0
583.25,0
583.5,0
583.75,0
584,0
584.25,0
584.5,0
584.75,0
585,0
585.25,0
585.5,0
585.75,0
586,0
586.25,0
586.5,0
586.75,0
587,0
587.25,0
587.5,0
587.75,0
588,0
588.25,0
588.5,0
588.75,0
589,0
589.25,0
589.5,0
589.75,0
590,0
590.25,0
590.5,0
590.75,0
591,0
591.25,0
591.5,0
591.75,0
592,0
592.25,0
592.5,0
592.75,0
593,0
593.25,0
593.5,0
593.75,0
594,0
594.25,0
594.5,0
594.75,0
595,0
595.25,0
595.5,0
595.75,0
596,0
596.25,0
596.5,0
596.75,0
597,0
597.25,0
597.5,0
597.75,0
598,0
598.25,0
598.5,0
598.75,0
599,0
599.25,0
599.5,0
599.75,0
